Genotype,Envir,Latitude,Longitude,D,Lat,Lon,D_spats_residuals,D_spats_geno_pred_values,D_spats_adj_pheno
BE10_6_A_GS,GS_2015_A,57.63,-5.35,15,57.63,-5.35,-2.39503243811743,24.5127518873016,22.1177194491841
BE2_26_A_GS,GS_2015_A,57.63,-5.35,14,57.63,-5.35,-2.89503243811743,24.0127518873016,21.1177194491841
BE4_10_A_GS,GS_2015_A,57.63,-5.35,28,57.63,-5.35,4.10496756188259,31.0127518873015,35.1177194491841
BE5_2_A_GS,GS_2015_A,57.63,-5.35,21,57.63,-5.35,0.604967561882585,27.5127518873015,28.1177194491841
BE7_29_A_GS,GS_2015_A,57.63,-5.35,21,57.63,-5.35,0.604967561882585,27.5127518873015,28.1177194491841
GA1_6_A_GS,GS_2015_A,57.27,-4.92,21,57.27,-4.92,-1.4263432859372,25.4814410394817,24.0550977535445
GA10_15_A_GS,GS_2015_A,57.27,-4.92,28,57.27,-4.92,2.07365671406281,28.9814410394817,31.0550977535445
GA6_15_A_GS,GS_2015_A,57.27,-4.92,21,57.27,-4.92,-1.4263432859372,25.4814410394817,24.0550977535445
GA9_6_A_GS,GS_2015_A,57.27,-4.92,35,57.27,-4.92,5.57365671406282,32.4814410394817,38.0550977535445
GL1_26_A_GS,GS_2015_A,56.91,-5.13,28,56.91,-5.13,1.53429332922755,28.4420776546465,29.976370983874
GL2_2_A_GS,GS_2015_A,56.91,-5.13,28,56.91,-5.13,1.53429332922755,28.4420776546465,29.976370983874
GL4_10_A_GS,GS_2015_A,56.91,-5.13,21,56.91,-5.13,-1.96570667077246,24.9420776546465,22.976370983874
GL5_6_A_GS,GS_2015_A,56.91,-5.13,21,56.91,-5.13,-1.96570667077246,24.9420776546465,22.976370983874
GL6_2_A_GS,GS_2015_A,56.91,-5.13,28,56.91,-5.13,1.53429332922755,28.4420776546465,29.976370983874
GL7_2_A_GS,GS_2015_A,56.91,-5.13,22,56.91,-5.13,-1.46570667077246,25.4420776546465,23.976370983874
GL8_29_A_GS,GS_2015_A,56.91,-5.13,21,56.91,-5.13,-1.96570667077246,24.9420776546465,22.976370983874
GT1_22_A_GS,GS_2015_A,57.05,-2.86,21,57.05,-2.86,-1.36532826662295,25.542456058796,24.1771277921731
GT5_6_A_GS,GS_2015_A,57.05,-2.86,13,57.05,-2.86,-5.36532826662296,21.542456058796,16.1771277921731
GT7_5_A_GS,GS_2015_A,57.05,-2.86,21,57.05,-2.86,-1.36532826662295,25.542456058796,24.1771277921731
GT8_29_A_GS,GS_2015_A,57.05,-2.86,28,57.05,-2.86,2.13467173337705,29.042456058796,31.1771277921731
GT9_9_A_GS,GS_2015_A,57.05,-2.86,35,57.05,-2.86,5.63467173337707,32.542456058796,38.1771277921731
RD1_6_A_GS,GS_2015_A,57.89,-4.98,19,57.89,-4.98,-1.24429221237904,25.6634921130399,24.4191999006609
RD5_5_A_GS,GS_2015_A,57.89,-4.98,28,57.89,-4.98,3.25570778762097,30.1634921130399,33.4191999006609
RD7_29_A_GS,GS_2015_A,57.89,-4.98,14,57.89,-4.98,-3.74429221237905,23.1634921130399,19.4191999006609
BE10_6_A_GS,GS_2016_A,57.63,-5.35,33,57.63,-5.35,2.09854976600648,19.3501491348998,21.4486989009063
BE2_26_A_GS,GS_2016_A,57.63,-5.35,12,57.63,-5.35,-8.40145023399347,8.85014913489978,0.44869890090631
BE4_10_A_GS,GS_2016_A,57.63,-5.35,33,57.63,-5.35,2.09854976600648,19.3501491348998,21.4486989009063
BE5_2_A_GS,GS_2016_A,57.63,-5.35,33,57.63,-5.35,2.09854976600648,19.3501491348998,21.4486989009063
BE7_29_A_GS,GS_2016_A,57.63,-5.35,33,57.63,-5.35,2.09854976600648,19.3501491348998,21.4486989009063
GA1_6_A_GS,GS_2016_A,57.27,-4.92,28,57.27,-4.92,2.27506319916788,19.5266625680613,21.8017257672291
GA10_15_A_GS,GS_2016_A,57.27,-4.92,21,57.27,-4.92,-1.2249368008321,16.0266625680613,14.8017257672291
GA6_15_A_GS,GS_2016_A,57.27,-4.92,21,57.27,-4.92,-1.2249368008321,16.0266625680613,14.8017257672291
GA9_6_A_GS,GS_2016_A,57.27,-4.92,21,57.27,-4.92,-1.2249368008321,16.0266625680613,14.8017257672291
GL1_26_A_GS,GS_2016_A,56.91,-5.13,12,56.91,-5.13,-5.45632270741959,11.7952766614737,6.33895395405413
GL2_2_A_GS,GS_2016_A,56.91,-5.13,28,56.91,-5.13,2.54367729258037,19.7952766614738,22.3389539540541
GL4_10_A_GS,GS_2016_A,56.91,-5.13,28,56.91,-5.13,2.54367729258037,19.7952766614738,22.3389539540541
GL5_6_A_GS,GS_2016_A,56.91,-5.13,21,56.91,-5.13,-0.956322707419609,16.2952766614737,15.3389539540541
GL6_2_A_GS,GS_2016_A,56.91,-5.13,12,56.91,-5.13,-5.45632270741959,11.7952766614737,6.33895395405413
GL7_2_A_GS,GS_2016_A,56.91,-5.13,33,56.91,-5.13,5.04367729258036,22.2952766614738,27.3389539540541
GL8_29_A_GS,GS_2016_A,56.91,-5.13,28,56.91,-5.13,2.54367729258037,19.7952766614738,22.3389539540541
GT1_22_A_GS,GS_2016_A,57.05,-2.86,28,57.05,-2.86,3.01907198646434,20.2706713553577,23.289743341822
GT5_6_A_GS,GS_2016_A,57.05,-2.86,7,57.05,-2.86,-7.48092801353562,9.77067135535766,2.28974334182203
GT7_5_A_GS,GS_2016_A,57.05,-2.86,21,57.05,-2.86,-0.480928013535646,16.7706713553577,16.289743341822
GT8_29_A_GS,GS_2016_A,57.05,-2.86,21,57.05,-2.86,-0.480928013535646,16.7706713553577,16.289743341822
GT9_9_A_GS,GS_2016_A,57.05,-2.86,33,57.05,-2.86,5.51907198646432,22.7706713553577,28.289743341822
RD1_6_A_GS,GS_2016_A,57.89,-4.98,28,57.89,-4.98,1.66863246430242,18.9202318331958,20.5888642974982
RD5_5_A_GS,GS_2016_A,57.89,-4.98,21,57.89,-4.98,-1.83136753569756,15.4202318331958,13.5888642974982
RD7_29_A_GS,GS_2016_A,57.89,-4.98,26,57.89,-4.98,0.668632464302423,17.9202318331958,18.5888642974982
BE10_6_A_GS,GS_2017_A,57.63,-5.35,32,57.63,-5.35,1.87180503101479,24.8547343101194,26.7265393411342
BE2_26_A_GS,GS_2017_A,57.63,-5.35,21,57.63,-5.35,-3.62819496898529,19.3547343101194,15.7265393411342
BE5_2_A_GS,GS_2017_A,57.63,-5.35,30,57.63,-5.35,0.87180503101478,23.8547343101194,24.7265393411342
BE7_29_A_GS,GS_2017_A,57.63,-5.35,30,57.63,-5.35,0.87180503101478,23.8547343101194,24.7265393411342
GA1_6_A_GS,GS_2017_A,57.27,-4.92,25,57.27,-4.92,-0.491748596612403,22.4911806824922,21.9994320858798
GA10_15_A_GS,GS_2017_A,57.27,-4.92,30,57.27,-4.92,2.00825140338764,24.9911806824921,26.9994320858798
GA6_15_A_GS,GS_2017_A,57.27,-4.92,23,57.27,-4.92,-1.49174859661242,21.4911806824922,19.9994320858798
GA9_6_A_GS,GS_2017_A,57.27,-4.92,21,57.27,-4.92,-2.49174859661243,20.4911806824922,17.9994320858798
GL1_26_A_GS,GS_2017_A,56.91,-5.13,28,56.91,-5.13,1.06001200357387,24.0429412826785,25.1029532862523
GL2_2_A_GS,GS_2017_A,56.91,-5.13,28,56.91,-5.13,1.06001200357387,24.0429412826785,25.1029532862523
GL4_10_A_GS,GS_2017_A,56.91,-5.13,21,56.91,-5.13,-2.43998799642618,20.5429412826785,18.1029532862523
GL5_6_A_GS,GS_2017_A,56.91,-5.13,23,56.91,-5.13,-1.43998799642617,21.5429412826785,20.1029532862523
GL6_2_A_GS,GS_2017_A,56.91,-5.13,28,56.91,-5.13,1.06001200357387,24.0429412826785,25.1029532862523
GL7_2_A_GS,GS_2017_A,56.91,-5.13,21,56.91,-5.13,-2.43998799642618,20.5429412826785,18.1029532862523
GL8_29_A_GS,GS_2017_A,56.91,-5.13,35,56.91,-5.13,4.56001200357392,27.5429412826784,32.1029532862523
GT1_22_A_GS,GS_2017_A,57.05,-2.86,30,57.05,-2.86,0.833613557815468,23.8165428369201,24.6501563947355
GT5_6_A_GS,GS_2017_A,57.05,-2.86,21,57.05,-2.86,-3.6663864421846,19.3165428369201,15.6501563947355
GT7_5_A_GS,GS_2017_A,57.05,-2.86,21,57.05,-2.86,-3.6663864421846,19.3165428369201,15.6501563947355
GT8_29_A_GS,GS_2017_A,57.05,-2.86,28,57.05,-2.86,-0.166386442184546,22.8165428369201,22.6501563947355
GT9_9_A_GS,GS_2017_A,57.05,-2.86,42,57.05,-2.86,6.83361355781561,29.81654283692,36.6501563947356
RD1_6_A_GS,GS_2017_A,57.89,-4.98,30,57.89,-4.98,2.13054081609711,25.1134700952017,27.2440109112988
RD5_5_A_GS,GS_2017_A,57.89,-4.98,21,57.89,-4.98,-2.36945918390295,20.6134700952017,18.2440109112988
RD7_29_A_GS,GS_2017_A,57.89,-4.98,28,57.89,-4.98,1.1305408160971,24.1134700952017,25.2440109112988
BE10_6_A_GS,GS_2018_A,57.63,-5.35,14,57.63,-5.35,-2.62761855624035,14.8298719428213,12.2022533865809
BE2_26_A_GS,GS_2018_A,57.63,-5.35,14,57.63,-5.35,-2.62761855624035,14.8298719428213,12.2022533865809
BE5_2_A_GS,GS_2018_A,57.63,-5.35,21,57.63,-5.35,0.872381443759664,18.3298719428213,19.2022533865809
BE7_29_A_GS,GS_2018_A,57.63,-5.35,28,57.63,-5.35,4.37238144375969,21.8298719428212,26.2022533865809
GA1_6_A_GS,GS_2018_A,57.27,-4.92,14,57.27,-4.92,-1.3804793627916,16.07701113627,14.6965317734784
GA10_15_A_GS,GS_2018_A,57.27,-4.92,14,57.27,-4.92,-1.3804793627916,16.07701113627,14.6965317734784
GA6_15_A_GS,GS_2018_A,57.27,-4.92,14,57.27,-4.92,-1.3804793627916,16.07701113627,14.6965317734784
GA9_6_A_GS,GS_2018_A,57.27,-4.92,21,57.27,-4.92,2.1195206372084,19.57701113627,21.6965317734784
GL1_26_A_GS,GS_2018_A,56.91,-5.13,21,56.91,-5.13,0.666268991016509,18.1237594900781,18.7900284810946
GL2_2_A_GS,GS_2018_A,56.91,-5.13,21,56.91,-5.13,0.666268991016509,18.1237594900781,18.7900284810946
GL4_10_A_GS,GS_2018_A,56.91,-5.13,14,56.91,-5.13,-2.83373100898351,14.6237594900781,11.7900284810946
GL5_6_A_GS,GS_2018_A,56.91,-5.13,21,56.91,-5.13,0.666268991016509,18.1237594900781,18.7900284810946
GL6_2_A_GS,GS_2018_A,56.91,-5.13,21,56.91,-5.13,0.666268991016509,18.1237594900781,18.7900284810946
GL7_2_A_GS,GS_2018_A,56.91,-5.13,14,56.91,-5.13,-2.83373100898351,14.6237594900781,11.7900284810946
GL8_29_A_GS,GS_2018_A,56.91,-5.13,28,56.91,-5.13,4.16626899101653,21.6237594900781,25.7900284810946
GT1_22_A_GS,GS_2018_A,57.05,-2.86,21,57.05,-2.86,-0.672450752413944,16.7850397466477,16.1125889942337
GT5_6_A_GS,GS_2018_A,57.05,-2.86,21,57.05,-2.86,-0.672450752413944,16.7850397466477,16.1125889942337
GT7_5_A_GS,GS_2018_A,57.05,-2.86,21,57.05,-2.86,-0.672450752413944,16.7850397466477,16.1125889942337
GT8_29_A_GS,GS_2018_A,57.05,-2.86,21,57.05,-2.86,-0.672450752413944,16.7850397466477,16.1125889942337
GT9_9_A_GS,GS_2018_A,57.05,-2.86,28,57.05,-2.86,2.82754924758607,20.2850397466476,23.1125889942337
RD1_6_A_GS,GS_2018_A,57.89,-4.98,21,57.89,-4.98,0.243587500368907,17.7010779994305,17.9446654997994
RD5_5_A_GS,GS_2018_A,57.89,-4.98,21,57.89,-4.98,0.243587500368907,17.7010779994305,17.9446654997994
RD7_29_A_GS,GS_2018_A,57.89,-4.98,21,57.89,-4.98,0.243587500368907,17.7010779994305,17.9446654997994
BE10_6_A_GS,GS_2019_A,57.63,-5.35,28,57.63,-5.35,1.75491848398369,13.6647285204576,15.4196470044413
BE2_26_A_GS,GS_2019_A,57.63,-5.35,14,57.63,-5.35,-5.24508151601646,6.66472852045772,1.41964700444126
BE5_2_A_GS,GS_2019_A,57.63,-5.35,28,57.63,-5.35,1.75491848398369,13.6647285204576,15.4196470044413
BE7_29_A_GS,GS_2019_A,57.63,-5.35,28,57.63,-5.35,1.75491848398369,13.6647285204576,15.4196470044413
GA1_6_A_GS,GS_2019_A,57.27,-4.92,21,57.27,-4.92,0.0744514998381156,11.9842615363121,12.0587130361502
GA10_15_A_GS,GS_2019_A,57.27,-4.92,28,57.27,-4.92,3.57445149983819,15.484261536312,19.0587130361502
GA6_15_A_GS,GS_2019_A,57.27,-4.92,28,57.27,-4.92,3.57445149983819,15.484261536312,19.0587130361502
GA9_6_A_GS,GS_2019_A,57.27,-4.92,14,57.27,-4.92,-3.42554850016196,8.48426153631216,5.0587130361502
GL1_26_A_GS,GS_2019_A,56.91,-5.13,21,56.91,-5.13,0.187693792240122,12.0975038287141,12.2851976209542
GL2_2_A_GS,GS_2019_A,56.91,-5.13,28,56.91,-5.13,3.68769379224019,15.597503828714,19.2851976209542
GL4_10_A_GS,GS_2019_A,56.91,-5.13,14,56.91,-5.13,-3.31230620775995,8.59750382871417,5.28519762095422
GL5_6_A_GS,GS_2019_A,56.91,-5.13,21,56.91,-5.13,0.187693792240122,12.0975038287141,12.2851976209542
GL6_2_A_GS,GS_2019_A,56.91,-5.13,21,56.91,-5.13,0.187693792240122,12.0975038287141,12.2851976209542
GL7_2_A_GS,GS_2019_A,56.91,-5.13,21,56.91,-5.13,0.187693792240122,12.0975038287141,12.2851976209542
GL8_29_A_GS,GS_2019_A,56.91,-5.13,14,56.91,-5.13,-3.31230620775995,8.59750382871417,5.28519762095422
GT1_22_A_GS,GS_2019_A,57.05,-2.86,28,57.05,-2.86,5.54825372435685,17.4580637608306,23.0063174851874
GT5_6_A_GS,GS_2019_A,57.05,-2.86,14,57.05,-2.86,-1.45174627564331,10.4580637608307,9.0063174851874
GT7_5_A_GS,GS_2019_A,57.05,-2.86,14,57.05,-2.86,-1.45174627564331,10.4580637608307,9.0063174851874
GT8_29_A_GS,GS_2019_A,57.05,-2.86,14,57.05,-2.86,-1.45174627564331,10.4580637608307,9.0063174851874
GT9_9_A_GS,GS_2019_A,57.05,-2.86,14,57.05,-2.86,-1.45174627564331,10.4580637608307,9.0063174851874
RD1_6_A_GS,GS_2019_A,57.89,-4.98,21,57.89,-4.98,1.87579829908461,13.7856083355585,15.6614066346431
RD5_5_A_GS,GS_2019_A,57.89,-4.98,14,57.89,-4.98,-1.62420170091546,10.2856083355586,8.66140663464313
RD7_29_A_GS,GS_2019_A,57.89,-4.98,14,57.89,-4.98,-1.62420170091546,10.2856083355586,8.66140663464313
BE2_3_C_GS,GS_2015_C,57.63,-5.35,21,57.63,-5.35,-0.705026445807864,28.7857557064584,28.0807292606505
BE3_10_C_GS,GS_2015_C,57.63,-5.35,28,57.63,-5.35,2.79497355419205,32.2857557064584,35.0807292606505
BE7_5_C_GS,GS_2015_C,57.63,-5.35,21,57.63,-5.35,-0.705026445807864,28.7857557064584,28.0807292606505
BE8_15_C_GS,GS_2015_C,57.63,-5.35,21,57.63,-5.35,-0.705026445807864,28.7857557064584,28.0807292606505
BE9_15_C_GS,GS_2015_C,57.63,-5.35,21,57.63,-5.35,-0.705026445807864,28.7857557064584,28.0807292606505
GA1_3_C_GS,GS_2015_C,57.27,-4.92,21,57.27,-4.92,-2.37029217266349,27.1204899796027,24.7501978069392
GA5_2_C_GS,GS_2015_C,57.27,-4.92,21,57.27,-4.92,-2.37029217266349,27.1204899796027,24.7501978069392
GA7_2_C_GS,GS_2015_C,57.27,-4.92,28,57.27,-4.92,1.12970782733642,30.6204899796027,31.7501978069392
GA8_15_C_GS,GS_2015_C,57.27,-4.92,21,57.27,-4.92,-2.37029217266349,27.1204899796027,24.7501978069392
GA9_15_C_GS,GS_2015_C,57.27,-4.92,28,57.27,-4.92,1.12970782733642,30.6204899796027,31.7501978069392
GL1_29_C_GS,GS_2015_C,56.91,-5.13,28,56.91,-5.13,0.827523177181764,30.3183053294481,31.1458285066299
GL2_3_C_GS,GS_2015_C,56.91,-5.13,28,56.91,-5.13,0.827523177181764,30.3183053294481,31.1458285066299
GL3_22_C_GS,GS_2015_C,56.91,-5.13,35,56.91,-5.13,4.32752317718168,33.8183053294482,38.1458285066299
GL4_6_C_GS,GS_2015_C,56.91,-5.13,15,56.91,-5.13,-5.67247682281807,23.8183053294479,18.1458285066299
GL5_5_C_GS,GS_2015_C,56.91,-5.13,21,56.91,-5.13,-2.67247682281815,26.818305329448,24.1458285066299
GL6_10_C_GS,GS_2015_C,56.91,-5.13,28,56.91,-5.13,0.827523177181764,30.3183053294481,31.1458285066299
GL8_22_C_GS,GS_2015_C,56.91,-5.13,35,56.91,-5.13,4.32752317718168,33.8183053294482,38.1458285066299
GT2_9_C_GS,GS_2015_C,57.05,-2.86,21,57.05,-2.86,-0.611581127115432,28.8792010251508,28.2676198980354
GT3_10_C_GS,GS_2015_C,57.05,-2.86,22,57.05,-2.86,-0.111581127115446,29.3792010251508,29.2676198980354
GT5_26_C_GS,GS_2015_C,57.05,-2.86,35,57.05,-2.86,6.38841887288439,35.879201025151,42.2676198980354
GT6_5_C_GS,GS_2015_C,57.05,-2.86,21,57.05,-2.86,-0.611581127115432,28.8792010251508,28.2676198980354
GT7_2_C_GS,GS_2015_C,57.05,-2.86,21,57.05,-2.86,-0.611581127115432,28.8792010251508,28.2676198980354
GT9_29_C_GS,GS_2015_C,57.05,-2.86,14,57.05,-2.86,-4.11158112711534,25.3792010251507,21.2676198980354
RD1_10_C_GS,GS_2015_C,57.89,-4.98,21,57.89,-4.98,-2.24951176931864,27.2412703829475,24.9917586136289
RD10_6_C_GS,GS_2015_C,57.89,-4.98,28,57.89,-4.98,1.25048823068128,30.7412703829476,31.9917586136289
RD2_2_C_GS,GS_2015_C,57.89,-4.98,35,57.89,-4.98,4.75048823068119,34.2412703829477,38.9917586136289
RD3_29_C_GS,GS_2015_C,57.89,-4.98,28,57.89,-4.98,1.25048823068128,30.7412703829476,31.9917586136289
RD5_10_C_GS,GS_2015_C,57.89,-4.98,21,57.89,-4.98,-2.24951176931864,27.2412703829475,24.9917586136289
RD7_5_C_GS,GS_2015_C,57.89,-4.98,28,57.89,-4.98,1.25048823068128,30.7412703829476,31.9917586136289
RD8_15_C_GS,GS_2015_C,57.89,-4.98,21,57.89,-4.98,-2.24951176931864,27.2412703829475,24.9917586136289
BE2_3_C_GS,GS_2016_C,57.63,-5.35,28,57.63,-5.35,-0.999797977894261,18.8490103770952,17.8492123992009
BE3_10_C_GS,GS_2016_C,57.63,-5.35,28,57.63,-5.35,-0.999797977894261,18.8490103770952,17.8492123992009
BE7_5_C_GS,GS_2016_C,57.63,-5.35,28,57.63,-5.35,-0.999797977894261,18.8490103770952,17.8492123992009
BE8_15_C_GS,GS_2016_C,57.63,-5.35,33,57.63,-5.35,1.50020202210574,21.3490103770952,22.8492123992009
BE9_15_C_GS,GS_2016_C,57.63,-5.35,33,57.63,-5.35,1.50020202210574,21.3490103770952,22.8492123992009
GA1_3_C_GS,GS_2016_C,57.27,-4.92,28,57.27,-4.92,1.173747284603,21.0225556395925,22.1963029241955
GA5_2_C_GS,GS_2016_C,57.27,-4.92,21,57.27,-4.92,-2.32625271539701,17.5225556395925,15.1963029241955
GA8_15_C_GS,GS_2016_C,57.27,-4.92,33,57.27,-4.92,3.673747284603,23.5225556395925,27.1963029241955
GA9_15_C_GS,GS_2016_C,57.27,-4.92,21,57.27,-4.92,-2.32625271539701,17.5225556395925,15.1963029241955
GL1_29_C_GS,GS_2016_C,56.91,-5.13,21,56.91,-5.13,-2.37317746195984,17.4756308930296,15.1024534310698
GL2_3_C_GS,GS_2016_C,56.91,-5.13,33,56.91,-5.13,3.62682253804016,23.4756308930296,27.1024534310698
GL3_22_C_GS,GS_2016_C,56.91,-5.13,9,56.91,-5.13,-8.37317746195985,11.4756308930296,3.10245343106976
GL4_6_C_GS,GS_2016_C,56.91,-5.13,28,56.91,-5.13,1.12682253804016,20.9756308930296,22.1024534310698
GL5_5_C_GS,GS_2016_C,56.91,-5.13,28,56.91,-5.13,1.12682253804016,20.9756308930296,22.1024534310698
GL6_10_C_GS,GS_2016_C,56.91,-5.13,33,56.91,-5.13,3.62682253804016,23.4756308930296,27.1024534310698
GL8_22_C_GS,GS_2016_C,56.91,-5.13,28,56.91,-5.13,1.12682253804016,20.9756308930296,22.1024534310698
GT2_9_C_GS,GS_2016_C,57.05,-2.86,28,57.05,-2.86,2.83111934414613,22.6799276991356,25.5110470432817
GT3_10_C_GS,GS_2016_C,57.05,-2.86,28,57.05,-2.86,2.83111934414613,22.6799276991356,25.5110470432817
GT5_26_C_GS,GS_2016_C,57.05,-2.86,17,57.05,-2.86,-2.66888065585387,17.1799276991356,14.5110470432817
GT6_5_C_GS,GS_2016_C,57.05,-2.86,21,57.05,-2.86,-0.668880655853872,19.1799276991356,18.5110470432817
GT7_2_C_GS,GS_2016_C,57.05,-2.86,28,57.05,-2.86,2.83111934414613,22.6799276991356,25.5110470432817
GT9_29_C_GS,GS_2016_C,57.05,-2.86,12,57.05,-2.86,-5.16888065585388,14.6799276991356,9.5110470432817
RD1_10_C_GS,GS_2016_C,57.89,-4.98,28,57.89,-4.98,0.904921153318913,20.7537295083084,21.6586506616273
RD10_6_C_GS,GS_2016_C,57.89,-4.98,21,57.89,-4.98,-2.59507884668109,17.2537295083084,14.6586506616273
RD2_2_C_GS,GS_2016_C,57.89,-4.98,33,57.89,-4.98,3.40492115331891,23.2537295083084,26.6586506616273
RD3_29_C_GS,GS_2016_C,57.89,-4.98,21,57.89,-4.98,-2.59507884668109,17.2537295083084,14.6586506616273
RD5_10_C_GS,GS_2016_C,57.89,-4.98,33,57.89,-4.98,3.40492115331891,23.2537295083084,26.6586506616273
RD7_5_C_GS,GS_2016_C,57.89,-4.98,21,57.89,-4.98,-2.59507884668109,17.2537295083084,14.6586506616273
BE2_3_C_GS,GS_2017_C,57.63,-5.35,21,57.63,-5.35,-2.50415127026447,30.823259388313,28.3191081180485
BE3_10_C_GS,GS_2017_C,57.63,-5.35,28,57.63,-5.35,0.995848729735489,34.323259388313,35.3191081180485
BE5_9_C_GS,GS_2017_C,57.63,-5.35,35,57.63,-5.35,4.49584872973544,37.823259388313,42.3191081180485
BE7_5_C_GS,GS_2017_C,57.63,-5.35,14,57.63,-5.35,-6.00415127026443,27.3232593883129,21.3191081180485
BE8_15_C_GS,GS_2017_C,57.63,-5.35,30,57.63,-5.35,1.99584872973547,35.323259388313,37.3191081180485
BE9_15_C_GS,GS_2017_C,57.63,-5.35,28,57.63,-5.35,0.995848729735489,34.323259388313,35.3191081180485
GA1_3_C_GS,GS_2017_C,57.27,-4.92,32,57.27,-4.92,1.43837935615787,34.7657900147354,36.2041693708932
GA5_2_C_GS,GS_2017_C,57.27,-4.92,21,57.27,-4.92,-4.06162064384207,29.2657900147353,25.2041693708932
GA7_2_C_GS,GS_2017_C,57.27,-4.92,32,57.27,-4.92,1.43837935615787,34.7657900147354,36.2041693708932
GA8_15_C_GS,GS_2017_C,57.27,-4.92,30,57.27,-4.92,0.438379356157878,33.7657900147354,34.2041693708932
GA9_15_C_GS,GS_2017_C,57.27,-4.92,21,57.27,-4.92,-4.06162064384207,29.2657900147353,25.2041693708932
GL1_29_C_GS,GS_2017_C,56.91,-5.13,21,56.91,-5.13,-4.1046136945461,29.2227969640313,25.1181832694852
GL2_3_C_GS,GS_2017_C,56.91,-5.13,42,56.91,-5.13,6.39538630545373,39.7227969640314,46.1181832694852
GL3_22_C_GS,GS_2017_C,56.91,-5.13,21,56.91,-5.13,-4.1046136945461,29.2227969640313,25.1181832694852
GL4_6_C_GS,GS_2017_C,56.91,-5.13,28,56.91,-5.13,-0.604613694546142,32.7227969640313,32.1181832694852
GL5_5_C_GS,GS_2017_C,56.91,-5.13,35,56.91,-5.13,2.89538630545378,36.2227969640314,39.1181832694851
GL6_10_C_GS,GS_2017_C,56.91,-5.13,35,56.91,-5.13,2.89538630545378,36.2227969640314,39.1181832694851
GL8_22_C_GS,GS_2017_C,56.91,-5.13,28,56.91,-5.13,-0.604613694546142,32.7227969640313,32.1181832694852
GT2_9_C_GS,GS_2017_C,57.05,-2.86,30,57.05,-2.86,1.88792657184703,35.2153372304245,37.1032638022716
GT3_10_C_GS,GS_2017_C,57.05,-2.86,25,57.05,-2.86,-0.612073428152939,32.7153372304245,32.1032638022716
GT5_26_C_GS,GS_2017_C,57.05,-2.86,36,57.05,-2.86,4.88792657184699,38.2153372304246,43.1032638022716
GT6_5_C_GS,GS_2017_C,57.05,-2.86,23,57.05,-2.86,-1.61207342815293,31.7153372304245,30.1032638022715
GT7_2_C_GS,GS_2017_C,57.05,-2.86,23,57.05,-2.86,-1.61207342815293,31.7153372304245,30.1032638022715
GT9_29_C_GS,GS_2017_C,57.05,-2.86,21,57.05,-2.86,-2.61207342815292,30.7153372304245,28.1032638022715
RD1_10_C_GS,GS_2017_C,57.89,-4.98,23,57.89,-4.98,-3.25175038977961,30.0756602687978,26.8239098790182
RD10_6_C_GS,GS_2017_C,57.89,-4.98,21,57.89,-4.98,-4.2517503897796,29.0756602687978,24.8239098790182
RD2_2_C_GS,GS_2017_C,57.89,-4.98,36,57.89,-4.98,3.24824961022033,36.5756602687979,39.8239098790182
RD3_29_C_GS,GS_2017_C,57.89,-4.98,28,57.89,-4.98,-0.751750389779641,32.5756602687978,31.8239098790182
RD5_10_C_GS,GS_2017_C,57.89,-4.98,30,57.89,-4.98,0.248249610220345,33.5756602687978,33.8239098790182
RD7_5_C_GS,GS_2017_C,57.89,-4.98,35,57.89,-4.98,2.74824961022035,36.0756602687979,38.8239098790182
RD8_15_C_GS,GS_2017_C,57.89,-4.98,37,57.89,-4.98,3.74824961022033,37.0756602687979,40.8239098790182
BE2_3_C_GS,GS_2018_C,57.63,-5.35,14,57.63,-5.35,-1.16478624855948,17.4412740675187,16.2764878189592
BE3_10_C_GS,GS_2018_C,57.63,-5.35,21,57.63,-5.35,2.3352137514405,20.9412740675187,23.2764878189592
BE5_9_C_GS,GS_2018_C,57.63,-5.35,21,57.63,-5.35,2.3352137514405,20.9412740675187,23.2764878189592
BE7_5_C_GS,GS_2018_C,57.63,-5.35,7,57.63,-5.35,-4.66478624855947,13.9412740675186,9.27648781895917
BE8_15_C_GS,GS_2018_C,57.63,-5.35,21,57.63,-5.35,2.3352137514405,20.9412740675187,23.2764878189592
BE9_15_C_GS,GS_2018_C,57.63,-5.35,14,57.63,-5.35,-1.16478624855948,17.4412740675187,16.2764878189592
GA1_3_C_GS,GS_2018_C,57.27,-4.92,14,57.27,-4.92,-1.66441070913372,16.9416496069444,15.2772388978107
GA5_2_C_GS,GS_2018_C,57.27,-4.92,14,57.27,-4.92,-1.66441070913372,16.9416496069444,15.2772388978107
GA7_2_C_GS,GS_2018_C,57.27,-4.92,21,57.27,-4.92,1.83558929086625,20.4416496069444,22.2772388978107
GA8_15_C_GS,GS_2018_C,57.27,-4.92,21,57.27,-4.92,1.83558929086625,20.4416496069444,22.2772388978107
GA9_15_C_GS,GS_2018_C,57.27,-4.92,21,57.27,-4.92,1.83558929086625,20.4416496069444,22.2772388978107
GL1_29_C_GS,GS_2018_C,56.91,-5.13,21,56.91,-5.13,1.8209002255579,20.426960541636,22.2478607671939
GL2_3_C_GS,GS_2018_C,56.91,-5.13,21,56.91,-5.13,1.8209002255579,20.426960541636,22.2478607671939
GL3_22_C_GS,GS_2018_C,56.91,-5.13,14,56.91,-5.13,-1.67909977444213,16.926960541636,15.2478607671939
GL4_6_C_GS,GS_2018_C,56.91,-5.13,14,56.91,-5.13,-1.67909977444213,16.926960541636,15.2478607671939
GL5_5_C_GS,GS_2018_C,56.91,-5.13,14,56.91,-5.13,-1.67909977444213,16.926960541636,15.2478607671939
GL6_10_C_GS,GS_2018_C,56.91,-5.13,14,56.91,-5.13,-1.67909977444213,16.926960541636,15.2478607671939
GL8_22_C_GS,GS_2018_C,56.91,-5.13,21,56.91,-5.13,1.8209002255579,20.426960541636,22.2478607671939
GT2_9_C_GS,GS_2018_C,57.05,-2.86,21,57.05,-2.86,1.72527067435296,20.3313309904311,22.0566016647841
GT3_10_C_GS,GS_2018_C,57.05,-2.86,14,57.05,-2.86,-1.77472932564704,16.8313309904311,15.056601664784
GT5_26_C_GS,GS_2018_C,57.05,-2.86,21,57.05,-2.86,1.72527067435296,20.3313309904311,22.0566016647841
GT6_5_C_GS,GS_2018_C,57.05,-2.86,21,57.05,-2.86,1.72527067435296,20.3313309904311,22.0566016647841
GT7_2_C_GS,GS_2018_C,57.05,-2.86,14,57.05,-2.86,-1.77472932564704,16.8313309904311,15.056601664784
GT9_29_C_GS,GS_2018_C,57.05,-2.86,14,57.05,-2.86,-1.77472932564704,16.8313309904311,15.056601664784
RD1_10_C_GS,GS_2018_C,57.89,-4.98,14,57.89,-4.98,-1.61245065542829,16.9936096606498,15.3811590052216
RD10_6_C_GS,GS_2018_C,57.89,-4.98,14,57.89,-4.98,-1.61245065542829,16.9936096606498,15.3811590052216
RD2_2_C_GS,GS_2018_C,57.89,-4.98,14,57.89,-4.98,-1.61245065542829,16.9936096606498,15.3811590052216
RD3_29_C_GS,GS_2018_C,57.89,-4.98,21,57.89,-4.98,1.88754934457169,20.4936096606499,22.3811590052215
RD5_10_C_GS,GS_2018_C,57.89,-4.98,14,57.89,-4.98,-1.61245065542829,16.9936096606498,15.3811590052216
RD7_5_C_GS,GS_2018_C,57.89,-4.98,21,57.89,-4.98,1.88754934457169,20.4936096606499,22.3811590052215
RD8_15_C_GS,GS_2018_C,57.89,-4.98,21,57.89,-4.98,1.88754934457169,20.4936096606499,22.3811590052215
BE2_3_C_GS,GS_2019_C,57.63,-5.35,21,57.63,-5.35,-1.16606130036369,23.5414602478834,22.3753989475198
BE3_10_C_GS,GS_2019_C,57.63,-5.35,14,57.63,-5.35,-4.66606130036367,20.0414602478834,15.3753989475198
BE5_9_C_GS,GS_2019_C,57.63,-5.35,28,57.63,-5.35,2.3339386996363,27.0414602478835,29.3753989475198
BE7_5_C_GS,GS_2019_C,57.63,-5.35,21,57.63,-5.35,-1.16606130036369,23.5414602478834,22.3753989475198
BE8_15_C_GS,GS_2019_C,57.63,-5.35,28,57.63,-5.35,2.3339386996363,27.0414602478835,29.3753989475198
BE9_15_C_GS,GS_2019_C,57.63,-5.35,28,57.63,-5.35,2.3339386996363,27.0414602478835,29.3753989475198
GA1_3_C_GS,GS_2019_C,57.27,-4.92,28,57.27,-4.92,2.24023002516174,26.9477515734089,29.1879815985706
GA5_2_C_GS,GS_2019_C,57.27,-4.92,14,57.27,-4.92,-4.75976997483823,19.9477515734089,15.1879815985706
GA7_2_C_GS,GS_2019_C,57.27,-4.92,28,57.27,-4.92,2.24023002516174,26.9477515734089,29.1879815985706
GA8_15_C_GS,GS_2019_C,57.27,-4.92,28,57.27,-4.92,2.24023002516174,26.9477515734089,29.1879815985706
GA9_15_C_GS,GS_2019_C,57.27,-4.92,21,57.27,-4.92,-1.25976997483825,23.4477515734089,22.1879815985706
GL1_29_C_GS,GS_2019_C,56.91,-5.13,21,56.91,-5.13,-1.05765790482709,23.64986364342,22.5922057385929
GL2_3_C_GS,GS_2019_C,56.91,-5.13,28,56.91,-5.13,2.44234209517289,27.14986364342,29.5922057385929
GL3_22_C_GS,GS_2019_C,56.91,-5.13,21,56.91,-5.13,-1.05765790482709,23.64986364342,22.5922057385929
GL4_6_C_GS,GS_2019_C,56.91,-5.13,14,56.91,-5.13,-4.55765790482707,20.14986364342,15.5922057385929
GL5_5_C_GS,GS_2019_C,56.91,-5.13,21,56.91,-5.13,-1.05765790482709,23.64986364342,22.5922057385929
GL6_10_C_GS,GS_2019_C,56.91,-5.13,28,56.91,-5.13,2.44234209517289,27.14986364342,29.5922057385929
GL8_22_C_GS,GS_2019_C,56.91,-5.13,28,56.91,-5.13,2.44234209517289,27.14986364342,29.5922057385929
GT2_9_C_GS,GS_2019_C,57.05,-2.86,21,57.05,-2.86,1.15870551144459,25.8662270596917,27.0249325711363
GT3_10_C_GS,GS_2019_C,57.05,-2.86,21,57.05,-2.86,1.15870551144459,25.8662270596917,27.0249325711363
GT5_26_C_GS,GS_2019_C,57.05,-2.86,14,57.05,-2.86,-2.3412944885554,22.3662270596917,20.0249325711363
GT6_5_C_GS,GS_2019_C,57.05,-2.86,21,57.05,-2.86,1.15870551144459,25.8662270596917,27.0249325711363
GT7_2_C_GS,GS_2019_C,57.05,-2.86,21,57.05,-2.86,1.15870551144459,25.8662270596917,27.0249325711363
GT9_29_C_GS,GS_2019_C,57.05,-2.86,14,57.05,-2.86,-2.3412944885554,22.3662270596917,20.0249325711363
RD1_10_C_GS,GS_2019_C,57.89,-4.98,28,57.89,-4.98,1.46379856307155,26.1713201113187,27.6351186743902
RD10_6_C_GS,GS_2019_C,57.89,-4.98,28,57.89,-4.98,1.46379856307155,26.1713201113187,27.6351186743902
RD2_2_C_GS,GS_2019_C,57.89,-4.98,21,57.89,-4.98,-2.03620143692844,22.6713201113187,20.6351186743902
RD3_29_C_GS,GS_2019_C,57.89,-4.98,28,57.89,-4.98,1.46379856307155,26.1713201113187,27.6351186743902
RD5_10_C_GS,GS_2019_C,57.89,-4.98,28,57.89,-4.98,1.46379856307155,26.1713201113187,27.6351186743902
RD7_5_C_GS,GS_2019_C,57.89,-4.98,14,57.89,-4.98,-5.53620143692842,19.1713201113186,13.6351186743902
RD8_15_C_GS,GS_2019_C,57.89,-4.98,28,57.89,-4.98,1.46379856307155,26.1713201113187,27.6351186743902
BE10_19_D_GS,GS_2015_D,57.63,-5.35,21,57.63,-5.35,-1.00209767766292,18.2280400978405,17.2259424201776
BE2_15_D_GS,GS_2015_D,57.63,-5.35,21,57.63,-5.35,-1.00209767766292,18.2280400978405,17.2259424201776
BE3_29_D_GS,GS_2015_D,57.63,-5.35,14,57.63,-5.35,-4.50209767766292,14.7280400978405,10.2259424201776
BE4_6_D_GS,GS_2015_D,57.63,-5.35,28,57.63,-5.35,2.49790232233707,21.7280400978405,24.2259424201776
BE7_26_D_GS,GS_2015_D,57.63,-5.35,28,57.63,-5.35,2.49790232233707,21.7280400978405,24.2259424201776
BE8_22_D_GS,GS_2015_D,57.63,-5.35,28,57.63,-5.35,2.49790232233707,21.7280400978405,24.2259424201776
BE9_29_D_GS,GS_2015_D,57.63,-5.35,21,57.63,-5.35,-1.00209767766292,18.2280400978405,17.2259424201776
GA1_26_D_GS,GS_2015_D,57.27,-4.92,15,57.27,-4.92,-2.97241868536229,16.2577190901412,13.2853004047789
GA3_29_D_GS,GS_2015_D,57.27,-4.92,21,57.27,-4.92,0.027581314637704,19.2577190901412,19.2853004047789
GA5_6_D_GS,GS_2015_D,57.27,-4.92,21,57.27,-4.92,0.027581314637704,19.2577190901412,19.2853004047789
GA6_5_D_GS,GS_2015_D,57.27,-4.92,21,57.27,-4.92,0.027581314637704,19.2577190901412,19.2853004047789
GA7_26_D_GS,GS_2015_D,57.27,-4.92,21,57.27,-4.92,0.027581314637704,19.2577190901412,19.2853004047789
GA8_29_D_GS,GS_2015_D,57.27,-4.92,21,57.27,-4.92,0.027581314637704,19.2577190901412,19.2853004047789
GL3_26_D_GS,GS_2015_D,56.91,-5.13,21,56.91,-5.13,-1.07367210956531,18.1564656659381,17.0827935563728
GL4_3_D_GS,GS_2015_D,56.91,-5.13,28,56.91,-5.13,2.42632789043469,21.6564656659381,24.0827935563728
GL6_15_D_GS,GS_2015_D,56.91,-5.13,21,56.91,-5.13,-1.07367210956531,18.1564656659381,17.0827935563728
GL7_15_D_GS,GS_2015_D,56.91,-5.13,21,56.91,-5.13,-1.07367210956531,18.1564656659381,17.0827935563728
GL8_15_D_GS,GS_2015_D,56.91,-5.13,28,56.91,-5.13,2.42632789043469,21.6564656659381,24.0827935563728
GT2_26_D_GS,GS_2015_D,57.05,-2.86,21,57.05,-2.86,-1.10229816675977,18.1278396087437,17.0255414419839
GT6_29_D_GS,GS_2015_D,57.05,-2.86,21,57.05,-2.86,-1.10229816675977,18.1278396087437,17.0255414419839
GT8_22_D_GS,GS_2015_D,57.05,-2.86,28,57.05,-2.86,2.39770183324023,21.6278396087437,24.0255414419839
RD10_10_D_GS,GS_2015_D,57.89,-4.98,21,57.89,-4.98,-0.495924849345823,18.7342129261576,18.2382880768118
RD2_9_D_GS,GS_2015_D,57.89,-4.98,28,57.89,-4.98,3.00407515065417,22.2342129261576,25.2382880768118
RD3_2_D_GS,GS_2015_D,57.89,-4.98,21,57.89,-4.98,-0.495924849345823,18.7342129261576,18.2382880768118
RD5_6_D_GS,GS_2015_D,57.89,-4.98,28,57.89,-4.98,3.00407515065417,22.2342129261576,25.2382880768118
RD8_22_D_GS,GS_2015_D,57.89,-4.98,21,57.89,-4.98,-0.495924849345823,18.7342129261576,18.2382880768118
RD9_6_D_GS,GS_2015_D,57.89,-4.98,15,57.89,-4.98,-3.49592484934582,15.7342129261576,12.2382880768118
BE10_19_D_GS,GS_2016_D,57.63,-5.35,28,57.63,-5.35,0.283949613586412,24.1380084519679,24.4219580655543
BE2_15_D_GS,GS_2016_D,57.63,-5.35,21,57.63,-5.35,-3.2160503864136,20.6380084519679,17.4219580655543
BE3_29_D_GS,GS_2016_D,57.63,-5.35,33,57.63,-5.35,2.78394961358642,26.6380084519679,29.4219580655543
BE4_6_D_GS,GS_2016_D,57.63,-5.35,28,57.63,-5.35,0.283949613586412,24.1380084519679,24.4219580655543
BE7_26_D_GS,GS_2016_D,57.63,-5.35,28,57.63,-5.35,0.283949613586412,24.1380084519679,24.4219580655543
BE8_22_D_GS,GS_2016_D,57.63,-5.35,21,57.63,-5.35,-3.2160503864136,20.6380084519679,17.4219580655543
BE9_29_D_GS,GS_2016_D,57.63,-5.35,33,57.63,-5.35,2.78394961358642,26.6380084519679,29.4219580655543
GA1_26_D_GS,GS_2016_D,57.27,-4.92,28,57.27,-4.92,1.15386640322883,25.0079252416103,26.1617916448391
GA3_29_D_GS,GS_2016_D,57.27,-4.92,28,57.27,-4.92,1.15386640322883,25.0079252416103,26.1617916448391
GA5_6_D_GS,GS_2016_D,57.27,-4.92,21,57.27,-4.92,-2.34613359677119,21.5079252416103,19.1617916448391
GA6_5_D_GS,GS_2016_D,57.27,-4.92,21,57.27,-4.92,-2.34613359677119,21.5079252416103,19.1617916448391
GL3_26_D_GS,GS_2016_D,56.91,-5.13,21,56.91,-5.13,-2.32547653867291,21.5285822997086,19.2031057610357
GL4_3_D_GS,GS_2016_D,56.91,-5.13,21,56.91,-5.13,-2.32547653867291,21.5285822997086,19.2031057610357
GL6_15_D_GS,GS_2016_D,56.91,-5.13,28,56.91,-5.13,1.1745234613271,25.0285822997086,26.2031057610357
GL7_15_D_GS,GS_2016_D,56.91,-5.13,28,56.91,-5.13,1.1745234613271,25.0285822997086,26.2031057610357
GL8_15_D_GS,GS_2016_D,56.91,-5.13,33,56.91,-5.13,3.67452346132711,27.5285822997085,31.2031057610357
GT2_26_D_GS,GS_2016_D,57.05,-2.86,12,57.05,-2.86,-2.94584997509221,20.9082088632893,17.9623588881971
GT6_29_D_GS,GS_2016_D,57.05,-2.86,21,57.05,-2.86,1.5541500249078,25.4082088632893,26.9623588881971
GT8_22_D_GS,GS_2016_D,57.05,-2.86,21,57.05,-2.86,1.5541500249078,25.4082088632893,26.9623588881971
RD10_10_D_GS,GS_2016_D,57.89,-4.98,33,57.89,-4.98,2.87236394212586,26.7264227805073,29.5987867226332
RD2_9_D_GS,GS_2016_D,57.89,-4.98,21,57.89,-4.98,-3.12763605787416,20.7264227805073,17.5987867226332
RD3_2_D_GS,GS_2016_D,57.89,-4.98,28,57.89,-4.98,0.372363942125851,24.2264227805073,24.5987867226332
RD5_6_D_GS,GS_2016_D,57.89,-4.98,28,57.89,-4.98,0.372363942125851,24.2264227805073,24.5987867226332
RD8_22_D_GS,GS_2016_D,57.89,-4.98,28,57.89,-4.98,0.372363942125851,24.2264227805073,24.5987867226332
BE10_19_D_GS,GS_2017_D,57.63,-5.35,35,57.63,-5.35,3.06807722883939,34.0410675292932,37.1091447581326
BE2_15_D_GS,GS_2017_D,57.63,-5.35,23,57.63,-5.35,-2.93192277116055,28.0410675292932,25.1091447581326
BE3_29_D_GS,GS_2017_D,57.63,-5.35,32,57.63,-5.35,1.5680772288394,32.5410675292932,34.1091447581326
BE4_6_D_GS,GS_2017_D,57.63,-5.35,42,57.63,-5.35,6.56807722883934,37.5410675292932,44.1091447581326
BE7_26_D_GS,GS_2017_D,57.63,-5.35,21,57.63,-5.35,-3.93192277116054,27.0410675292931,23.1091447581326
BE8_22_D_GS,GS_2017_D,57.63,-5.35,21,57.63,-5.35,-3.93192277116054,27.0410675292931,23.1091447581326
BE9_29_D_GS,GS_2017_D,57.63,-5.35,28,57.63,-5.35,-0.431922771160579,30.5410675292932,30.1091447581326
GA1_26_D_GS,GS_2017_D,57.27,-4.92,32,57.27,-4.92,1.63877973053486,32.6117700309887,34.2505497615235
GA10_22_D_GS,GS_2017_D,57.27,-4.92,37,57.27,-4.92,4.13877973053479,35.1117700309887,39.2505497615235
GA3_29_D_GS,GS_2017_D,57.27,-4.92,14,57.27,-4.92,-7.36122026946505,23.6117700309886,16.2505497615235
GA5_6_D_GS,GS_2017_D,57.27,-4.92,16,57.27,-4.92,-6.36122026946506,24.6117700309886,18.2505497615235
GA6_5_D_GS,GS_2017_D,57.27,-4.92,28,57.27,-4.92,-0.361220269465122,30.6117700309886,30.2505497615235
GA7_26_D_GS,GS_2017_D,57.27,-4.92,35,57.27,-4.92,3.13877973053485,34.1117700309887,37.2505497615235
GA8_29_D_GS,GS_2017_D,57.27,-4.92,30,57.27,-4.92,0.638779730534868,31.6117700309887,32.2505497615235
GL3_26_D_GS,GS_2017_D,56.91,-5.13,28,56.91,-5.13,0.321355867253445,31.2943461677072,31.6157020349607
GL4_3_D_GS,GS_2017_D,56.91,-5.13,28,56.91,-5.13,0.321355867253445,31.2943461677072,31.6157020349607
GL6_15_D_GS,GS_2017_D,56.91,-5.13,35,56.91,-5.13,3.82135586725341,34.7943461677073,38.6157020349607
GL7_15_D_GS,GS_2017_D,56.91,-5.13,30,56.91,-5.13,1.32135586725343,32.2943461677072,33.6157020349607
GL8_15_D_GS,GS_2017_D,56.91,-5.13,21,56.91,-5.13,-3.17864413274652,27.7943461677072,24.6157020349607
GT2_26_D_GS,GS_2017_D,57.05,-2.86,18,57.05,-2.86,-3.89716203831578,27.0758282621379,23.1786662238221
GT6_29_D_GS,GS_2017_D,57.05,-2.86,25,57.05,-2.86,-0.397162038315816,30.5758282621379,30.1786662238221
GT8_22_D_GS,GS_2017_D,57.05,-2.86,35,57.05,-2.86,4.60283796168412,35.575828262138,40.1786662238221
RD10_10_D_GS,GS_2017_D,57.89,-4.98,35,57.89,-4.98,1.77278467717695,32.7457749776307,34.5185596548077
RD2_9_D_GS,GS_2017_D,57.89,-4.98,36,57.89,-4.98,2.27278467717694,33.2457749776307,35.5185596548077
RD3_2_D_GS,GS_2017_D,57.89,-4.98,30,57.89,-4.98,-0.727215322823071,30.2457749776307,29.5185596548076
RD5_6_D_GS,GS_2017_D,57.89,-4.98,28,57.89,-4.98,-1.72721532282306,29.2457749776307,27.5185596548076
RD8_22_D_GS,GS_2017_D,57.89,-4.98,35,57.89,-4.98,1.77278467717695,32.7457749776307,34.5185596548077
RD9_6_D_GS,GS_2017_D,57.89,-4.98,28,57.89,-4.98,-1.72721532282306,29.2457749776307,27.5185596548076
BE10_19_D_GS,GS_2018_D,57.63,-5.35,14,57.63,-5.35,-2.00105360574579,14.0196151185393,12.0185615127935
BE2_15_D_GS,GS_2018_D,57.63,-5.35,14,57.63,-5.35,-2.00105360574579,14.0196151185393,12.0185615127935
BE3_29_D_GS,GS_2018_D,57.63,-5.35,14,57.63,-5.35,-2.00105360574579,14.0196151185393,12.0185615127935
BE4_6_D_GS,GS_2018_D,57.63,-5.35,21,57.63,-5.35,1.49894639425419,17.5196151185393,19.0185615127935
BE7_26_D_GS,GS_2018_D,57.63,-5.35,21,57.63,-5.35,1.49894639425419,17.5196151185393,19.0185615127935
BE8_22_D_GS,GS_2018_D,57.63,-5.35,21,57.63,-5.35,1.49894639425419,17.5196151185393,19.0185615127935
BE9_29_D_GS,GS_2018_D,57.63,-5.35,21,57.63,-5.35,1.49894639425419,17.5196151185393,19.0185615127935
GA1_26_D_GS,GS_2018_D,57.27,-4.92,14,57.27,-4.92,-1.7033853436987,14.3172833805864,12.6138980368877
GA10_22_D_GS,GS_2018_D,57.27,-4.92,28,57.27,-4.92,5.29661465630129,21.3172833805865,26.6138980368878
GA3_29_D_GS,GS_2018_D,57.27,-4.92,14,57.27,-4.92,-1.7033853436987,14.3172833805864,12.6138980368877
GA5_6_D_GS,GS_2018_D,57.27,-4.92,7,57.27,-4.92,-5.20338534369869,10.8172833805864,5.61389803688774
GA6_5_D_GS,GS_2018_D,57.27,-4.92,21,57.27,-4.92,1.7966146563013,17.8172833805865,19.6138980368878
GA7_26_D_GS,GS_2018_D,57.27,-4.92,21,57.27,-4.92,1.7966146563013,17.8172833805865,19.6138980368878
GA8_29_D_GS,GS_2018_D,57.27,-4.92,14,57.27,-4.92,-1.7033853436987,14.3172833805864,12.6138980368877
GL3_26_D_GS,GS_2018_D,56.91,-5.13,14,56.91,-5.13,-1.93609448374322,14.0845742405419,12.1484797567987
GL4_3_D_GS,GS_2018_D,56.91,-5.13,21,56.91,-5.13,1.56390551625675,17.5845742405419,19.1484797567987
GL6_15_D_GS,GS_2018_D,56.91,-5.13,21,56.91,-5.13,1.56390551625675,17.5845742405419,19.1484797567987
GL7_15_D_GS,GS_2018_D,56.91,-5.13,14,56.91,-5.13,-1.93609448374322,14.0845742405419,12.1484797567987
GL8_15_D_GS,GS_2018_D,56.91,-5.13,21,56.91,-5.13,1.56390551625675,17.5845742405419,19.1484797567987
GT2_26_D_GS,GS_2018_D,57.05,-2.86,14,57.05,-2.86,0.0323305255763593,16.0529992498615,16.0853297754379
GT6_29_D_GS,GS_2018_D,57.05,-2.86,14,57.05,-2.86,0.0323305255763593,16.0529992498615,16.0853297754379
GT8_22_D_GS,GS_2018_D,57.05,-2.86,14,57.05,-2.86,0.0323305255763593,16.0529992498615,16.0853297754379
RD10_10_D_GS,GS_2018_D,57.89,-4.98,21,57.89,-4.98,1.83575891468312,17.8564276389683,19.6921865536514
RD2_9_D_GS,GS_2018_D,57.89,-4.98,21,57.89,-4.98,1.83575891468312,17.8564276389683,19.6921865536514
RD3_2_D_GS,GS_2018_D,57.89,-4.98,14,57.89,-4.98,-1.6642410853169,14.3564276389683,12.6921865536514
RD5_6_D_GS,GS_2018_D,57.89,-4.98,14,57.89,-4.98,-1.6642410853169,14.3564276389683,12.6921865536514
RD8_22_D_GS,GS_2018_D,57.89,-4.98,14,57.89,-4.98,-1.6642410853169,14.3564276389683,12.6921865536514
RD9_6_D_GS,GS_2018_D,57.89,-4.98,21,57.89,-4.98,1.83575891468312,17.8564276389683,19.6921865536514
BE10_19_D_GS,GS_2019_D,57.63,-5.35,28,57.63,-5.35,2.50281140169361,24.7589345749653,27.261745976659
BE2_15_D_GS,GS_2019_D,57.63,-5.35,21,57.63,-5.35,-0.997188598306348,21.2589345749653,20.261745976659
BE3_29_D_GS,GS_2019_D,57.63,-5.35,21,57.63,-5.35,-0.997188598306348,21.2589345749653,20.261745976659
BE4_6_D_GS,GS_2019_D,57.63,-5.35,21,57.63,-5.35,-0.997188598306348,21.2589345749653,20.261745976659
BE7_26_D_GS,GS_2019_D,57.63,-5.35,21,57.63,-5.35,-0.997188598306348,21.2589345749653,20.261745976659
BE8_22_D_GS,GS_2019_D,57.63,-5.35,21,57.63,-5.35,-0.997188598306348,21.2589345749653,20.261745976659
BE9_29_D_GS,GS_2019_D,57.63,-5.35,28,57.63,-5.35,2.50281140169361,24.7589345749653,27.261745976659
GA1_26_D_GS,GS_2019_D,57.27,-4.92,28,57.27,-4.92,2.5427057531392,24.7988289264109,27.3415346795501
GA10_22_D_GS,GS_2019_D,57.27,-4.92,21,57.27,-4.92,-0.957294246860762,21.2988289264109,20.3415346795501
GA3_29_D_GS,GS_2019_D,57.27,-4.92,21,57.27,-4.92,-0.957294246860762,21.2988289264109,20.3415346795501
GA5_6_D_GS,GS_2019_D,57.27,-4.92,28,57.27,-4.92,2.5427057531392,24.7988289264109,27.3415346795501
GA6_5_D_GS,GS_2019_D,57.27,-4.92,14,57.27,-4.92,-4.45729424686072,17.7988289264108,13.3415346795501
GA7_26_D_GS,GS_2019_D,57.27,-4.92,28,57.27,-4.92,2.5427057531392,24.7988289264109,27.3415346795501
GA8_29_D_GS,GS_2019_D,57.27,-4.92,28,57.27,-4.92,2.5427057531392,24.7988289264109,27.3415346795501
GL3_26_D_GS,GS_2019_D,56.91,-5.13,21,56.91,-5.13,-1.13735927587508,21.1187638973965,19.9814046215214
GL4_3_D_GS,GS_2019_D,56.91,-5.13,28,56.91,-5.13,2.36264072412488,24.6187638973966,26.9814046215214
GL6_15_D_GS,GS_2019_D,56.91,-5.13,21,56.91,-5.13,-1.13735927587508,21.1187638973965,19.9814046215214
GL7_15_D_GS,GS_2019_D,56.91,-5.13,21,56.91,-5.13,-1.13735927587508,21.1187638973965,19.9814046215214
GL8_15_D_GS,GS_2019_D,56.91,-5.13,21,56.91,-5.13,-1.13735927587508,21.1187638973965,19.9814046215214
GT2_26_D_GS,GS_2019_D,57.05,-2.86,14,57.05,-2.86,-3.58626955076107,18.6698536225105,15.0835840717495
GT6_29_D_GS,GS_2019_D,57.05,-2.86,28,57.05,-2.86,3.41373044923885,25.6698536225106,29.0835840717495
GT8_22_D_GS,GS_2019_D,57.05,-2.86,21,57.05,-2.86,-0.0862695507611093,22.1698536225106,22.0835840717495
RD10_10_D_GS,GS_2019_D,57.89,-4.98,21,57.89,-4.98,-0.812169175362065,21.4439539979096,20.6317848225476
RD2_9_D_GS,GS_2019_D,57.89,-4.98,21,57.89,-4.98,-0.812169175362065,21.4439539979096,20.6317848225476
RD3_2_D_GS,GS_2019_D,57.89,-4.98,21,57.89,-4.98,-0.812169175362065,21.4439539979096,20.6317848225476
RD5_6_D_GS,GS_2019_D,57.89,-4.98,21,57.89,-4.98,-0.812169175362065,21.4439539979096,20.6317848225476
RD8_22_D_GS,GS_2019_D,57.89,-4.98,21,57.89,-4.98,-0.812169175362065,21.4439539979096,20.6317848225476
RD9_6_D_GS,GS_2019_D,57.89,-4.98,28,57.89,-4.98,2.6878308246379,24.9439539979097,27.6317848225476
BE10_22_B_GS,GS_2015_B,57.63,-5.35,25,57.63,-5.35,-0.998962725293168,19.7771575553753,18.7781948300821
BE5_5_B_GS,GS_2015_B,57.63,-5.35,28,57.63,-5.35,0.501037274706835,21.2771575553753,21.7781948300821
BE8_5_B_GS,GS_2015_B,57.63,-5.35,28,57.63,-5.35,0.501037274706835,21.2771575553753,21.7781948300821
GA3_22_B_GS,GS_2015_B,57.27,-4.92,21,57.27,-4.92,-1.97986029474036,18.7962599859281,16.8163996911877
GA5_9_B_GS,GS_2015_B,57.27,-4.92,21,57.27,-4.92,-1.97986029474036,18.7962599859281,16.8163996911877
GA6_3_B_GS,GS_2015_B,57.27,-4.92,28,57.27,-4.92,1.52013970525964,22.2962599859281,23.8163996911877
GA7_15_B_GS,GS_2015_B,57.27,-4.92,28,57.27,-4.92,1.52013970525964,22.2962599859281,23.8163996911877
GA9_29_B_GS,GS_2015_B,57.27,-4.92,28,57.27,-4.92,1.52013970525964,22.2962599859281,23.8163996911877
GL1_22_B_GS,GS_2015_B,56.91,-5.13,28,56.91,-5.13,1.05140598268961,21.827526263358,22.8789322460476
GL2_15_B_GS,GS_2015_B,56.91,-5.13,21,56.91,-5.13,-2.4485940173104,18.3275262633581,15.8789322460476
GL3_10_B_GS,GS_2015_B,56.91,-5.13,28,56.91,-5.13,1.05140598268961,21.827526263358,22.8789322460476
GT1_6_B_GS,GS_2015_B,57.05,-2.86,21,57.05,-2.86,-0.942615438941381,19.833504841727,18.8908894027857
GT2_2_B_GS,GS_2015_B,57.05,-2.86,28,57.05,-2.86,2.55738456105863,23.333504841727,25.8908894027857
GT3_2_B_GS,GS_2015_B,57.05,-2.86,21,57.05,-2.86,-0.942615438941381,19.833504841727,18.8908894027857
GT5_2_B_GS,GS_2015_B,57.05,-2.86,28,57.05,-2.86,2.55738456105863,23.333504841727,25.8908894027857
GT6_10_B_GS,GS_2015_B,57.05,-2.86,21,57.05,-2.86,-0.942615438941381,19.833504841727,18.8908894027857
GT7_22_B_GS,GS_2015_B,57.05,-2.86,21,57.05,-2.86,-0.942615438941381,19.833504841727,18.8908894027857
GT8_5_B_GS,GS_2015_B,57.05,-2.86,15,57.05,-2.86,-3.94261543894139,16.8335048417271,12.8908894027857
GT9_15_B_GS,GS_2015_B,57.05,-2.86,28,57.05,-2.86,2.55738456105863,23.333504841727,25.8908894027857
RD10_22_B_GS,GS_2015_B,57.89,-4.98,28,57.89,-4.98,2.05657904260691,22.8326993232753,24.8892783658822
RD3_26_B_GS,GS_2015_B,57.89,-4.98,28,57.89,-4.98,2.05657904260691,22.8326993232753,24.8892783658822
RD7_15_B_GS,GS_2015_B,57.89,-4.98,21,57.89,-4.98,-1.4434209573931,19.3326993232753,17.8892783658822
RD8_29_B_GS,GS_2015_B,57.89,-4.98,21,57.89,-4.98,-1.4434209573931,19.3326993232753,17.8892783658822
RD9_5_B_GS,GS_2015_B,57.89,-4.98,21,57.89,-4.98,-1.4434209573931,19.3326993232753,17.8892783658822
BE8_5_B_GS,GS_2016_B,57.63,-5.35,26,57.63,-5.35,0.0211573814451391,33.4259677973492,33.4471251787943
GA3_22_B_GS,GS_2016_B,57.27,-4.92,28,57.27,-4.92,0.0168333012129018,33.421643717117,33.4384770183299
GA5_9_B_GS,GS_2016_B,57.27,-4.92,33,57.27,-4.92,2.51683330121282,35.9216437171171,38.4384770183299
GA6_3_B_GS,GS_2016_B,57.27,-4.92,28,57.27,-4.92,0.0168333012129018,33.421643717117,33.4384770183299
GA7_15_B_GS,GS_2016_B,57.27,-4.92,33,57.27,-4.92,2.51683330121282,35.9216437171171,38.4384770183299
GA9_29_B_GS,GS_2016_B,57.27,-4.92,26,57.27,-4.92,-0.983166698787063,32.4216437171169,31.4384770183299
GL1_22_B_GS,GS_2016_B,56.91,-5.13,21,56.91,-5.13,-2.28366069559912,31.1211497203048,28.8374890247056
GL2_15_B_GS,GS_2016_B,56.91,-5.13,21,56.91,-5.13,-2.28366069559912,31.1211497203048,28.8374890247056
GL3_10_B_GS,GS_2016_B,56.91,-5.13,30,56.91,-5.13,2.21633930440073,35.6211497203049,37.8374890247057
GT1_6_B_GS,GS_2016_B,57.05,-2.86,28,57.05,-2.86,2.88882283879682,36.2936332547011,39.1824560934979
GT2_2_B_GS,GS_2016_B,57.05,-2.86,28,57.05,-2.86,2.88882283879682,36.2936332547011,39.1824560934979
GT3_2_B_GS,GS_2016_B,57.05,-2.86,28,57.05,-2.86,2.88882283879682,36.2936332547011,39.1824560934979
GT5_2_B_GS,GS_2016_B,57.05,-2.86,12,57.05,-2.86,-5.11117716120291,28.2936332547008,23.1824560934979
GT7_22_B_GS,GS_2016_B,57.05,-2.86,21,57.05,-2.86,-0.611177161203063,32.7936332547009,32.1824560934979
GT8_5_B_GS,GS_2016_B,57.05,-2.86,26,57.05,-2.86,1.88882283879685,35.293633254701,37.1824560934979
GT9_15_B_GS,GS_2016_B,57.05,-2.86,12,57.05,-2.86,-5.11117716120291,28.2936332547008,23.1824560934979
RD3_26_B_GS,GS_2016_B,57.89,-4.98,28,57.89,-4.98,-1.61902541807427,31.7857849978297,30.1667595797554
RD7_15_B_GS,GS_2016_B,57.89,-4.98,33,57.89,-4.98,0.880974581925663,34.2857849978297,35.1667595797554
RD8_29_B_GS,GS_2016_B,57.89,-4.98,28,57.89,-4.98,-1.61902541807427,31.7857849978297,30.1667595797554
RD9_5_B_GS,GS_2016_B,57.89,-4.98,33,57.89,-4.98,0.880974581925663,34.2857849978297,35.1667595797554
BE10_22_B_GS,GS_2017_B,57.63,-5.35,30,57.63,-5.35,-1.49766336229109,22.1971316925337,20.6994683302426
BE3_22_B_GS,GS_2017_B,57.63,-5.35,37,57.63,-5.35,2.00233663770885,25.6971316925338,27.6994683302426
BE5_5_B_GS,GS_2017_B,57.63,-5.35,35,57.63,-5.35,1.00233663770887,24.6971316925337,25.6994683302426
BE8_5_B_GS,GS_2017_B,57.63,-5.35,30,57.63,-5.35,-1.49766336229109,22.1971316925337,20.6994683302426
GA3_22_B_GS,GS_2017_B,57.27,-4.92,30,57.27,-4.92,1.06084682757239,24.7556418823973,25.8164887099697
GA5_9_B_GS,GS_2017_B,57.27,-4.92,21,57.27,-4.92,-3.43915317242754,20.2556418823972,16.8164887099697
GA6_3_B_GS,GS_2017_B,57.27,-4.92,28,57.27,-4.92,0.060846827572405,23.7556418823973,23.8164887099697
GA7_15_B_GS,GS_2017_B,57.27,-4.92,43,57.27,-4.92,7.5608468275722,31.2556418823974,38.8164887099696
GA9_29_B_GS,GS_2017_B,57.27,-4.92,21,57.27,-4.92,-3.43915317242754,20.2556418823972,16.8164887099697
GL1_22_B_GS,GS_2017_B,56.91,-5.13,28,56.91,-5.13,0.820474272845555,24.5152693276705,25.335743600516
GL2_15_B_GS,GS_2017_B,56.91,-5.13,21,56.91,-5.13,-2.67952572715438,21.0152693276704,18.335743600516
GL3_10_B_GS,GS_2017_B,56.91,-5.13,28,56.91,-5.13,0.820474272845555,24.5152693276705,25.335743600516
GT1_6_B_GS,GS_2017_B,57.05,-2.86,23,57.05,-2.86,-1.14036452840042,22.5544305264244,21.414065998024
GT2_2_B_GS,GS_2017_B,57.05,-2.86,28,57.05,-2.86,1.35963547159954,25.0544305264245,26.414065998024
GT3_2_B_GS,GS_2017_B,57.05,-2.86,23,57.05,-2.86,-1.14036452840042,22.5544305264244,21.414065998024
GT5_2_B_GS,GS_2017_B,57.05,-2.86,35,57.05,-2.86,4.85963547159949,28.5544305264245,33.414065998024
GT6_10_B_GS,GS_2017_B,57.05,-2.86,21,57.05,-2.86,-2.1403645284004,21.5544305264244,19.414065998024
GT7_22_B_GS,GS_2017_B,57.05,-2.86,21,57.05,-2.86,-2.1403645284004,21.5544305264244,19.414065998024
GT8_5_B_GS,GS_2017_B,57.05,-2.86,30,57.05,-2.86,2.35963547159953,26.0544305264245,28.414065998024
GT9_15_B_GS,GS_2017_B,57.05,-2.86,21,57.05,-2.86,-2.1403645284004,21.5544305264244,19.414065998024
RD10_22_B_GS,GS_2017_B,57.89,-4.98,30,57.89,-4.98,-0.430417456005284,23.2643775988195,22.8339601428143
RD3_26_B_GS,GS_2017_B,57.89,-4.98,32,57.89,-4.98,0.569582543994699,24.2643775988196,24.8339601428143
RD7_15_B_GS,GS_2017_B,57.89,-4.98,28,57.89,-4.98,-1.43041745600527,22.2643775988195,20.8339601428143
RD8_29_B_GS,GS_2017_B,57.89,-4.98,28,57.89,-4.98,-1.43041745600527,22.2643775988195,20.8339601428143
RD9_5_B_GS,GS_2017_B,57.89,-4.98,35,57.89,-4.98,2.06958254399472,25.7643775988196,27.8339601428143
BE10_22_B_GS,GS_2018_B,57.63,-5.35,14,57.63,-5.35,-2.62804717691928,15.732710404699,13.1046632277797
BE3_22_B_GS,GS_2018_B,57.63,-5.35,21,57.63,-5.35,0.871952823080726,19.232710404699,20.1046632277797
BE5_5_B_GS,GS_2018_B,57.63,-5.35,21,57.63,-5.35,0.871952823080726,19.232710404699,20.1046632277797
BE8_5_B_GS,GS_2018_B,57.63,-5.35,21,57.63,-5.35,0.871952823080726,19.232710404699,20.1046632277797
GA3_22_B_GS,GS_2018_B,57.27,-4.92,21,57.27,-4.92,1.62942464280129,19.9901822244195,21.6196068672208
GA5_9_B_GS,GS_2018_B,57.27,-4.92,14,57.27,-4.92,-1.87057535719873,16.4901822244195,14.6196068672208
GA6_3_B_GS,GS_2018_B,57.27,-4.92,14,57.27,-4.92,-1.87057535719873,16.4901822244195,14.6196068672208
GA7_15_B_GS,GS_2018_B,57.27,-4.92,21,57.27,-4.92,1.62942464280129,19.9901822244195,21.6196068672208
GA9_29_B_GS,GS_2018_B,57.27,-4.92,14,57.27,-4.92,-1.87057535719873,16.4901822244195,14.6196068672208
GL1_22_B_GS,GS_2018_B,56.91,-5.13,21,56.91,-5.13,0.451464712820005,18.8122222944382,19.2636870072582
GL2_15_B_GS,GS_2018_B,56.91,-5.13,21,56.91,-5.13,0.451464712820005,18.8122222944382,19.2636870072582
GL3_10_B_GS,GS_2018_B,56.91,-5.13,21,56.91,-5.13,0.451464712820005,18.8122222944382,19.2636870072582
GT1_6_B_GS,GS_2018_B,57.05,-2.86,14,57.05,-2.86,-2.16746333100916,16.1932942506091,14.0258309195999
GT2_2_B_GS,GS_2018_B,57.05,-2.86,28,57.05,-2.86,4.83253666899084,23.1932942506091,28.0258309196
GT3_2_B_GS,GS_2018_B,57.05,-2.86,14,57.05,-2.86,-2.16746333100916,16.1932942506091,14.0258309195999
GT5_2_B_GS,GS_2018_B,57.05,-2.86,21,57.05,-2.86,1.33253666899084,19.6932942506091,21.0258309195999
GT6_10_B_GS,GS_2018_B,57.05,-2.86,14,57.05,-2.86,-2.16746333100916,16.1932942506091,14.0258309195999
GT7_22_B_GS,GS_2018_B,57.05,-2.86,14,57.05,-2.86,-2.16746333100916,16.1932942506091,14.0258309195999
GT8_5_B_GS,GS_2018_B,57.05,-2.86,21,57.05,-2.86,1.33253666899084,19.6932942506091,21.0258309195999
GT9_15_B_GS,GS_2018_B,57.05,-2.86,21,57.05,-2.86,1.33253666899084,19.6932942506091,21.0258309195999
RD10_22_B_GS,GS_2018_B,57.89,-4.98,28,57.89,-4.98,3.67007560065733,22.0308331822756,25.7009087829329
RD3_26_B_GS,GS_2018_B,57.89,-4.98,14,57.89,-4.98,-3.32992439934268,15.0308331822756,11.7009087829329
RD7_15_B_GS,GS_2018_B,57.89,-4.98,21,57.89,-4.98,0.170075600657324,18.5308331822756,18.7009087829329
RD8_29_B_GS,GS_2018_B,57.89,-4.98,21,57.89,-4.98,0.170075600657324,18.5308331822756,18.7009087829329
RD9_5_B_GS,GS_2018_B,57.89,-4.98,21,57.89,-4.98,0.170075600657324,18.5308331822756,18.7009087829329
BE10_22_B_GS,GS_2019_B,57.63,-5.35,28,57.63,-5.35,1.75021290413433,21.3897777267279,23.1399906308622
BE3_22_B_GS,GS_2019_B,57.63,-5.35,21,57.63,-5.35,-1.74978709586564,17.8897777267279,16.1399906308622
BE5_5_B_GS,GS_2019_B,57.63,-5.35,28,57.63,-5.35,1.75021290413433,21.3897777267279,23.1399906308622
BE8_5_B_GS,GS_2019_B,57.63,-5.35,21,57.63,-5.35,-1.74978709586564,17.8897777267279,16.1399906308622
GA3_22_B_GS,GS_2019_B,57.27,-4.92,28,57.27,-4.92,3.53287877331185,23.1724435959055,26.7053223692173
GA5_9_B_GS,GS_2019_B,57.27,-4.92,28,57.27,-4.92,3.53287877331185,23.1724435959055,26.7053223692173
GA6_3_B_GS,GS_2019_B,57.27,-4.92,21,57.27,-4.92,0.0328787733118894,19.6724435959054,19.7053223692173
GA7_15_B_GS,GS_2019_B,57.27,-4.92,14,57.27,-4.92,-3.46712122668808,16.1724435959054,12.7053223692173
GA9_29_B_GS,GS_2019_B,57.27,-4.92,14,57.27,-4.92,-3.46712122668808,16.1724435959054,12.7053223692173
GL1_22_B_GS,GS_2019_B,56.91,-5.13,21,56.91,-5.13,1.13512314080201,20.7746879633955,21.9098111041975
GL2_15_B_GS,GS_2019_B,56.91,-5.13,28,56.91,-5.13,4.63512314080197,24.2746879633956,28.9098111041975
GL3_10_B_GS,GS_2019_B,56.91,-5.13,7,56.91,-5.13,-5.86487685919792,13.7746879633955,7.90981110419753
GT1_6_B_GS,GS_2019_B,57.05,-2.86,28,57.05,-2.86,1.7486000518571,21.3881648744507,23.1367649263078
GT2_2_B_GS,GS_2019_B,57.05,-2.86,28,57.05,-2.86,1.7486000518571,21.3881648744507,23.1367649263078
GT3_2_B_GS,GS_2019_B,57.05,-2.86,28,57.05,-2.86,1.7486000518571,21.3881648744507,23.1367649263078
GT5_2_B_GS,GS_2019_B,57.05,-2.86,21,57.05,-2.86,-1.75139994814286,17.8881648744506,16.1367649263078
GT6_10_B_GS,GS_2019_B,57.05,-2.86,28,57.05,-2.86,1.7486000518571,21.3881648744507,23.1367649263078
GT7_22_B_GS,GS_2019_B,57.05,-2.86,21,57.05,-2.86,-1.75139994814286,17.8881648744506,16.1367649263078
GT8_5_B_GS,GS_2019_B,57.05,-2.86,28,57.05,-2.86,1.7486000518571,21.3881648744507,23.1367649263078
GT9_15_B_GS,GS_2019_B,57.05,-2.86,14,57.05,-2.86,-5.25139994814283,14.3881648744506,9.13676492630775
RD10_22_B_GS,GS_2019_B,57.89,-4.98,21,57.89,-4.98,-1.41188306407129,18.2276817585222,16.8157986944509
RD3_26_B_GS,GS_2019_B,57.89,-4.98,28,57.89,-4.98,2.08811693592867,21.7276817585222,23.8157986944509
RD7_15_B_GS,GS_2019_B,57.89,-4.98,21,57.89,-4.98,-1.41188306407129,18.2276817585222,16.8157986944509
RD8_29_B_GS,GS_2019_B,57.89,-4.98,21,57.89,-4.98,-1.41188306407129,18.2276817585222,16.8157986944509
RD9_5_B_GS,GS_2019_B,57.89,-4.98,28,57.89,-4.98,2.08811693592867,21.7276817585222,23.8157986944509
BE2_1_C_YA,YA_2015_C,57.63,-5.35,17,57.63,-5.35,-1.21058469257073,14.5215386198579,13.3109539272872
BE3_20_C_YA,YA_2015_C,57.63,-5.35,21,57.63,-5.35,0.789415307429266,16.5215386198579,17.3109539272872
BE4_23_C_YA,YA_2015_C,57.63,-5.35,21,57.63,-5.35,0.789415307429266,16.5215386198579,17.3109539272872
BE5_19_C_YA,YA_2015_C,57.63,-5.35,14,57.63,-5.35,-2.71058469257073,13.0215386198579,10.3109539272872
BE7_6_C_YA,YA_2015_C,57.63,-5.35,21,57.63,-5.35,0.789415307429266,16.5215386198579,17.3109539272872
BE8_19_C_YA,YA_2015_C,57.63,-5.35,21,57.63,-5.35,0.789415307429266,16.5215386198579,17.3109539272872
BE9_21_C_YA,YA_2015_C,57.63,-5.35,21,57.63,-5.35,0.789415307429266,16.5215386198579,17.3109539272872
GA10_27_C_YA,YA_2015_C,57.27,-4.92,27,57.27,-4.92,4.08350833334666,19.8156316457753,23.899139979122
GA3_27_C_YA,YA_2015_C,57.27,-4.92,20,57.27,-4.92,0.583508333346671,16.3156316457753,16.899139979122
GA5_23_C_YA,YA_2015_C,57.27,-4.92,17,57.27,-4.92,-0.916491666653329,14.8156316457753,13.899139979122
GA6_27_C_YA,YA_2015_C,57.27,-4.92,17,57.27,-4.92,-0.916491666653329,14.8156316457753,13.899139979122
GA7_23_C_YA,YA_2015_C,57.27,-4.92,21,57.27,-4.92,1.08350833334667,16.8156316457753,17.899139979122
GA9_12_C_YA,YA_2015_C,57.27,-4.92,21,57.27,-4.92,1.08350833334667,16.8156316457753,17.899139979122
GL2_1_C_YA,YA_2015_C,56.91,-5.13,31,56.91,-5.13,5.32424585540803,21.0563691678367,26.3806150232447
GL3_12_C_YA,YA_2015_C,56.91,-5.13,17,56.91,-5.13,-1.67575414459196,14.0563691678367,12.3806150232447
GL4_5_C_YA,YA_2015_C,56.91,-5.13,7,56.91,-5.13,-6.67575414459197,9.05636916783664,2.38061502324467
GL7_10_C_YA,YA_2015_C,56.91,-5.13,14,56.91,-5.13,-3.17575414459196,12.5563691678367,9.38061502324469
GL8_19_C_YA,YA_2015_C,56.91,-5.13,27,56.91,-5.13,3.32424585540803,19.0563691678367,22.3806150232447
GT2_18_C_YA,YA_2015_C,57.05,-2.86,21,57.05,-2.86,3.41482394313567,19.1469472555643,22.5617711987
GT6_30_C_YA,YA_2015_C,57.05,-2.86,7,57.05,-2.86,-3.58517605686432,12.1469472555643,8.56177119869998
GT7_12_C_YA,YA_2015_C,57.05,-2.86,7,57.05,-2.86,-3.58517605686432,12.1469472555643,8.56177119869998
GT8_19_C_YA,YA_2015_C,57.05,-2.86,21,57.05,-2.86,3.41482394313567,19.1469472555643,22.5617711987
RD1_23_C_YA,YA_2015_C,57.89,-4.98,7,57.89,-4.98,-5.13458036694378,10.5975429454848,5.46296257854107
RD2_22_C_YA,YA_2015_C,57.89,-4.98,21,57.89,-4.98,1.8654196330562,17.5975429454849,19.4629625785411
RD3_4_C_YA,YA_2015_C,57.89,-4.98,17,57.89,-4.98,-0.134580366943805,15.5975429454849,15.4629625785411
RD5_30_C_YA,YA_2015_C,57.89,-4.98,27,57.89,-4.98,4.86541963305619,20.5975429454849,25.4629625785411
RD7_12_C_YA,YA_2015_C,57.89,-4.98,14,57.89,-4.98,-1.63458036694379,14.0975429454849,12.4629625785411
RD9_18_C_YA,YA_2015_C,57.89,-4.98,14,57.89,-4.98,-1.63458036694379,14.0975429454849,12.4629625785411
BE2_1_C_YA,YA_2016_C,57.63,-5.35,17,57.63,-5.35,-1.93074657942082,16.0844820296525,14.1537354502317
BE3_20_C_YA,YA_2016_C,57.63,-5.35,24,57.63,-5.35,1.56925342057916,19.5844820296525,21.1537354502317
BE4_23_C_YA,YA_2016_C,57.63,-5.35,24,57.63,-5.35,1.56925342057916,19.5844820296525,21.1537354502317
BE5_19_C_YA,YA_2016_C,57.63,-5.35,9,57.63,-5.35,-5.93074657942081,12.0844820296525,6.15373545023168
BE7_6_C_YA,YA_2016_C,57.63,-5.35,17,57.63,-5.35,-1.93074657942082,16.0844820296525,14.1537354502317
BE8_19_C_YA,YA_2016_C,57.63,-5.35,24,57.63,-5.35,1.56925342057916,19.5844820296525,21.1537354502317
BE9_21_C_YA,YA_2016_C,57.63,-5.35,31,57.63,-5.35,5.06925342057914,23.0844820296525,28.1537354502317
GA10_27_C_YA,YA_2016_C,57.27,-4.92,24,57.27,-4.92,2.51013355260333,20.5253621616767,23.03549571428
GA3_27_C_YA,YA_2016_C,57.27,-4.92,17,57.27,-4.92,-0.989866447396651,17.0253621616767,16.03549571428
GA5_23_C_YA,YA_2016_C,57.27,-4.92,17,57.27,-4.92,-0.989866447396651,17.0253621616767,16.03549571428
GA6_27_C_YA,YA_2016_C,57.27,-4.92,9,57.27,-4.92,-4.98986644739663,13.0253621616767,8.03549571428004
GA7_23_C_YA,YA_2016_C,57.27,-4.92,24,57.27,-4.92,2.51013355260333,20.5253621616767,23.03549571428
GA9_12_C_YA,YA_2016_C,57.27,-4.92,17,57.27,-4.92,-0.989866447396651,17.0253621616767,16.03549571428
GL2_1_C_YA,YA_2016_C,56.91,-5.13,17,56.91,-5.13,-0.561619894965258,17.4536087141081,16.8919888191428
GL3_12_C_YA,YA_2016_C,56.91,-5.13,19,56.91,-5.13,0.438380105034735,18.4536087141081,18.8919888191428
GL4_5_C_YA,YA_2016_C,56.91,-5.13,17,56.91,-5.13,-0.561619894965258,17.4536087141081,16.8919888191428
GL7_10_C_YA,YA_2016_C,56.91,-5.13,17,56.91,-5.13,-0.561619894965258,17.4536087141081,16.8919888191428
GL8_19_C_YA,YA_2016_C,56.91,-5.13,24,56.91,-5.13,2.93838010503473,20.9536087141081,23.8919888191428
GT2_18_C_YA,YA_2016_C,57.05,-2.86,17,57.05,-2.86,0.175059358389483,18.1902879674628,18.3653473258523
GT6_30_C_YA,YA_2016_C,57.05,-2.86,9,57.05,-2.86,-3.82494064161052,14.1902879674628,10.3653473258523
GT7_12_C_YA,YA_2016_C,57.05,-2.86,17,57.05,-2.86,0.175059358389483,18.1902879674628,18.3653473258523
GT8_19_C_YA,YA_2016_C,57.05,-2.86,24,57.05,-2.86,3.67505935838947,21.6902879674628,25.3653473258523
RD1_23_C_YA,YA_2016_C,57.89,-4.98,19,57.89,-4.98,-0.906285536401427,17.1089430726719,16.2026575362705
RD2_22_C_YA,YA_2016_C,57.89,-4.98,19,57.89,-4.98,-0.906285536401427,17.1089430726719,16.2026575362705
RD3_4_C_YA,YA_2016_C,57.89,-4.98,24,57.89,-4.98,1.59371446359857,19.608943072672,21.2026575362705
RD5_30_C_YA,YA_2016_C,57.89,-4.98,24,57.89,-4.98,1.59371446359857,19.608943072672,21.2026575362705
RD7_12_C_YA,YA_2016_C,57.89,-4.98,17,57.89,-4.98,-1.90628553640142,16.1089430726719,14.2026575362705
RD9_18_C_YA,YA_2016_C,57.89,-4.98,24,57.89,-4.98,1.59371446359857,19.608943072672,21.2026575362705
BE2_1_C_YA,YA_2017_C,57.63,-5.35,14,57.63,-5.35,-2.85782200988425,23.094690277662,20.2368682677777
BE3_20_C_YA,YA_2017_C,57.63,-5.35,20,57.63,-5.35,0.142177990115755,26.094690277662,26.2368682677777
BE4_23_C_YA,YA_2017_C,57.63,-5.35,20,57.63,-5.35,0.142177990115755,26.094690277662,26.2368682677777
BE5_19_C_YA,YA_2017_C,57.63,-5.35,16,57.63,-5.35,-1.85782200988425,24.094690277662,22.2368682677777
BE7_6_C_YA,YA_2017_C,57.63,-5.35,21,57.63,-5.35,0.642177990115755,26.594690277662,27.2368682677777
BE8_19_C_YA,YA_2017_C,57.63,-5.35,21,57.63,-5.35,0.642177990115755,26.594690277662,27.2368682677777
BE9_21_C_YA,YA_2017_C,57.63,-5.35,26,57.63,-5.35,3.14217799011576,29.094690277662,32.2368682677777
GA10_27_C_YA,YA_2017_C,57.27,-4.92,26,57.27,-4.92,2.18038111831752,28.1328934058637,30.3132745241813
GA3_27_C_YA,YA_2017_C,57.27,-4.92,21,57.27,-4.92,-0.319618881682491,25.6328934058637,25.3132745241813
GA5_23_C_YA,YA_2017_C,57.27,-4.92,21,57.27,-4.92,-0.319618881682491,25.6328934058637,25.3132745241813
GA6_27_C_YA,YA_2017_C,57.27,-4.92,14,57.27,-4.92,-3.8196188816825,22.1328934058637,18.3132745241813
GA7_23_C_YA,YA_2017_C,57.27,-4.92,26,57.27,-4.92,2.18038111831752,28.1328934058637,30.3132745241813
GA9_12_C_YA,YA_2017_C,57.27,-4.92,20,57.27,-4.92,-0.819618881682491,25.1328934058637,24.3132745241813
GL2_1_C_YA,YA_2017_C,56.91,-5.13,15,56.91,-5.13,-2.79434674112281,23.1581655464234,20.3638188053006
GL3_12_C_YA,YA_2017_C,56.91,-5.13,21,56.91,-5.13,0.205653258877202,26.1581655464234,26.3638188053006
GL4_5_C_YA,YA_2017_C,56.91,-5.13,21,56.91,-5.13,0.205653258877202,26.1581655464234,26.3638188053006
GL7_10_C_YA,YA_2017_C,56.91,-5.13,21,56.91,-5.13,0.205653258877202,26.1581655464234,26.3638188053006
GL8_19_C_YA,YA_2017_C,56.91,-5.13,26,56.91,-5.13,2.70565325887721,28.6581655464234,31.3638188053006
GT2_18_C_YA,YA_2017_C,57.05,-2.86,20,57.05,-2.86,-0.984369842457049,24.9681424450892,23.9837726026321
GT6_30_C_YA,YA_2017_C,57.05,-2.86,21,57.05,-2.86,-0.484369842457042,25.4681424450892,24.9837726026321
GT7_12_C_YA,YA_2017_C,57.05,-2.86,21,57.05,-2.86,-0.484369842457042,25.4681424450892,24.9837726026321
GT8_19_C_YA,YA_2017_C,57.05,-2.86,26,57.05,-2.86,2.01563015754297,27.9681424450892,29.9837726026321
RD1_23_C_YA,YA_2017_C,57.89,-4.98,21,57.89,-4.98,-1.11138659421429,24.8411256933319,23.7297390991176
RD2_22_C_YA,YA_2017_C,57.89,-4.98,26,57.89,-4.98,1.38861340578572,27.3411256933319,28.7297390991176
RD3_4_C_YA,YA_2017_C,57.89,-4.98,26,57.89,-4.98,1.38861340578572,27.3411256933319,28.7297390991176
RD5_30_C_YA,YA_2017_C,57.89,-4.98,20,57.89,-4.98,-1.6113865942143,24.3411256933319,22.7297390991176
RD7_12_C_YA,YA_2017_C,57.89,-4.98,21,57.89,-4.98,-1.11138659421429,24.8411256933319,23.7297390991176
RD9_18_C_YA,YA_2017_C,57.89,-4.98,26,57.89,-4.98,1.38861340578572,27.3411256933319,28.7297390991176
BE2_1_C_YA,YA_2018_C,57.63,-5.35,14,57.63,-5.35,-1.57222799576257,11.1122568770264,9.54002888126387
BE3_20_C_YA,YA_2018_C,57.63,-5.35,20,57.63,-5.35,1.42777200423743,14.1122568770264,15.5400288812639
BE4_23_C_YA,YA_2018_C,57.63,-5.35,20,57.63,-5.35,1.42777200423743,14.1122568770264,15.5400288812639
BE5_19_C_YA,YA_2018_C,57.63,-5.35,20,57.63,-5.35,1.42777200423743,14.1122568770264,15.5400288812639
BE7_6_C_YA,YA_2018_C,57.63,-5.35,13,57.63,-5.35,-2.07222799576257,10.6122568770264,8.54002888126387
BE8_19_C_YA,YA_2018_C,57.63,-5.35,20,57.63,-5.35,1.42777200423743,14.1122568770264,15.5400288812639
BE9_21_C_YA,YA_2018_C,57.63,-5.35,13,57.63,-5.35,-2.07222799576257,10.6122568770264,8.54002888126387
GA10_27_C_YA,YA_2018_C,57.27,-4.92,13,57.27,-4.92,-1.18003862052172,11.5044462522673,10.3244076317456
GA3_27_C_YA,YA_2018_C,57.27,-4.92,17,57.27,-4.92,0.819961379478261,13.5044462522673,14.3244076317456
GA5_23_C_YA,YA_2018_C,57.27,-4.92,20,57.27,-4.92,2.31996137947826,15.0044462522673,17.3244076317456
GA6_27_C_YA,YA_2018_C,57.27,-4.92,14,57.27,-4.92,-0.680038620521721,12.0044462522673,11.3244076317456
GA7_23_C_YA,YA_2018_C,57.27,-4.92,13,57.27,-4.92,-1.18003862052172,11.5044462522673,10.3244076317456
GA9_12_C_YA,YA_2018_C,57.27,-4.92,13,57.27,-4.92,-1.18003862052172,11.5044462522673,10.3244076317456
GL2_1_C_YA,YA_2018_C,56.91,-5.13,13,56.91,-5.13,-1.27563653798632,11.4088483348027,10.1332117968164
GL3_12_C_YA,YA_2018_C,56.91,-5.13,20,56.91,-5.13,2.22436346201366,14.9088483348027,17.1332117968163
GL4_5_C_YA,YA_2018_C,56.91,-5.13,13,56.91,-5.13,-1.27563653798632,11.4088483348027,10.1332117968164
GL7_10_C_YA,YA_2018_C,56.91,-5.13,13,56.91,-5.13,-1.27563653798632,11.4088483348027,10.1332117968164
GL8_19_C_YA,YA_2018_C,56.91,-5.13,20,56.91,-5.13,2.22436346201366,14.9088483348027,17.1332117968163
GT2_18_C_YA,YA_2018_C,57.05,-2.86,13,57.05,-2.86,-0.856601887869243,11.8278829849198,10.9712810970505
GT6_30_C_YA,YA_2018_C,57.05,-2.86,20,57.05,-2.86,2.64339811213074,15.3278829849198,17.9712810970505
GT7_12_C_YA,YA_2018_C,57.05,-2.86,13,57.05,-2.86,-0.856601887869243,11.8278829849198,10.9712810970505
GT8_19_C_YA,YA_2018_C,57.05,-2.86,13,57.05,-2.86,-0.856601887869243,11.8278829849198,10.9712810970505
RD1_23_C_YA,YA_2018_C,57.89,-4.98,13,57.89,-4.98,-1.10159701085476,11.5828878619343,10.4812908510795
RD2_22_C_YA,YA_2018_C,57.89,-4.98,20,57.89,-4.98,2.39840298914527,15.0828878619343,17.4812908510795
RD3_4_C_YA,YA_2018_C,57.89,-4.98,20,57.89,-4.98,2.39840298914527,15.0828878619343,17.4812908510795
RD5_30_C_YA,YA_2018_C,57.89,-4.98,13,57.89,-4.98,-1.10159701085476,11.5828878619343,10.4812908510795
RD7_12_C_YA,YA_2018_C,57.89,-4.98,13,57.89,-4.98,-1.10159701085476,11.5828878619343,10.4812908510795
RD9_18_C_YA,YA_2018_C,57.89,-4.98,13,57.89,-4.98,-1.10159701085476,11.5828878619343,10.4812908510795
BE2_1_C_YA,YA_2019_C,57.63,-5.35,17.5,57.63,-5.35,0.64500988093366,18.3239418894826,18.9689517704163
BE3_20_C_YA,YA_2019_C,57.63,-5.35,13,57.63,-5.35,-1.60499011906634,16.0739418894826,14.4689517704163
BE4_23_C_YA,YA_2019_C,57.63,-5.35,20,57.63,-5.35,1.89500988093366,19.5739418894826,21.4689517704163
BE5_19_C_YA,YA_2019_C,57.63,-5.35,13,57.63,-5.35,-1.60499011906634,16.0739418894826,14.4689517704163
BE7_6_C_YA,YA_2019_C,57.63,-5.35,16.5,57.63,-5.35,0.14500988093366,17.8239418894826,17.9689517704163
BE8_19_C_YA,YA_2019_C,57.63,-5.35,13,57.63,-5.35,-1.60499011906634,16.0739418894826,14.4689517704163
BE9_21_C_YA,YA_2019_C,57.63,-5.35,20.5,57.63,-5.35,2.14500988093366,19.8239418894826,21.9689517704163
GA10_27_C_YA,YA_2019_C,57.27,-4.92,28,57.27,-4.92,4.60981885937463,22.2887508679236,26.8985697272982
GA3_27_C_YA,YA_2019_C,57.27,-4.92,15.5,57.27,-4.92,-1.64018114062538,16.0387508679236,14.3985697272982
GA5_23_C_YA,YA_2019_C,57.27,-4.92,24,57.27,-4.92,2.60981885937463,20.2887508679236,22.8985697272982
GA6_27_C_YA,YA_2019_C,57.27,-4.92,18,57.27,-4.92,-0.390181140625376,17.2887508679236,16.8985697272982
GA7_23_C_YA,YA_2019_C,57.27,-4.92,13,57.27,-4.92,-2.89018114062537,14.7887508679236,11.8985697272982
GA9_12_C_YA,YA_2019_C,57.27,-4.92,20,57.27,-4.92,0.609818859374624,18.2887508679236,18.8985697272982
GL2_1_C_YA,YA_2019_C,56.91,-5.13,20,56.91,-5.13,-0.784893433567795,16.8940385749812,16.1091451414134
GL3_12_C_YA,YA_2019_C,56.91,-5.13,24,56.91,-5.13,1.21510656643221,18.8940385749811,20.1091451414134
GL4_5_C_YA,YA_2019_C,56.91,-5.13,20.5,56.91,-5.13,-0.534893433567795,17.1440385749812,16.6091451414134
GL7_10_C_YA,YA_2019_C,56.91,-5.13,13,56.91,-5.13,-4.2848934335678,13.3940385749812,9.10914514141335
GL8_19_C_YA,YA_2019_C,56.91,-5.13,27,56.91,-5.13,2.71510656643221,20.3940385749811,23.1091451414134
GT2_18_C_YA,YA_2019_C,57.05,-2.86,20,57.05,-2.86,1.63795645366329,19.3168884622122,20.9548449158755
GT6_30_C_YA,YA_2019_C,57.05,-2.86,13.5,57.05,-2.86,-1.6120435463367,16.0668884622122,14.4548449158756
GT7_12_C_YA,YA_2019_C,57.05,-2.86,13,57.05,-2.86,-1.8620435463367,15.8168884622122,13.9548449158755
GT8_19_C_YA,YA_2019_C,57.05,-2.86,20,57.05,-2.86,1.63795645366329,19.3168884622122,20.9548449158755
RD1_23_C_YA,YA_2019_C,57.89,-4.98,13,57.89,-4.98,-0.841890161599972,16.837041846949,15.995151685349
RD2_22_C_YA,YA_2019_C,57.89,-4.98,13,57.89,-4.98,-0.841890161599972,16.837041846949,15.995151685349
RD3_4_C_YA,YA_2019_C,57.89,-4.98,17.5,57.89,-4.98,1.40810983840002,19.087041846949,20.495151685349
RD5_30_C_YA,YA_2019_C,57.89,-4.98,13,57.89,-4.98,-0.841890161599972,16.837041846949,15.995151685349
RD7_12_C_YA,YA_2019_C,57.89,-4.98,16.5,57.89,-4.98,0.90810983840003,18.587041846949,19.495151685349
RD9_18_C_YA,YA_2019_C,57.89,-4.98,13,57.89,-4.98,-0.841890161599972,16.837041846949,15.995151685349
BE2_11_B_YA,YA_2015_B,57.63,-5.35,21,57.63,-5.35,2.09739050678762,13.4370450292355,15.5344355360231
BE4_20_B_YA,YA_2015_B,57.63,-5.35,21,57.63,-5.35,2.09739050678762,13.4370450292355,15.5344355360231
BE5_27_B_YA,YA_2015_B,57.63,-5.35,7,57.63,-5.35,-4.90260949321238,6.43704502923545,1.53443553602307
BE7_12_B_YA,YA_2015_B,57.63,-5.35,21,57.63,-5.35,2.09739050678762,13.4370450292355,15.5344355360231
BE8_4_B_YA,YA_2015_B,57.63,-5.35,14,57.63,-5.35,-1.4026094932124,9.93704502923545,8.53443553602306
GA10_20_B_YA,YA_2015_B,57.27,-4.92,14,57.27,-4.92,1.0962701407208,12.4359246631686,13.5321948038894
GA3_18_B_YA,YA_2015_B,57.27,-4.92,13,57.27,-4.92,0.596270140720797,11.9359246631686,12.5321948038894
GA5_30_B_YA,YA_2015_B,57.27,-4.92,13,57.27,-4.92,0.596270140720797,11.9359246631686,12.5321948038894
GA6_25_B_YA,YA_2015_B,57.27,-4.92,7,57.27,-4.92,-2.4037298592792,8.93592466316862,6.53219480388943
GA7_10_B_YA,YA_2015_B,57.27,-4.92,7,57.27,-4.92,-2.4037298592792,8.93592466316862,6.53219480388943
GL3_1_B_YA,YA_2015_B,56.91,-5.13,27,56.91,-5.13,3.48996366186248,14.8296181843103,18.3195818461728
GL4_27_B_YA,YA_2015_B,56.91,-5.13,14,56.91,-5.13,-3.01003633813752,8.32961818431033,5.31958184617282
GL6_23_B_YA,YA_2015_B,56.91,-5.13,14,56.91,-5.13,-3.01003633813752,8.32961818431033,5.31958184617282
GL7_14_B_YA,YA_2015_B,56.91,-5.13,21,56.91,-5.13,0.489963661862486,11.8296181843103,12.3195818461728
GL8_4_B_YA,YA_2015_B,56.91,-5.13,27,56.91,-5.13,3.48996366186248,14.8296181843103,18.3195818461728
GT2_27_B_YA,YA_2015_B,57.05,-2.86,7,57.05,-2.86,-4.44280438022962,6.89685014221821,2.45404576198859
GT5_18_B_YA,YA_2015_B,57.05,-2.86,21,57.05,-2.86,2.55719561977035,13.8968501422182,16.4540457619886
GT9_18_B_YA,YA_2015_B,57.05,-2.86,20,57.05,-2.86,2.05719561977035,13.3968501422182,15.4540457619886
RD10_11_B_YA,YA_2015_B,57.89,-4.98,21,57.89,-4.98,1.1820583187694,12.5217128412172,13.7037711599866
RD2_11_B_YA,YA_2015_B,57.89,-4.98,27,57.89,-4.98,4.1820583187694,15.5217128412172,19.7037711599866
RD7_7_B_YA,YA_2015_B,57.89,-4.98,27,57.89,-4.98,4.1820583187694,15.5217128412172,19.7037711599866
RD8_11_B_YA,YA_2015_B,57.89,-4.98,7,57.89,-4.98,-5.8179416812306,5.52171284121723,-0.296228840013369
RD9_4_B_YA,YA_2015_B,57.89,-4.98,13,57.89,-4.98,-2.8179416812306,8.52171284121723,5.70377115998663
BE2_11_B_YA,YA_2016_B,57.63,-5.35,17,57.63,-5.35,-1.80430061001195,13.7453642122207,11.9410636022088
BE4_20_B_YA,YA_2016_B,57.63,-5.35,24,57.63,-5.35,1.69569938998799,17.2453642122208,18.9410636022088
BE5_27_B_YA,YA_2016_B,57.63,-5.35,14,57.63,-5.35,-3.30430061001193,12.2453642122207,8.94106360220876
BE7_12_B_YA,YA_2016_B,57.63,-5.35,24,57.63,-5.35,1.69569938998799,17.2453642122208,18.9410636022088
BE8_4_B_YA,YA_2016_B,57.63,-5.35,24,57.63,-5.35,1.69569938998799,17.2453642122208,18.9410636022088
GA10_20_B_YA,YA_2016_B,57.27,-4.92,31,57.27,-4.92,7.16982130279616,22.7194861250291,29.8893074278253
GA3_18_B_YA,YA_2016_B,57.27,-4.92,9,57.27,-4.92,-3.83017869720365,11.7194861250289,7.88930742782529
GA5_30_B_YA,YA_2016_B,57.27,-4.92,9,57.27,-4.92,-3.83017869720365,11.7194861250289,7.88930742782529
GA6_25_B_YA,YA_2016_B,57.27,-4.92,9,57.27,-4.92,-3.83017869720365,11.7194861250289,7.88930742782529
GA7_10_B_YA,YA_2016_B,57.27,-4.92,17,57.27,-4.92,0.169821302796279,15.719486125029,15.8893074278253
GL3_1_B_YA,YA_2016_B,56.91,-5.13,24,56.91,-5.13,1.97787847118068,17.5275432934135,19.5054217645941
GL4_27_B_YA,YA_2016_B,56.91,-5.13,24,56.91,-5.13,1.97787847118068,17.5275432934135,19.5054217645941
GL6_23_B_YA,YA_2016_B,56.91,-5.13,9,56.91,-5.13,-5.52212152881921,10.0275432934133,4.50542176459412
GL7_14_B_YA,YA_2016_B,56.91,-5.13,24,56.91,-5.13,1.97787847118068,17.5275432934135,19.5054217645941
GL8_4_B_YA,YA_2016_B,56.91,-5.13,24,56.91,-5.13,1.97787847118068,17.5275432934135,19.5054217645941
GT2_27_B_YA,YA_2016_B,57.05,-2.86,19,57.05,-2.86,-0.239071331128198,15.3105934911045,15.0715221599763
GT5_18_B_YA,YA_2016_B,57.05,-2.86,31,57.05,-2.86,5.76092866887171,21.3105934911046,27.0715221599763
GT9_18_B_YA,YA_2016_B,57.05,-2.86,9,57.05,-2.86,-5.23907133112811,10.3105934911044,5.07152215997632
RD10_11_B_YA,YA_2016_B,57.89,-4.98,17,57.89,-4.98,-1.99995636528956,13.5497084569431,11.5497520916536
RD2_11_B_YA,YA_2016_B,57.89,-4.98,24,57.89,-4.98,1.50004363471039,17.0497084569432,18.5497520916536
RD7_7_B_YA,YA_2016_B,57.89,-4.98,24,57.89,-4.98,1.50004363471039,17.0497084569432,18.5497520916536
RD8_11_B_YA,YA_2016_B,57.89,-4.98,24,57.89,-4.98,1.50004363471039,17.0497084569432,18.5497520916536
RD9_4_B_YA,YA_2016_B,57.89,-4.98,19,57.89,-4.98,-0.999956365289577,14.5497084569431,13.5497520916536
BE2_11_B_YA,YA_2017_B,57.63,-5.35,14,57.63,-5.35,-3.2524647878984,9.18800029316882,5.93553550527042
BE4_20_B_YA,YA_2017_B,57.63,-5.35,26,57.63,-5.35,2.74753521210162,15.1880002931688,17.9355355052704
BE7_12_B_YA,YA_2017_B,57.63,-5.35,21,57.63,-5.35,0.247535212101614,12.6880002931688,12.9355355052704
BE8_4_B_YA,YA_2017_B,57.63,-5.35,21,57.63,-5.35,0.247535212101614,12.6880002931688,12.9355355052704
GA10_20_B_YA,YA_2017_B,57.27,-4.92,21,57.27,-4.92,2.01936294622425,14.4598280272914,16.4791909735157
GA3_18_B_YA,YA_2017_B,57.27,-4.92,21,57.27,-4.92,2.01936294622425,14.4598280272914,16.4791909735157
GA5_30_B_YA,YA_2017_B,57.27,-4.92,21,57.27,-4.92,2.01936294622425,14.4598280272914,16.4791909735157
GA6_25_B_YA,YA_2017_B,57.27,-4.92,14,57.27,-4.92,-1.48063705377578,10.9598280272914,9.47919097351566
GA7_10_B_YA,YA_2017_B,57.27,-4.92,4,57.27,-4.92,-6.4806370537758,5.95982802729146,-0.520809026484343
GL4_27_B_YA,YA_2017_B,56.91,-5.13,26,56.91,-5.13,0.273884185936083,12.7143492670033,12.9882334529394
GL6_23_B_YA,YA_2017_B,56.91,-5.13,26,56.91,-5.13,0.273884185936083,12.7143492670033,12.9882334529394
GL7_14_B_YA,YA_2017_B,56.91,-5.13,26,56.91,-5.13,0.273884185936083,12.7143492670033,12.9882334529394
GL8_4_B_YA,YA_2017_B,56.91,-5.13,26,56.91,-5.13,0.273884185936083,12.7143492670033,12.9882334529394
GT2_27_B_YA,YA_2017_B,57.05,-2.86,21,57.05,-2.86,0.209885808429338,12.6503508894965,12.8602366979259
GT5_18_B_YA,YA_2017_B,57.05,-2.86,20,57.05,-2.86,-0.290114191570666,12.1503508894965,11.8602366979259
GT9_18_B_YA,YA_2017_B,57.05,-2.86,21,57.05,-2.86,0.209885808429338,12.6503508894965,12.8602366979259
RD10_11_B_YA,YA_2017_B,57.89,-4.98,14,57.89,-4.98,-1.86242994971593,10.5780351313513,8.71560518163534
RD2_11_B_YA,YA_2017_B,57.89,-4.98,20,57.89,-4.98,1.13757005028408,13.5780351313513,14.7156051816353
RD7_7_B_YA,YA_2017_B,57.89,-4.98,26,57.89,-4.98,4.1375700502841,16.5780351313512,20.7156051816353
RD8_11_B_YA,YA_2017_B,57.89,-4.98,14,57.89,-4.98,-1.86242994971593,10.5780351313513,8.71560518163534
RD9_4_B_YA,YA_2017_B,57.89,-4.98,16,57.89,-4.98,-0.862429949715931,11.5780351313513,10.7156051816353
BE2_11_B_YA,YA_2018_B,57.63,-5.35,14,57.63,-5.35,-0.397873312882993,20.5016104270361,20.1037371141531
BE4_20_B_YA,YA_2018_B,57.63,-5.35,13,57.63,-5.35,-0.897873312882982,20.0016104270361,19.1037371141531
BE5_27_B_YA,YA_2018_B,57.63,-5.35,7,57.63,-5.35,-3.89787331288293,17.001610427036,13.1037371141531
BE7_12_B_YA,YA_2018_B,57.63,-5.35,20,57.63,-5.35,2.60212668711695,23.5016104270362,26.1037371141531
BE8_4_B_YA,YA_2018_B,57.63,-5.35,20,57.63,-5.35,2.60212668711695,23.5016104270362,26.1037371141531
GA10_20_B_YA,YA_2018_B,57.27,-4.92,13,57.27,-4.92,-2.08946978777463,18.8100139521444,16.7205441643698
GA3_18_B_YA,YA_2018_B,57.27,-4.92,17,57.27,-4.92,-0.089469787774668,20.8100139521444,20.7205441643698
GA5_30_B_YA,YA_2018_B,57.27,-4.92,20,57.27,-4.92,1.4105302122253,22.3100139521445,23.7205441643698
GA6_25_B_YA,YA_2018_B,57.27,-4.92,20,57.27,-4.92,1.4105302122253,22.3100139521445,23.7205441643698
GA7_10_B_YA,YA_2018_B,57.27,-4.92,20,57.27,-4.92,1.4105302122253,22.3100139521445,23.7205441643698
GL3_1_B_YA,YA_2018_B,56.91,-5.13,13,56.91,-5.13,-0.236314845046769,20.6631688948723,20.4268540498256
GL4_27_B_YA,YA_2018_B,56.91,-5.13,13,56.91,-5.13,-0.236314845046769,20.6631688948723,20.4268540498256
GL6_23_B_YA,YA_2018_B,56.91,-5.13,13,56.91,-5.13,-0.236314845046769,20.6631688948723,20.4268540498256
GL7_14_B_YA,YA_2018_B,56.91,-5.13,13,56.91,-5.13,-0.236314845046769,20.6631688948723,20.4268540498256
GL8_4_B_YA,YA_2018_B,56.91,-5.13,13,56.91,-5.13,-0.236314845046769,20.6631688948723,20.4268540498256
GT2_27_B_YA,YA_2018_B,57.05,-2.86,13,57.05,-2.86,-1.21328000413275,19.6862037357863,18.4729237316536
GT5_18_B_YA,YA_2018_B,57.05,-2.86,13,57.05,-2.86,-1.21328000413275,19.6862037357863,18.4729237316536
GT9_18_B_YA,YA_2018_B,57.05,-2.86,20,57.05,-2.86,2.2867199958672,23.1862037357864,25.4729237316536
RD10_11_B_YA,YA_2018_B,57.89,-4.98,20,57.89,-4.98,1.25162594818365,22.1511096881028,23.4027356362865
RD2_11_B_YA,YA_2018_B,57.89,-4.98,20,57.89,-4.98,1.25162594818365,22.1511096881028,23.4027356362865
RD7_7_B_YA,YA_2018_B,57.89,-4.98,20,57.89,-4.98,1.25162594818365,22.1511096881028,23.4027356362865
RD8_11_B_YA,YA_2018_B,57.89,-4.98,13,57.89,-4.98,-2.24837405181628,18.6511096881027,16.4027356362865
RD9_4_B_YA,YA_2018_B,57.89,-4.98,13,57.89,-4.98,-2.24837405181628,18.6511096881027,16.4027356362865
BE2_11_B_YA,YA_2019_B,57.63,-5.35,25,57.63,-5.35,1.94771814517901,13.5788560241717,15.5265741693508
BE4_20_B_YA,YA_2019_B,57.63,-5.35,20,57.63,-5.35,-0.552281854820958,11.0788560241717,10.5265741693508
BE5_27_B_YA,YA_2019_B,57.63,-5.35,25,57.63,-5.35,1.94771814517901,13.5788560241717,15.5265741693508
BE7_12_B_YA,YA_2019_B,57.63,-5.35,15.5,57.63,-5.35,-2.80228185482093,8.82885602417169,6.02657416935076
BE8_4_B_YA,YA_2019_B,57.63,-5.35,20,57.63,-5.35,-0.552281854820958,11.0788560241717,10.5265741693508
GA10_20_B_YA,YA_2019_B,57.27,-4.92,13,57.27,-4.92,-1.94048338641624,9.69065449257641,7.75017110616016
GA3_18_B_YA,YA_2019_B,57.27,-4.92,15,57.27,-4.92,-0.940483386416256,10.6906544925764,9.75017110616016
GA5_30_B_YA,YA_2019_B,57.27,-4.92,24,57.27,-4.92,3.55951661358369,15.1906544925765,18.7501711061602
GA6_25_B_YA,YA_2019_B,57.27,-4.92,13,57.27,-4.92,-1.94048338641624,9.69065449257641,7.75017110616016
GA7_10_B_YA,YA_2019_B,57.27,-4.92,15,57.27,-4.92,-0.940483386416256,10.6906544925764,9.75017110616016
GL3_1_B_YA,YA_2019_B,56.91,-5.13,23.5,56.91,-5.13,1.0535568884038,12.6846947673965,13.7382516558003
GL4_27_B_YA,YA_2019_B,56.91,-5.13,20.5,56.91,-5.13,-0.446443111596182,11.1846947673965,10.7382516558003
GL6_23_B_YA,YA_2019_B,56.91,-5.13,17.5,56.91,-5.13,-1.94644311159617,9.68469476739651,7.73825165580035
GL7_14_B_YA,YA_2019_B,56.91,-5.13,20,56.91,-5.13,-0.696443111596182,10.9346947673965,10.2382516558003
GL8_4_B_YA,YA_2019_B,56.91,-5.13,28,56.91,-5.13,3.30355688840378,14.9346947673966,18.2382516558003
GT2_27_B_YA,YA_2019_B,57.05,-2.86,18.5,57.05,-2.86,-0.283318985721465,11.3478188932712,11.0644999075498
GT5_18_B_YA,YA_2019_B,57.05,-2.86,20,57.05,-2.86,0.466681014278525,12.0978188932713,12.5644999075498
GT9_18_B_YA,YA_2019_B,57.05,-2.86,19,57.05,-2.86,-0.0333189857214684,11.5978188932712,11.5644999075498
RD10_11_B_YA,YA_2019_B,57.89,-4.98,24.5,57.89,-4.98,3.45919974426471,15.0903376232575,18.5495373675222
RD2_11_B_YA,YA_2019_B,57.89,-4.98,13,57.89,-4.98,-2.29080025573521,9.34033762325744,7.04953736752223
RD7_7_B_YA,YA_2019_B,57.89,-4.98,23.5,57.89,-4.98,2.95919974426472,14.5903376232575,17.5495373675222
RD8_11_B_YA,YA_2019_B,57.89,-4.98,13,57.89,-4.98,-2.29080025573521,9.34033762325744,7.04953736752223
RD9_4_B_YA,YA_2019_B,57.89,-4.98,15.5,57.89,-4.98,-1.04080025573523,10.5903376232575,9.54953736752222
BE5_1_A_YA,YA_2015_A,57.63,-5.35,21,57.63,-5.35,1.75658774134985,13.9697607849362,15.7263485262861
BE9_30_A_YA,YA_2015_A,57.63,-5.35,14,57.63,-5.35,-1.74341225865008,10.4697607849362,8.7263485262861
GA1_23_A_YA,YA_2015_A,57.27,-4.92,14,57.27,-4.92,-0.576106450295191,11.6370665932911,11.0609601429959
GA3_15_A_YA,YA_2015_A,57.27,-4.92,14,57.27,-4.92,-0.576106450295191,11.6370665932911,11.0609601429959
GA5_19_A_YA,YA_2015_A,57.27,-4.92,21,57.27,-4.92,2.92389354970477,15.1370665932912,18.0609601429959
GA7_20_A_YA,YA_2015_A,57.27,-4.92,13,57.27,-4.92,-1.07610645029518,11.1370665932911,10.0609601429959
GA8_20_A_YA,YA_2015_A,57.27,-4.92,20,57.27,-4.92,2.42389354970477,14.6370665932911,17.0609601429959
GA9_11_A_YA,YA_2015_A,57.27,-4.92,14,57.27,-4.92,-0.576106450295191,11.6370665932911,11.0609601429959
GL1_11_A_YA,YA_2015_A,56.91,-5.13,7,56.91,-5.13,-2.49400722658762,9.71916581699864,7.22515859041102
GL2_12_A_YA,YA_2015_A,56.91,-5.13,13,56.91,-5.13,0.505992773412343,12.7191658169987,13.225158590411
GL3_18_A_YA,YA_2015_A,56.91,-5.13,14,56.91,-5.13,1.00599277341234,13.2191658169987,14.225158590411
GL4_30_A_YA,YA_2015_A,56.91,-5.13,14,56.91,-5.13,1.00599277341234,13.2191658169987,14.225158590411
GL6_27_A_YA,YA_2015_A,56.91,-5.13,14,56.91,-5.13,1.00599277341234,13.2191658169987,14.225158590411
GL7_12_A_YA,YA_2015_A,56.91,-5.13,7,56.91,-5.13,-2.49400722658762,9.71916581699864,7.22515859041102
GT1_11_A_YA,YA_2015_A,57.05,-2.86,7,57.05,-2.86,-2.77887840041097,9.43429464317531,6.65541624276434
GT5_20_A_YA,YA_2015_A,57.05,-2.86,14,57.05,-2.86,0.72112159958899,12.9342946431753,13.6554162427643
GT6_27_A_YA,YA_2015_A,57.05,-2.86,13,57.05,-2.86,0.221121599588997,12.4342946431753,12.6554162427643
GT7_11_A_YA,YA_2015_A,57.05,-2.86,13,57.05,-2.86,0.221121599588997,12.4342946431753,12.6554162427643
GT8_1_A_YA,YA_2015_A,57.05,-2.86,14,57.05,-2.86,0.72112159958899,12.9342946431753,13.6554162427643
GT9_4_A_YA,YA_2015_A,57.05,-2.86,14,57.05,-2.86,0.72112159958899,12.9342946431753,13.6554162427643
RD1_2_A_YA,YA_2015_A,57.89,-4.98,21,57.89,-4.98,2.8161553962121,15.0293284397985,17.8454838360106
RD10_30_A_YA,YA_2015_A,57.89,-4.98,13,57.89,-4.98,-1.18384460378785,11.0293284397984,9.84548383601058
RD2_20_A_YA,YA_2015_A,57.89,-4.98,13,57.89,-4.98,-1.18384460378785,11.0293284397984,9.84548383601058
RD3_23_A_YA,YA_2015_A,57.89,-4.98,7,57.89,-4.98,-4.18384460378782,8.0293284397984,3.84548383601058
RD5_18_A_YA,YA_2015_A,57.89,-4.98,21,57.89,-4.98,2.8161553962121,15.0293284397985,17.8454838360106
BE5_1_A_YA,YA_2016_A,57.63,-5.35,17,57.63,-5.35,-0.491639938984982,20.2854773450085,19.7938374060235
BE9_30_A_YA,YA_2016_A,57.63,-5.35,19,57.63,-5.35,0.508360061014994,21.2854773450085,21.7938374060235
GA1_23_A_YA,YA_2016_A,57.27,-4.92,9,57.27,-4.92,-4.71206510682219,16.0650521771711,11.3529870703489
GA3_15_A_YA,YA_2016_A,57.27,-4.92,24,57.27,-4.92,2.78793489317762,23.5650521771713,26.3529870703489
GA5_19_A_YA,YA_2016_A,57.27,-4.92,24,57.27,-4.92,2.78793489317762,23.5650521771713,26.3529870703489
GA7_20_A_YA,YA_2016_A,57.27,-4.92,19,57.27,-4.92,0.287934893177678,21.0650521771712,21.3529870703489
GA8_20_A_YA,YA_2016_A,57.27,-4.92,24,57.27,-4.92,2.78793489317762,23.5650521771713,26.3529870703489
GA9_11_A_YA,YA_2016_A,57.27,-4.92,17,57.27,-4.92,-0.712065106822298,20.0650521771712,19.3529870703489
GL1_11_A_YA,YA_2016_A,56.91,-5.13,17,56.91,-5.13,-0.226319883753511,20.55079740024,20.3244775164865
GL2_12_A_YA,YA_2016_A,56.91,-5.13,17,56.91,-5.13,-0.226319883753511,20.55079740024,20.3244775164865
GL3_18_A_YA,YA_2016_A,56.91,-5.13,17,56.91,-5.13,-0.226319883753511,20.55079740024,20.3244775164865
GL4_30_A_YA,YA_2016_A,56.91,-5.13,17,56.91,-5.13,-0.226319883753511,20.55079740024,20.3244775164865
GL6_27_A_YA,YA_2016_A,56.91,-5.13,24,56.91,-5.13,3.2736801162464,24.0507974002401,27.3244775164865
GL7_12_A_YA,YA_2016_A,56.91,-5.13,9,56.91,-5.13,-4.22631988375341,16.5507974002399,12.3244775164865
GT1_11_A_YA,YA_2016_A,57.05,-2.86,14,57.05,-2.86,-0.869980975767659,19.9071363082258,19.0371553324581
GT5_20_A_YA,YA_2016_A,57.05,-2.86,24,57.05,-2.86,4.13001902423222,24.9071363082259,29.0371553324581
GT6_27_A_YA,YA_2016_A,57.05,-2.86,9,57.05,-2.86,-3.3699809757676,17.4071363082257,14.0371553324581
GT7_11_A_YA,YA_2016_A,57.05,-2.86,12,57.05,-2.86,-1.86998097576763,18.9071363082258,17.0371553324581
GT8_1_A_YA,YA_2016_A,57.05,-2.86,14,57.05,-2.86,-0.869980975767659,19.9071363082258,19.0371553324581
GT9_4_A_YA,YA_2016_A,57.05,-2.86,21,57.05,-2.86,2.63001902423225,23.4071363082259,26.0371553324581
RD1_2_A_YA,YA_2016_A,57.89,-4.98,24,57.89,-4.98,1.76669513520842,22.543812419202,24.3105075544104
RD10_30_A_YA,YA_2016_A,57.89,-4.98,19,57.89,-4.98,-0.733304864791517,20.0438124192019,19.3105075544104
RD2_20_A_YA,YA_2016_A,57.89,-4.98,14,57.89,-4.98,-3.23330486479146,17.5438124192019,14.3105075544104
RD3_23_A_YA,YA_2016_A,57.89,-4.98,19,57.89,-4.98,-0.733304864791517,20.0438124192019,19.3105075544104
RD5_18_A_YA,YA_2016_A,57.89,-4.98,24,57.89,-4.98,1.76669513520842,22.543812419202,24.3105075544104
BE5_1_A_YA,YA_2017_A,57.63,-5.35,26,57.63,-5.35,1.25808355066529,19.1233834020762,20.3814669527415
BE9_30_A_YA,YA_2017_A,57.63,-5.35,21,57.63,-5.35,-1.24191644933471,16.6233834020762,15.3814669527415
GA1_23_A_YA,YA_2017_A,57.27,-4.92,26,57.27,-4.92,1.52014261095532,19.3854424623662,20.9055850733215
GA3_15_A_YA,YA_2017_A,57.27,-4.92,14,57.27,-4.92,-4.4798573890447,13.3854424623662,8.9055850733215
GA5_19_A_YA,YA_2017_A,57.27,-4.92,26,57.27,-4.92,1.52014261095532,19.3854424623662,20.9055850733215
GA7_20_A_YA,YA_2017_A,57.27,-4.92,26,57.27,-4.92,1.52014261095532,19.3854424623662,20.9055850733215
GA8_20_A_YA,YA_2017_A,57.27,-4.92,26,57.27,-4.92,1.52014261095532,19.3854424623662,20.9055850733215
GA9_11_A_YA,YA_2017_A,57.27,-4.92,26,57.27,-4.92,1.52014261095532,19.3854424623662,20.9055850733215
GL1_11_A_YA,YA_2017_A,56.91,-5.13,26,56.91,-5.13,3.03392194569308,20.8992217971039,23.933143742797
GL2_12_A_YA,YA_2017_A,56.91,-5.13,14,56.91,-5.13,-2.96607805430693,14.8992217971039,11.933143742797
GL3_18_A_YA,YA_2017_A,56.91,-5.13,20,56.91,-5.13,0.0339219456930735,17.8992217971039,17.933143742797
GL4_30_A_YA,YA_2017_A,56.91,-5.13,21,56.91,-5.13,0.533921945693077,18.3992217971039,18.933143742797
GL6_27_A_YA,YA_2017_A,56.91,-5.13,14,56.91,-5.13,-2.96607805430693,14.8992217971039,11.933143742797
GL7_12_A_YA,YA_2017_A,56.91,-5.13,21,56.91,-5.13,0.533921945693077,18.3992217971039,18.933143742797
GT1_11_A_YA,YA_2017_A,57.05,-2.86,14,57.05,-2.86,-1.03543551582745,16.8298643355835,15.794428819756
GT5_20_A_YA,YA_2017_A,57.05,-2.86,26,57.05,-2.86,4.96456448417255,22.8298643355835,27.794428819756
GT6_27_A_YA,YA_2017_A,57.05,-2.86,14,57.05,-2.86,-1.03543551582745,16.8298643355835,15.794428819756
GT7_11_A_YA,YA_2017_A,57.05,-2.86,14,57.05,-2.86,-1.03543551582745,16.8298643355835,15.794428819756
GT8_1_A_YA,YA_2017_A,57.05,-2.86,14,57.05,-2.86,-1.03543551582745,16.8298643355835,15.794428819756
GT9_4_A_YA,YA_2017_A,57.05,-2.86,14,57.05,-2.86,-1.03543551582745,16.8298643355835,15.794428819756
RD1_2_A_YA,YA_2017_A,57.89,-4.98,26,57.89,-4.98,3.47441173074855,21.3397115821594,24.814123312908
RD10_30_A_YA,YA_2017_A,57.89,-4.98,14,57.89,-4.98,-2.52558826925146,15.3397115821595,12.814123312908
RD2_20_A_YA,YA_2017_A,57.89,-4.98,6,57.89,-4.98,-6.52558826925149,11.3397115821595,4.81412331290797
RD3_23_A_YA,YA_2017_A,57.89,-4.98,21,57.89,-4.98,0.974411730748546,18.8397115821594,19.814123312908
RD5_18_A_YA,YA_2017_A,57.89,-4.98,26,57.89,-4.98,3.47441173074855,21.3397115821594,24.814123312908
BE5_1_A_YA,YA_2018_A,57.63,-5.35,28,57.63,-5.35,3.50458102997527,8.23704018238504,11.7416212123603
BE9_30_A_YA,YA_2018_A,57.63,-5.35,14,57.63,-5.35,-3.49541897002469,1.237040182385,-2.25837878763969
GA1_23_A_YA,YA_2018_A,57.27,-4.92,14,57.27,-4.92,-0.955229918009286,3.77722923440044,2.82199931639115
GA3_15_A_YA,YA_2018_A,57.27,-4.92,20,57.27,-4.92,2.04477008199072,6.77722923440046,8.82199931639118
GA5_19_A_YA,YA_2018_A,57.27,-4.92,20,57.27,-4.92,2.04477008199072,6.77722923440046,8.82199931639118
GA7_20_A_YA,YA_2018_A,57.27,-4.92,20,57.27,-4.92,2.04477008199072,6.77722923440046,8.82199931639118
GA8_20_A_YA,YA_2018_A,57.27,-4.92,14,57.27,-4.92,-0.955229918009286,3.77722923440044,2.82199931639115
GA9_11_A_YA,YA_2018_A,57.27,-4.92,11,57.27,-4.92,-2.45522991800928,2.27722923440043,-0.178000683608845
GL1_11_A_YA,YA_2018_A,56.91,-5.13,17,56.91,-5.13,1.91365386961498,6.64611302202475,8.55976689163973
GL2_12_A_YA,YA_2018_A,56.91,-5.13,14,56.91,-5.13,0.413653869615002,5.14611302202474,5.55976689163974
GL3_18_A_YA,YA_2018_A,56.91,-5.13,11,56.91,-5.13,-1.08634613038499,3.64611302202473,2.55976689163974
GL4_30_A_YA,YA_2018_A,56.91,-5.13,14,56.91,-5.13,0.413653869615002,5.14611302202474,5.55976689163974
GL6_27_A_YA,YA_2018_A,56.91,-5.13,7,56.91,-5.13,-3.08634613038498,1.64611302202472,-1.44023310836026
GL7_12_A_YA,YA_2018_A,56.91,-5.13,14,56.91,-5.13,0.413653869615002,5.14611302202474,5.55976689163974
GT1_11_A_YA,YA_2018_A,57.05,-2.86,14,57.05,-2.86,1.47991833453723,6.21237748694699,7.69229582148422
GT5_20_A_YA,YA_2018_A,57.05,-2.86,14,57.05,-2.86,1.47991833453723,6.21237748694699,7.69229582148422
GT6_27_A_YA,YA_2018_A,57.05,-2.86,7,57.05,-2.86,-2.02008166546275,2.71237748694697,0.692295821484222
GT7_11_A_YA,YA_2018_A,57.05,-2.86,10,57.05,-2.86,-0.520081665462756,4.21237748694698,3.69229582148422
GT8_1_A_YA,YA_2018_A,57.05,-2.86,10,57.05,-2.86,-0.520081665462756,4.21237748694698,3.69229582148422
GT9_4_A_YA,YA_2018_A,57.05,-2.86,11,57.05,-2.86,-0.0200816654627598,4.71237748694698,4.69229582148422
RD1_2_A_YA,YA_2018_A,57.89,-4.98,13,57.89,-4.98,0.572156844636757,5.30461599704649,5.87677284168325
RD10_30_A_YA,YA_2018_A,57.89,-4.98,14,57.89,-4.98,1.07215684463675,5.8046159970465,6.87677284168325
RD2_20_A_YA,YA_2018_A,57.89,-4.98,11,57.89,-4.98,-0.427843155363236,4.30461599704649,3.87677284168325
RD3_23_A_YA,YA_2018_A,57.89,-4.98,7,57.89,-4.98,-2.42784315536323,2.30461599704648,-0.12322715831675
RD5_18_A_YA,YA_2018_A,57.89,-4.98,13,57.89,-4.98,0.572156844636757,5.30461599704649,5.87677284168325
BE5_1_A_YA,YA_2019_A,57.63,-5.35,20,57.63,-5.35,-1.25766320033644,16.9956710386413,15.7380078383049
BE9_30_A_YA,YA_2019_A,57.63,-5.35,25,57.63,-5.35,1.24233679966351,19.4956710386414,20.7380078383049
GA1_23_A_YA,YA_2019_A,57.27,-4.92,15.5,57.27,-4.92,-1.74309482874968,16.5102394102281,14.7671445814784
GA3_15_A_YA,YA_2019_A,57.27,-4.92,20,57.27,-4.92,0.506905171250267,18.7602394102282,19.2671445814784
GA5_19_A_YA,YA_2019_A,57.27,-4.92,20.5,57.27,-4.92,0.75690517125026,19.0102394102282,19.7671445814784
GA7_20_A_YA,YA_2019_A,57.27,-4.92,13,57.27,-4.92,-2.99309482874963,15.2602394102281,12.2671445814784
GA8_20_A_YA,YA_2019_A,57.27,-4.92,22.5,57.27,-4.92,1.75690517125024,20.0102394102282,21.7671445814784
GA9_11_A_YA,YA_2019_A,57.27,-4.92,16.5,57.27,-4.92,-1.24309482874969,17.0102394102281,15.7671445814784
GL1_11_A_YA,YA_2019_A,56.91,-5.13,13,56.91,-5.13,-1.79949154878252,16.4538426901952,14.6543511414127
GL2_12_A_YA,YA_2019_A,56.91,-5.13,15.5,56.91,-5.13,-0.549491548782559,17.7038426901953,17.1543511414127
GL3_18_A_YA,YA_2019_A,56.91,-5.13,20,56.91,-5.13,1.70050845121739,19.9538426901953,21.6543511414127
GL4_30_A_YA,YA_2019_A,56.91,-5.13,16.5,56.91,-5.13,-0.0494915487825729,18.2038426901953,18.1543511414127
GL6_27_A_YA,YA_2019_A,56.91,-5.13,22.5,56.91,-5.13,2.95050845121736,21.2038426901953,24.1543511414127
GL7_12_A_YA,YA_2019_A,56.91,-5.13,15.5,56.91,-5.13,-0.549491548782559,17.7038426901953,17.1543511414127
GT1_11_A_YA,YA_2019_A,57.05,-2.86,24.5,57.05,-2.86,2.82525951070726,21.0785937496853,23.9038532603925
GT5_20_A_YA,YA_2019_A,57.05,-2.86,20,57.05,-2.86,0.575259510707305,18.8285937496852,19.4038532603925
GT6_27_A_YA,YA_2019_A,57.05,-2.86,15.5,57.05,-2.86,-1.67474048929264,16.5785937496852,14.9038532603925
GT7_11_A_YA,YA_2019_A,57.05,-2.86,15.5,57.05,-2.86,-1.67474048929264,16.5785937496852,14.9038532603925
GT8_1_A_YA,YA_2019_A,57.05,-2.86,18,57.05,-2.86,-0.42474048929267,17.8285937496852,17.4038532603925
GT9_4_A_YA,YA_2019_A,57.05,-2.86,20,57.05,-2.86,0.575259510707305,18.8285937496852,19.4038532603925
RD1_2_A_YA,YA_2019_A,57.89,-4.98,20,57.89,-4.98,-1.43614247967588,16.8171917593019,15.381049279626
RD10_30_A_YA,YA_2019_A,57.89,-4.98,15,57.89,-4.98,-3.93614247967582,14.3171917593018,10.381049279626
RD2_20_A_YA,YA_2019_A,57.89,-4.98,31,57.89,-4.98,4.063857520324,22.317191759302,26.381049279626
RD3_23_A_YA,YA_2019_A,57.89,-4.98,22.5,57.89,-4.98,-0.186142479675908,18.0671917593019,17.881049279626
RD5_18_A_YA,YA_2019_A,57.89,-4.98,28,57.89,-4.98,2.56385752032403,20.817191759302,23.381049279626
BE2_30_D_YA,YA_2015_D,57.63,-5.35,14,57.63,-5.35,-1.6030036992644,21.9386959998516,20.3356923005872
BE3_27_D_YA,YA_2015_D,57.63,-5.35,21,57.63,-5.35,1.89699630073558,25.4386959998517,27.3356923005872
BE4_27_D_YA,YA_2015_D,57.63,-5.35,17,57.63,-5.35,-0.103003699264423,23.4386959998517,23.3356923005872
BE7_20_D_YA,YA_2015_D,57.63,-5.35,17,57.63,-5.35,-0.103003699264423,23.4386959998517,23.3356923005872
BE9_12_D_YA,YA_2015_D,57.63,-5.35,17,57.63,-5.35,-0.103003699264423,23.4386959998517,23.3356923005872
GA1_12_D_YA,YA_2015_D,57.27,-4.92,17,57.27,-4.92,-1.5997829771654,21.9419167219506,20.3421337447852
GA10_1_D_YA,YA_2015_D,57.27,-4.92,14,57.27,-4.92,-3.09978297716539,20.4419167219506,17.3421337447852
GA8_23_D_YA,YA_2015_D,57.27,-4.92,17,57.27,-4.92,-1.5997829771654,21.9419167219506,20.3421337447852
GA9_1_D_YA,YA_2015_D,57.27,-4.92,27,57.27,-4.92,3.40021702283459,26.9419167219507,30.3421337447852
GL1_20_D_YA,YA_2015_D,56.91,-5.13,27,56.91,-5.13,3.16720918909633,26.7089088882124,29.8761180773088
GL2_27_D_YA,YA_2015_D,56.91,-5.13,7,56.91,-5.13,-6.83279081090364,16.7089088882124,9.87611807730877
GL6_18_D_YA,YA_2015_D,56.91,-5.13,21,56.91,-5.13,0.167209189096337,23.7089088882124,23.8761180773088
GL8_30_D_YA,YA_2015_D,56.91,-5.13,31,56.91,-5.13,5.16720918909633,28.7089088882124,33.8761180773088
GT1_23_D_YA,YA_2015_D,57.05,-2.86,17,57.05,-2.86,-0.633748696199476,22.9079510029166,22.2742023067171
GT2_23_D_YA,YA_2015_D,57.05,-2.86,17,57.05,-2.86,-0.633748696199476,22.9079510029166,22.2742023067171
GT5_1_D_YA,YA_2015_D,57.05,-2.86,21,57.05,-2.86,1.36625130380052,24.9079510029166,26.2742023067171
GT6_4_D_YA,YA_2015_D,57.05,-2.86,17,57.05,-2.86,-0.633748696199476,22.9079510029166,22.2742023067171
GT8_11_D_YA,YA_2015_D,57.05,-2.86,21,57.05,-2.86,1.36625130380052,24.9079510029166,26.2742023067171
GT9_30_D_YA,YA_2015_D,57.05,-2.86,17,57.05,-2.86,-0.633748696199476,22.9079510029166,22.2742023067171
RD1_12_D_YA,YA_2015_D,57.89,-4.98,31,57.89,-4.98,5.60956116515968,29.1512608642757,34.7608220294354
RD3_19_D_YA,YA_2015_D,57.89,-4.98,14,57.89,-4.98,-2.8904388348403,20.6512608642757,17.7608220294354
RD5_17_D_YA,YA_2015_D,57.89,-4.98,21,57.89,-4.98,0.609561165159693,24.1512608642757,24.7608220294354
RD7_14_D_YA,YA_2015_D,57.89,-4.98,21,57.89,-4.98,0.609561165159693,24.1512608642757,24.7608220294354
RD9_30_D_YA,YA_2015_D,57.89,-4.98,14,57.89,-4.98,-2.8904388348403,20.6512608642757,17.7608220294354
BE2_30_D_YA,YA_2016_D,57.63,-5.35,9,57.63,-5.35,-3.00285633289664,16.3988676644332,13.3960113315366
BE3_27_D_YA,YA_2016_D,57.63,-5.35,24,57.63,-5.35,4.4971436671034,23.8988676644332,28.3960113315366
BE4_27_D_YA,YA_2016_D,57.63,-5.35,24,57.63,-5.35,4.4971436671034,23.8988676644332,28.3960113315366
BE7_20_D_YA,YA_2016_D,57.63,-5.35,9,57.63,-5.35,-3.00285633289664,16.3988676644332,13.3960113315366
BE9_12_D_YA,YA_2016_D,57.63,-5.35,9,57.63,-5.35,-3.00285633289664,16.3988676644332,13.3960113315366
GA1_12_D_YA,YA_2016_D,57.27,-4.92,9,57.27,-4.92,-4.18922394625546,15.2125000510744,11.023276104819
GA10_1_D_YA,YA_2016_D,57.27,-4.92,17,57.27,-4.92,-0.189223946255414,19.2125000510744,19.023276104819
GA8_23_D_YA,YA_2016_D,57.27,-4.92,14,57.27,-4.92,-1.68922394625545,17.7125000510744,16.023276104819
GA9_1_D_YA,YA_2016_D,57.27,-4.92,24,57.27,-4.92,3.3107760537446,22.7125000510744,26.023276104819
GL1_20_D_YA,YA_2016_D,56.91,-5.13,19,56.91,-5.13,0.396740228154769,19.7984642254846,20.1952044536394
GL2_27_D_YA,YA_2016_D,56.91,-5.13,9,56.91,-5.13,-4.60325977184528,14.7984642254846,10.1952044536393
GL6_18_D_YA,YA_2016_D,56.91,-5.13,24,56.91,-5.13,2.89674022815478,22.2984642254846,25.1952044536394
GL8_30_D_YA,YA_2016_D,56.91,-5.13,24,56.91,-5.13,2.89674022815478,22.2984642254846,25.1952044536394
GT1_23_D_YA,YA_2016_D,57.05,-2.86,9,57.05,-2.86,-2.13536370533489,17.266360291995,15.1309965866601
GT2_23_D_YA,YA_2016_D,57.05,-2.86,9,57.05,-2.86,-2.13536370533489,17.266360291995,15.1309965866601
GT5_1_D_YA,YA_2016_D,57.05,-2.86,17,57.05,-2.86,1.86463629466513,21.266360291995,23.1309965866601
GT6_4_D_YA,YA_2016_D,57.05,-2.86,9,57.05,-2.86,-2.13536370533489,17.266360291995,15.1309965866601
GT8_11_D_YA,YA_2016_D,57.05,-2.86,19,57.05,-2.86,2.86463629466519,22.266360291995,25.1309965866602
GT9_30_D_YA,YA_2016_D,57.05,-2.86,17,57.05,-2.86,1.86463629466513,21.266360291995,23.1309965866601
RD1_12_D_YA,YA_2016_D,57.89,-4.98,24,57.89,-4.98,3.59927975377903,23.0010037511089,26.6002835048879
RD3_19_D_YA,YA_2016_D,57.89,-4.98,19,57.89,-4.98,1.09927975377902,20.5010037511089,21.6002835048879
RD5_17_D_YA,YA_2016_D,57.89,-4.98,17,57.89,-4.98,0.0992797537790153,19.5010037511089,19.6002835048879
RD7_14_D_YA,YA_2016_D,57.89,-4.98,17,57.89,-4.98,0.0992797537790153,19.5010037511089,19.6002835048879
RD9_30_D_YA,YA_2016_D,57.89,-4.98,9,57.89,-4.98,-3.90072024622099,15.5010037511089,11.6002835048879
BE2_30_D_YA,YA_2017_D,57.63,-5.35,16,57.63,-5.35,-1.29779443385118,24.0821194149451,22.7843249810939
BE3_27_D_YA,YA_2017_D,57.63,-5.35,26,57.63,-5.35,3.70220556614883,29.082119414945,32.7843249810939
BE4_27_D_YA,YA_2017_D,57.63,-5.35,21,57.63,-5.35,1.20220556614882,26.5821194149451,27.7843249810939
BE7_20_D_YA,YA_2017_D,57.63,-5.35,16,57.63,-5.35,-1.29779443385118,24.0821194149451,22.7843249810939
BE9_12_D_YA,YA_2017_D,57.63,-5.35,14,57.63,-5.35,-2.29779443385119,23.0821194149451,20.7843249810939
GA1_12_D_YA,YA_2017_D,57.27,-4.92,16,57.27,-4.92,-1.96780397813196,23.4121098706643,21.4443058925324
GA10_1_D_YA,YA_2017_D,57.27,-4.92,21,57.27,-4.92,0.53219602186805,25.9121098706643,26.4443058925324
GA8_23_D_YA,YA_2017_D,57.27,-4.92,26,57.27,-4.92,3.03219602186806,28.4121098706643,31.4443058925324
GA9_1_D_YA,YA_2017_D,57.27,-4.92,21,57.27,-4.92,0.53219602186805,25.9121098706643,26.4443058925324
GL1_20_D_YA,YA_2017_D,56.91,-5.13,20,56.91,-5.13,1.06865026812233,26.4485641169186,27.5172143850409
GL2_27_D_YA,YA_2017_D,56.91,-5.13,14,56.91,-5.13,-1.93134973187768,23.4485641169186,21.5172143850409
GL6_18_D_YA,YA_2017_D,56.91,-5.13,15,56.91,-5.13,-1.43134973187768,23.9485641169186,22.5172143850409
GL8_30_D_YA,YA_2017_D,56.91,-5.13,20,56.91,-5.13,1.06865026812233,26.4485641169186,27.5172143850409
GT1_23_D_YA,YA_2017_D,57.05,-2.86,14,57.05,-2.86,-1.19083778199681,24.1890760667995,22.9982382848027
GT2_23_D_YA,YA_2017_D,57.05,-2.86,14,57.05,-2.86,-1.19083778199681,24.1890760667995,22.9982382848027
GT5_1_D_YA,YA_2017_D,57.05,-2.86,26,57.05,-2.86,4.80916221800321,30.1890760667995,34.9982382848027
GT6_4_D_YA,YA_2017_D,57.05,-2.86,16,57.05,-2.86,-0.190837781996805,25.1890760667995,24.9982382848027
GT8_11_D_YA,YA_2017_D,57.05,-2.86,14,57.05,-2.86,-1.19083778199681,24.1890760667995,22.9982382848027
GT9_30_D_YA,YA_2017_D,57.05,-2.86,14,57.05,-2.86,-1.19083778199681,24.1890760667995,22.9982382848027
RD1_12_D_YA,YA_2017_D,57.89,-4.98,26,57.89,-4.98,1.05765342531943,26.4375672741157,27.4952206994351
RD3_19_D_YA,YA_2017_D,57.89,-4.98,26,57.89,-4.98,1.05765342531943,26.4375672741157,27.4952206994351
RD5_17_D_YA,YA_2017_D,57.89,-4.98,21,57.89,-4.98,-1.44234657468058,23.9375672741157,22.4952206994351
RD7_14_D_YA,YA_2017_D,57.89,-4.98,21,57.89,-4.98,-1.44234657468058,23.9375672741157,22.4952206994351
BE2_30_D_YA,YA_2018_D,57.63,-5.35,14,57.63,-5.35,-1.1982438970734,13.237788606886,12.0395447098126
BE3_27_D_YA,YA_2018_D,57.63,-5.35,20,57.63,-5.35,1.80175610292663,16.237788606886,18.0395447098126
BE4_27_D_YA,YA_2018_D,57.63,-5.35,20,57.63,-5.35,1.80175610292663,16.237788606886,18.0395447098126
BE7_20_D_YA,YA_2018_D,57.63,-5.35,14,57.63,-5.35,-1.1982438970734,13.237788606886,12.0395447098126
BE9_12_D_YA,YA_2018_D,57.63,-5.35,14,57.63,-5.35,-1.1982438970734,13.237788606886,12.0395447098126
GA1_12_D_YA,YA_2018_D,57.27,-4.92,14,57.27,-4.92,-1.07625800878851,13.3597744951709,12.2835164863824
GA10_1_D_YA,YA_2018_D,57.27,-4.92,20,57.27,-4.92,1.9237419912115,16.3597744951709,18.2835164863824
GA8_23_D_YA,YA_2018_D,57.27,-4.92,14,57.27,-4.92,-1.07625800878851,13.3597744951709,12.2835164863824
GA9_1_D_YA,YA_2018_D,57.27,-4.92,20,57.27,-4.92,1.9237419912115,16.3597744951709,18.2835164863824
GL1_20_D_YA,YA_2018_D,56.91,-5.13,13,56.91,-5.13,-1.99391998447738,12.4421125194821,10.4481925350047
GL2_27_D_YA,YA_2018_D,56.91,-5.13,20,56.91,-5.13,1.50608001552268,15.942112519482,17.4481925350047
GL6_18_D_YA,YA_2018_D,56.91,-5.13,13,56.91,-5.13,-1.99391998447738,12.4421125194821,10.4481925350047
GL8_30_D_YA,YA_2018_D,56.91,-5.13,20,56.91,-5.13,1.50608001552268,15.942112519482,17.4481925350047
GT1_23_D_YA,YA_2018_D,57.05,-2.86,14,57.05,-2.86,-1.0192453835036,13.4167871204558,12.3975417369522
GT2_23_D_YA,YA_2018_D,57.05,-2.86,14,57.05,-2.86,-1.0192453835036,13.4167871204558,12.3975417369522
GT5_1_D_YA,YA_2018_D,57.05,-2.86,20,57.05,-2.86,1.98075461649643,16.4167871204558,18.3975417369522
GT6_4_D_YA,YA_2018_D,57.05,-2.86,14,57.05,-2.86,-1.0192453835036,13.4167871204558,12.3975417369522
GT8_11_D_YA,YA_2018_D,57.05,-2.86,14,57.05,-2.86,-1.0192453835036,13.4167871204558,12.3975417369522
GT9_30_D_YA,YA_2018_D,57.05,-2.86,20,57.05,-2.86,1.98075461649643,16.4167871204558,18.3975417369522
RD1_12_D_YA,YA_2018_D,57.89,-4.98,13,57.89,-4.98,-0.922519248109825,13.5135132558496,12.5909940077398
RD3_19_D_YA,YA_2018_D,57.89,-4.98,20,57.89,-4.98,2.57748075189022,17.0135132558496,19.5909940077398
RD5_17_D_YA,YA_2018_D,57.89,-4.98,13,57.89,-4.98,-0.922519248109825,13.5135132558496,12.5909940077398
RD7_14_D_YA,YA_2018_D,57.89,-4.98,13,57.89,-4.98,-0.922519248109825,13.5135132558496,12.5909940077398
RD9_30_D_YA,YA_2018_D,57.89,-4.98,14,57.89,-4.98,-0.422519248109818,14.0135132558496,13.5909940077398
BE2_30_D_YA,YA_2019_D,57.63,-5.35,15.5,57.63,-5.35,-0.101399508988724,21.1433631881271,21.0419636791383
BE3_27_D_YA,YA_2019_D,57.63,-5.35,13,57.63,-5.35,-1.35139950898873,19.8933631881271,18.5419636791383
BE4_27_D_YA,YA_2019_D,57.63,-5.35,13,57.63,-5.35,-1.35139950898873,19.8933631881271,18.5419636791383
BE7_20_D_YA,YA_2019_D,57.63,-5.35,13,57.63,-5.35,-1.35139950898873,19.8933631881271,18.5419636791383
BE9_12_D_YA,YA_2019_D,57.63,-5.35,24,57.63,-5.35,4.14860049101129,25.393363188127,29.5419636791383
GA1_12_D_YA,YA_2019_D,57.27,-4.92,15,57.27,-4.92,-1.46269702026882,19.7820656768469,18.3193686565781
GA10_1_D_YA,YA_2019_D,57.27,-4.92,13,57.27,-4.92,-2.46269702026884,18.7820656768469,16.3193686565781
GA8_23_D_YA,YA_2019_D,57.27,-4.92,24.5,57.27,-4.92,3.28730297973121,24.5320656768469,27.8193686565781
GA9_1_D_YA,YA_2019_D,57.27,-4.92,16.5,57.27,-4.92,-0.712697020268823,20.5320656768469,19.8193686565781
GL1_20_D_YA,YA_2019_D,56.91,-5.13,20,56.91,-5.13,1.06938963720936,22.3141523343251,23.3835419715345
GL2_27_D_YA,YA_2019_D,56.91,-5.13,13,56.91,-5.13,-2.43061036279066,18.8141523343251,16.3835419715345
GL6_18_D_YA,YA_2019_D,56.91,-5.13,20,56.91,-5.13,1.06938963720936,22.3141523343251,23.3835419715345
GL8_30_D_YA,YA_2019_D,56.91,-5.13,20,56.91,-5.13,1.06938963720936,22.3141523343251,23.3835419715345
GT1_23_D_YA,YA_2019_D,57.05,-2.86,13,57.05,-2.86,-0.317995913870691,20.9267667832451,20.6087708693744
GT2_23_D_YA,YA_2019_D,57.05,-2.86,13.5,57.05,-2.86,-0.0679959138706909,21.1767667832451,21.1087708693744
GT5_1_D_YA,YA_2019_D,57.05,-2.86,15,57.05,-2.86,0.682004086129316,21.9267667832451,22.6087708693744
GT6_4_D_YA,YA_2019_D,57.05,-2.86,12.5,57.05,-2.86,-0.567995913870698,20.6767667832451,20.1087708693744
GT8_11_D_YA,YA_2019_D,57.05,-2.86,15,57.05,-2.86,0.682004086129316,21.9267667832451,22.6087708693744
GT9_30_D_YA,YA_2019_D,57.05,-2.86,13,57.05,-2.86,-0.317995913870691,20.9267667832451,20.6087708693744
RD1_12_D_YA,YA_2019_D,57.89,-4.98,24,57.89,-4.98,2.59764051208139,23.8424032091971,26.4400437212785
RD3_19_D_YA,YA_2019_D,57.89,-4.98,13,57.89,-4.98,-2.90235948791866,18.3424032091971,15.4400437212785
RD5_17_D_YA,YA_2019_D,57.89,-4.98,20,57.89,-4.98,0.597640512081377,21.8424032091971,22.4400437212785
RD7_14_D_YA,YA_2019_D,57.89,-4.98,20,57.89,-4.98,0.597640512081377,21.8424032091971,22.4400437212785
RD9_30_D_YA,YA_2019_D,57.89,-4.98,18,57.89,-4.98,-0.402359487918631,20.8424032091971,20.4400437212785
