Genotype,Envir,Latitude,Longitude,I,Lat,Lon,I_spats_residuals,I_spats_geno_pred_values,I_spats_adj_pheno
BE10_6_A_GS,GS_2020_A,57.63,-5.35,400,57.63,-5.35,-31.2867847847335,-31.7839941032724,-63.0707788880058
BE2_26_A_GS,GS_2020_A,57.63,-5.35,450,57.63,-5.35,-6.28678478473324,-6.78399410327256,-13.0707788880058
BE5_2_A_GS,GS_2020_A,57.63,-5.35,420,57.63,-5.35,-21.2867847847334,-21.7839941032724,-43.0707788880058
BE7_29_A_GS,GS_2020_A,57.63,-5.35,580,57.63,-5.35,58.7132152152671,58.2160058967269,116.929221111994
GA1_6_A_GS,GS_2020_A,57.27,-4.92,410,57.27,-4.92,62.8991597514802,62.40195043294,125.30111018442
GA10_15_A_GS,GS_2020_A,57.27,-4.92,40,57.27,-4.92,-122.100840248522,-122.598049567058,-244.69888981558
GA6_15_A_GS,GS_2020_A,57.27,-4.92,250,57.27,-4.92,-17.1008402485205,-17.5980495670594,-34.6988898155799
GA9_6_A_GS,GS_2020_A,57.27,-4.92,380,57.27,-4.92,47.8991597514801,47.4019504329401,95.3011101844201
GL1_26_A_GS,GS_2020_A,56.91,-5.13,360,56.91,-5.13,23.0499884756243,22.552779157085,45.6027676327092
GL2_2_A_GS,GS_2020_A,56.91,-5.13,400,56.91,-5.13,43.0499884756244,42.5527791570848,85.6027676327092
GL4_10_A_GS,GS_2020_A,56.91,-5.13,370,56.91,-5.13,28.0499884756243,27.5527791570849,55.6027676327092
GL5_6_A_GS,GS_2020_A,56.91,-5.13,440,56.91,-5.13,63.0499884756245,62.5527791570846,125.602767632709
GL6_2_A_GS,GS_2020_A,56.91,-5.13,370,56.91,-5.13,28.0499884756243,27.5527791570849,55.6027676327092
GL7_2_A_GS,GS_2020_A,56.91,-5.13,90,56.91,-5.13,-111.950011524376,-112.447220842914,-224.39723236729
GL8_29_A_GS,GS_2020_A,56.91,-5.13,200,56.91,-5.13,-56.9500115243764,-57.4472208429144,-114.397232367291
GT1_22_A_GS,GS_2020_A,57.05,-2.86,140,57.05,-2.86,-35.7662443304587,-36.2634536489972,-72.0296979794559
GT5_6_A_GS,GS_2020_A,57.05,-2.86,260,57.05,-2.86,24.2337556695418,23.7365463510023,47.9703020205441
GT7_5_A_GS,GS_2020_A,57.05,-2.86,130,57.05,-2.86,-40.7662443304588,-41.2634536489971,-82.0296979794559
GT8_29_A_GS,GS_2020_A,57.05,-2.86,320,57.05,-2.86,54.2337556695424,53.7365463510021,107.970302020545
RD1_6_A_GS,GS_2020_A,57.89,-4.98,520,57.89,-4.98,133.421852708486,132.924643389945,266.34649609843
RD5_5_A_GS,GS_2020_A,57.89,-4.98,170,57.89,-4.98,-41.5781472915158,-42.075356610054,-83.6535039015698
RD7_29_A_GS,GS_2020_A,57.89,-4.98,90,57.89,-4.98,-81.5781472915162,-82.0753566100537,-163.65350390157
BE10_6_A_GS,GS_2015_A,57.63,-5.35,225,57.63,-5.35,27.4691141623819,230.313839908136,257.782954070518
BE2_26_A_GS,GS_2015_A,57.63,-5.35,135,57.63,-5.35,-17.530885837617,185.313839908135,167.782954070518
BE4_10_A_GS,GS_2015_A,57.63,-5.35,40,57.63,-5.35,-65.0308858376158,137.813839908134,72.7829540705182
BE5_2_A_GS,GS_2015_A,57.63,-5.35,230,57.63,-5.35,29.9691141623818,232.813839908136,262.782954070518
BE7_29_A_GS,GS_2015_A,57.63,-5.35,220,57.63,-5.35,24.9691141623819,227.813839908136,252.782954070518
GA1_6_A_GS,GS_2015_A,57.27,-4.92,155,57.27,-4.92,-13.2702044449522,189.5745213008,176.304316855848
GA6_15_A_GS,GS_2015_A,57.27,-4.92,170,57.27,-4.92,-5.77020444495238,197.074521300801,191.304316855848
GA9_6_A_GS,GS_2015_A,57.27,-4.92,160,57.27,-4.92,-10.7702044449523,192.074521300801,181.304316855848
GL1_26_A_GS,GS_2015_A,56.91,-5.13,130,56.91,-5.13,-24.6914313451114,178.15329440064,153.461863055529
GL2_2_A_GS,GS_2015_A,56.91,-5.13,285,56.91,-5.13,52.8085686548866,255.653294400642,308.461863055529
GL4_10_A_GS,GS_2015_A,56.91,-5.13,155,56.91,-5.13,-12.1914313451118,190.653294400641,178.461863055529
GL5_6_A_GS,GS_2015_A,56.91,-5.13,130,56.91,-5.13,-24.6914313451114,178.15329440064,153.461863055529
GL6_2_A_GS,GS_2015_A,56.91,-5.13,280,56.91,-5.13,50.3085686548867,253.153294400642,303.461863055529
GL7_2_A_GS,GS_2015_A,56.91,-5.13,150,56.91,-5.13,-14.6914313451117,188.153294400641,173.461863055529
GL8_29_A_GS,GS_2015_A,56.91,-5.13,160,56.91,-5.13,-9.69143134511182,193.153294400641,183.461863055529
GT1_22_A_GS,GS_2015_A,57.05,-2.86,115,57.05,-2.86,-12.0938212180965,190.750904527656,178.657083309559
GT5_6_A_GS,GS_2015_A,57.05,-2.86,90,57.05,-2.86,-24.5938212180962,178.250904527655,153.657083309559
GT7_5_A_GS,GS_2015_A,57.05,-2.86,140,57.05,-2.86,0.406178781903037,203.250904527656,203.657083309559
GT8_29_A_GS,GS_2015_A,57.05,-2.86,265,57.05,-2.86,62.9061787819015,265.750904527658,328.657083309559
GT9_9_A_GS,GS_2015_A,57.05,-2.86,90,57.05,-2.86,-24.5938212180962,178.250904527655,153.657083309559
RD1_6_A_GS,GS_2015_A,57.89,-4.98,225,57.89,-4.98,16.0913893430687,218.936115088823,235.027504431891
RD5_5_A_GS,GS_2015_A,57.89,-4.98,140,57.89,-4.98,-26.4086106569303,176.436115088822,150.027504431891
RD7_29_A_GS,GS_2015_A,57.89,-4.98,235,57.89,-4.98,21.0913893430686,223.936115088823,245.027504431891
BE10_6_A_GS,GS_2016_A,57.63,-5.35,385,57.63,-5.35,47.4540839062306,192.763367644976,240.217451551207
BE2_26_A_GS,GS_2016_A,57.63,-5.35,265,57.63,-5.35,-12.5459160937695,132.763367644976,120.217451551207
BE4_10_A_GS,GS_2016_A,57.63,-5.35,25,57.63,-5.35,-132.54591609377,12.7633676449764,-119.782548448793
BE5_2_A_GS,GS_2016_A,57.63,-5.35,435,57.63,-5.35,72.4540839062306,217.763367644976,290.217451551207
BE7_29_A_GS,GS_2016_A,57.63,-5.35,340,57.63,-5.35,24.9540839062306,170.263367644976,195.217451551207
GA1_6_A_GS,GS_2016_A,57.27,-4.92,185,57.27,-4.92,-14.2044058299358,131.10487790881,116.900472078874
GA10_15_A_GS,GS_2016_A,57.27,-4.92,100,57.27,-4.92,-56.7044058299358,88.6048779088101,31.9004720788743
GA6_15_A_GS,GS_2016_A,57.27,-4.92,265,57.27,-4.92,25.7955941700643,171.10487790881,196.900472078874
GA9_6_A_GS,GS_2016_A,57.27,-4.92,215,57.27,-4.92,0.795594170064277,146.10487790881,146.900472078874
GL1_26_A_GS,GS_2016_A,56.91,-5.13,195,56.91,-5.13,0.787242579701427,146.096526318447,146.883768898148
GL2_2_A_GS,GS_2016_A,56.91,-5.13,200,56.91,-5.13,3.28724257970143,148.596526318447,151.883768898148
GL4_10_A_GS,GS_2016_A,56.91,-5.13,290,56.91,-5.13,48.2872425797015,193.596526318447,241.883768898148
GL5_6_A_GS,GS_2016_A,56.91,-5.13,155,56.91,-5.13,-19.2127574202986,126.096526318447,106.883768898148
GL6_2_A_GS,GS_2016_A,56.91,-5.13,295,56.91,-5.13,50.7872425797015,196.096526318447,246.883768898148
GL7_2_A_GS,GS_2016_A,56.91,-5.13,195,56.91,-5.13,0.787242579701427,146.096526318447,146.883768898148
GL8_29_A_GS,GS_2016_A,56.91,-5.13,75,56.91,-5.13,-59.2127574202987,86.0965263184469,26.8837688981482
GT1_22_A_GS,GS_2016_A,57.05,-2.86,190,57.05,-2.86,0.603841257973301,145.913124996719,146.516966254692
GT5_6_A_GS,GS_2016_A,57.05,-2.86,165,57.05,-2.86,-11.8961587420268,133.413124996719,121.516966254692
GT7_5_A_GS,GS_2016_A,57.05,-2.86,190,57.05,-2.86,0.603841257973301,145.913124996719,146.516966254692
GT8_29_A_GS,GS_2016_A,57.05,-2.86,360,57.05,-2.86,85.6038412579735,230.913124996719,316.516966254693
GT9_9_A_GS,GS_2016_A,57.05,-2.86,45,57.05,-2.86,-71.8961587420269,73.4131249967193,1.51696625469242
RD1_6_A_GS,GS_2016_A,57.89,-4.98,290,57.89,-4.98,19.5057664803144,164.81505021906,184.320816699375
RD5_5_A_GS,GS_2016_A,57.89,-4.98,190,57.89,-4.98,-30.4942335196854,114.81505021906,84.3208166993749
RD7_29_A_GS,GS_2016_A,57.89,-4.98,305,57.89,-4.98,27.0057664803144,172.31505021906,199.320816699375
BE10_6_A_GS,GS_2017_A,57.63,-5.35,430,57.63,-5.35,83.398545644403,362.82758863832,446.226134282723
BE2_26_A_GS,GS_2017_A,57.63,-5.35,165,57.63,-5.35,-49.1014543555971,230.32758863832,181.226134282723
BE4_10_A_GS,GS_2017_A,57.63,-5.35,35,57.63,-5.35,-114.101454355597,165.32758863832,51.2261342827226
BE5_2_A_GS,GS_2017_A,57.63,-5.35,435,57.63,-5.35,85.898545644403,365.32758863832,451.226134282723
BE7_29_A_GS,GS_2017_A,57.63,-5.35,250,57.63,-5.35,-6.60145435559713,272.82758863832,266.226134282723
GA1_6_A_GS,GS_2017_A,57.27,-4.92,260,57.27,-4.92,-3.23060988137729,276.198433112539,272.967823231162
GA10_15_A_GS,GS_2017_A,57.27,-4.92,100,57.27,-4.92,-83.230609881378,196.198433112539,112.967823231161
GA6_15_A_GS,GS_2017_A,57.27,-4.92,275,57.27,-4.92,4.26939011862265,283.698433112539,287.967823231162
GA9_6_A_GS,GS_2017_A,57.27,-4.92,235,57.27,-4.92,-15.730609881378,263.698433112539,247.967823231161
GL1_26_A_GS,GS_2017_A,56.91,-5.13,265,56.91,-5.13,-1.59036953604272,277.838673457874,276.248303921832
GL2_2_A_GS,GS_2017_A,56.91,-5.13,180,56.91,-5.13,-44.0903695360427,235.338673457874,191.248303921832
GL4_10_A_GS,GS_2017_A,56.91,-5.13,320,56.91,-5.13,25.9096304639573,305.338673457874,331.248303921832
GL5_6_A_GS,GS_2017_A,56.91,-5.13,260,56.91,-5.13,-4.09036953604272,275.338673457874,271.248303921832
GL6_2_A_GS,GS_2017_A,56.91,-5.13,215,56.91,-5.13,-26.5903695360427,252.838673457874,226.248303921832
GL7_2_A_GS,GS_2017_A,56.91,-5.13,235,56.91,-5.13,-16.5903695360427,262.838673457874,246.248303921832
GL8_29_A_GS,GS_2017_A,56.91,-5.13,515,56.91,-5.13,123.409630463957,402.838673457874,526.248303921832
GT1_22_A_GS,GS_2017_A,57.05,-2.86,245,57.05,-2.86,11.8342233774437,291.26326637136,303.097489748804
GT5_6_A_GS,GS_2017_A,57.05,-2.86,285,57.05,-2.86,31.8342233774437,311.26326637136,343.097489748804
GT7_5_A_GS,GS_2017_A,57.05,-2.86,220,57.05,-2.86,-0.66577662255628,278.76326637136,278.097489748804
GT8_29_A_GS,GS_2017_A,57.05,-2.86,320,57.05,-2.86,49.3342233774436,328.76326637136,378.097489748804
GT9_9_A_GS,GS_2017_A,57.05,-2.86,50,57.05,-2.86,-85.6657766225564,193.763266371361,108.097489748804
RD1_6_A_GS,GS_2017_A,57.89,-4.98,465,57.89,-4.98,91.7970603895163,371.226103383433,463.023163772949
RD5_5_A_GS,GS_2017_A,57.89,-4.98,160,57.89,-4.98,-60.7029396104839,218.726103383433,158.023163772949
RD7_29_A_GS,GS_2017_A,57.89,-4.98,290,57.89,-4.98,4.29706038951622,283.726103383433,288.023163772949
BE10_6_A_GS,GS_2018_A,57.63,-5.35,525,57.63,-5.35,51.2199670127448,102.297164814006,153.517131826751
BE2_26_A_GS,GS_2018_A,57.63,-5.35,255,57.63,-5.35,-83.780032987256,-32.7028351859928,-116.482868173249
BE5_2_A_GS,GS_2018_A,57.63,-5.35,530,57.63,-5.35,53.7199670127449,104.797164814006,158.517131826751
BE7_29_A_GS,GS_2018_A,57.63,-5.35,380,57.63,-5.35,-21.2800329872556,29.7971648140068,8.51713182675122
GA1_6_A_GS,GS_2018_A,57.27,-4.92,390,57.27,-4.92,53.5775093724854,104.654707173747,158.232216546232
GA10_15_A_GS,GS_2018_A,57.27,-4.92,70,57.27,-4.92,-106.422490627515,-55.3452928262521,-161.767783453768
GA6_15_A_GS,GS_2018_A,57.27,-4.92,300,57.27,-4.92,8.57750937248511,59.6547071737472,68.2322165462323
GA9_6_A_GS,GS_2018_A,57.27,-4.92,325,57.27,-4.92,21.0775093724852,72.1547071737471,93.2322165462323
GL1_26_A_GS,GS_2018_A,56.91,-5.13,360,56.91,-5.13,24.406987679427,75.4841854806888,99.8911731601159
GL2_2_A_GS,GS_2018_A,56.91,-5.13,410,56.91,-5.13,49.4069876794272,100.484185480689,149.891173160116
GL4_10_A_GS,GS_2018_A,56.91,-5.13,360,56.91,-5.13,24.406987679427,75.4841854806888,99.8911731601159
GL5_6_A_GS,GS_2018_A,56.91,-5.13,410,56.91,-5.13,49.4069876794272,100.484185480689,149.891173160116
GL6_2_A_GS,GS_2018_A,56.91,-5.13,275,56.91,-5.13,-18.0930123205732,32.9841854806891,14.8911731601159
GL7_2_A_GS,GS_2018_A,56.91,-5.13,190,56.91,-5.13,-60.5930123205733,-9.51581451931065,-70.108826839884
GL8_29_A_GS,GS_2018_A,56.91,-5.13,200,56.91,-5.13,-55.5930123205733,-4.51581451931068,-60.108826839884
GT1_22_A_GS,GS_2018_A,57.05,-2.86,200,57.05,-2.86,-15.684029623312,35.3931681779502,19.7091385546382
GT5_6_A_GS,GS_2018_A,57.05,-2.86,265,57.05,-2.86,16.8159703766883,67.89316817795,84.7091385546383
GT7_5_A_GS,GS_2018_A,57.05,-2.86,335,57.05,-2.86,51.8159703766888,102.89316817795,154.709138554639
GT8_29_A_GS,GS_2018_A,57.05,-2.86,330,57.05,-2.86,49.3159703766888,100.39316817795,149.709138554639
GT9_9_A_GS,GS_2018_A,57.05,-2.86,30,57.05,-2.86,-100.684029623312,-49.6068318220493,-150.290861445362
RD1_6_A_GS,GS_2018_A,57.89,-4.98,360,57.89,-4.98,55.2937762732221,106.370974074483,161.664750347706
RD5_5_A_GS,GS_2018_A,57.89,-4.98,185,57.89,-4.98,-32.2062237267787,18.870974074484,-13.3352496522947
RD7_29_A_GS,GS_2018_A,57.89,-4.98,220,57.89,-4.98,-14.7062237267786,36.3709740744839,21.6647503477053
BE10_6_A_GS,GS_2019_A,57.63,-5.35,405,57.63,-5.35,-7.51972968816818,182.65017156905,175.130441880882
BE2_26_A_GS,GS_2019_A,57.63,-5.35,335,57.63,-5.35,-42.5197296881681,147.65017156905,105.130441880882
BE5_2_A_GS,GS_2019_A,57.63,-5.35,500,57.63,-5.35,39.9802703118317,230.150171569051,270.130441880882
BE7_29_A_GS,GS_2019_A,57.63,-5.35,440,57.63,-5.35,9.98027031183182,200.15017156905,210.130441880882
GA1_6_A_GS,GS_2019_A,57.27,-4.92,420,57.27,-4.92,56.8164317326527,246.986332989872,303.802764722524
GA10_15_A_GS,GS_2019_A,57.27,-4.92,40,57.27,-4.92,-133.183568267347,56.986332989871,-76.1972352774757
GA6_15_A_GS,GS_2019_A,57.27,-4.92,360,57.27,-4.92,26.8164317326528,216.986332989872,243.802764722524
GA9_6_A_GS,GS_2019_A,57.27,-4.92,375,57.27,-4.92,34.3164317326528,224.486332989872,258.802764722524
GL1_26_A_GS,GS_2019_A,56.91,-5.13,420,56.91,-5.13,66.6099077564205,256.779809013639,323.38971677006
GL2_2_A_GS,GS_2019_A,56.91,-5.13,290,56.91,-5.13,1.60990775642057,191.779809013639,193.38971677006
GL4_10_A_GS,GS_2019_A,56.91,-5.13,400,56.91,-5.13,56.6099077564205,246.779809013639,303.38971677006
GL5_6_A_GS,GS_2019_A,56.91,-5.13,260,56.91,-5.13,-13.3900922435793,176.779809013639,163.38971677006
GL6_2_A_GS,GS_2019_A,56.91,-5.13,385,56.91,-5.13,49.1099077564205,239.279809013639,288.38971677006
GL7_2_A_GS,GS_2019_A,56.91,-5.13,110,56.91,-5.13,-88.3900922435791,101.779809013639,13.3897167700599
GL8_29_A_GS,GS_2019_A,56.91,-5.13,160,56.91,-5.13,-63.3900922435791,126.779809013639,63.3897167700599
GT1_22_A_GS,GS_2019_A,57.05,-2.86,220,57.05,-2.86,-10.9905354257158,179.179365831503,168.188830405787
GT5_6_A_GS,GS_2019_A,57.05,-2.86,225,57.05,-2.86,-8.49053542571576,181.679365831503,173.188830405787
GT7_5_A_GS,GS_2019_A,57.05,-2.86,125,57.05,-2.86,-58.4905354257157,131.679365831502,73.1888304057868
GT8_29_A_GS,GS_2019_A,57.05,-2.86,400,57.05,-2.86,79.0094645742838,269.179365831503,348.188830405787
RD1_6_A_GS,GS_2019_A,57.89,-4.98,390,57.89,-4.98,19.3353264099708,209.50522766719,228.840554077161
RD5_5_A_GS,GS_2019_A,57.89,-4.98,395,57.89,-4.98,21.8353264099708,212.00522766719,233.840554077161
RD7_29_A_GS,GS_2019_A,57.89,-4.98,280,57.89,-4.98,-35.6646735900291,154.50522766719,118.840554077161
BE2_3_C_GS,GS_2020_C,57.63,-5.35,530,57.63,-5.35,107.567597434415,419.337415054788,526.905012489204
BE3_10_C_GS,GS_2020_C,57.63,-5.35,150,57.63,-5.35,-82.4324025655839,229.337415054788,146.905012489204
BE5_9_C_GS,GS_2020_C,57.63,-5.35,260,57.63,-5.35,-27.4324025655843,284.337415054788,256.905012489204
BE7_5_C_GS,GS_2020_C,57.63,-5.35,310,57.63,-5.35,-2.43240256558437,309.337415054788,306.905012489204
BE8_15_C_GS,GS_2020_C,57.63,-5.35,330,57.63,-5.35,7.56759743441563,319.337415054788,326.905012489204
BE9_15_C_GS,GS_2020_C,57.63,-5.35,310,57.63,-5.35,-2.43240256558437,309.337415054788,306.905012489204
GA1_3_C_GS,GS_2020_C,57.27,-4.92,390,57.27,-4.92,47.6586018870119,359.428419507384,407.087021394395
GA5_2_C_GS,GS_2020_C,57.27,-4.92,480,57.27,-4.92,92.6586018870117,404.428419507384,497.087021394395
GA7_2_C_GS,GS_2020_C,57.27,-4.92,330,57.27,-4.92,17.6586018870119,329.428419507383,347.087021394395
GA8_15_C_GS,GS_2020_C,57.27,-4.92,350,57.27,-4.92,27.6586018870119,339.428419507383,367.087021394395
GA9_15_C_GS,GS_2020_C,57.27,-4.92,80,57.27,-4.92,-107.341398112988,204.428419507383,97.087021394395
GL1_29_C_GS,GS_2020_C,56.91,-5.13,420,56.91,-5.13,74.2759913740804,386.045808994453,460.321800368533
GL2_3_C_GS,GS_2020_C,56.91,-5.13,230,56.91,-5.13,-20.7240086259193,291.045808994453,270.321800368533
GL3_22_C_GS,GS_2020_C,56.91,-5.13,170,56.91,-5.13,-50.7240086259191,261.045808994453,210.321800368533
GL4_6_C_GS,GS_2020_C,56.91,-5.13,260,56.91,-5.13,-5.72400862591934,306.045808994453,300.321800368533
GL5_5_C_GS,GS_2020_C,56.91,-5.13,320,56.91,-5.13,24.2759913740806,336.045808994453,360.321800368533
GL6_10_C_GS,GS_2020_C,56.91,-5.13,100,56.91,-5.13,-85.7240086259191,226.045808994452,140.321800368533
GL8_22_C_GS,GS_2020_C,56.91,-5.13,310,56.91,-5.13,19.2759913740806,331.045808994453,350.321800368533
GT2_9_C_GS,GS_2020_C,57.05,-2.86,220,57.05,-2.86,13.277694707625,325.047512327997,338.325207035622
GT3_10_C_GS,GS_2020_C,57.05,-2.86,90,57.05,-2.86,-51.7223052923748,260.047512327997,208.325207035622
GT5_26_C_GS,GS_2020_C,57.05,-2.86,20,57.05,-2.86,-86.7223052923745,225.047512327997,138.325207035622
GT6_5_C_GS,GS_2020_C,57.05,-2.86,260,57.05,-2.86,33.277694707625,345.047512327997,378.325207035622
GT7_2_C_GS,GS_2020_C,57.05,-2.86,280,57.05,-2.86,43.2776947076249,355.047512327997,398.325207035622
GT9_29_C_GS,GS_2020_C,57.05,-2.86,280,57.05,-2.86,43.2776947076249,355.047512327997,398.325207035622
RD1_10_C_GS,GS_2020_C,57.89,-4.98,440,57.89,-4.98,44.5290425848812,356.298860205254,400.827902790135
RD10_6_C_GS,GS_2020_C,57.89,-4.98,250,57.89,-4.98,-50.4709574151186,261.298860205254,210.827902790135
RD2_2_C_GS,GS_2020_C,57.89,-4.98,560,57.89,-4.98,104.529042584881,416.298860205254,520.827902790135
RD3_29_C_GS,GS_2020_C,57.89,-4.98,330,57.89,-4.98,-10.4709574151187,301.298860205254,290.827902790135
RD5_10_C_GS,GS_2020_C,57.89,-4.98,240,57.89,-4.98,-55.4709574151186,256.298860205254,200.827902790135
RD7_5_C_GS,GS_2020_C,57.89,-4.98,270,57.89,-4.98,-40.4709574151186,271.298860205254,230.827902790135
RD8_15_C_GS,GS_2020_C,57.89,-4.98,310,57.89,-4.98,-20.4709574151187,291.298860205254,270.827902790135
BE2_3_C_GS,GS_2015_C,57.63,-5.35,205,57.63,-5.35,-8.78799950358982,77.0170745947425,68.2290750911527
BE3_10_C_GS,GS_2015_C,57.63,-5.35,195,57.63,-5.35,-13.7879995035898,72.0170745947425,58.2290750911528
BE5_9_C_GS,GS_2015_C,57.63,-5.35,245,57.63,-5.35,11.21200049641,97.0170745947427,108.229075091153
BE7_5_C_GS,GS_2015_C,57.63,-5.35,240,57.63,-5.35,8.71200049641004,94.5170745947427,103.229075091153
BE8_15_C_GS,GS_2015_C,57.63,-5.35,220,57.63,-5.35,-1.28799950358987,84.5170745947426,83.2290750911527
BE9_15_C_GS,GS_2015_C,57.63,-5.35,230,57.63,-5.35,3.71200049641007,89.5170745947427,93.2290750911527
GA1_3_C_GS,GS_2015_C,57.27,-4.92,110,57.27,-4.92,-25.8023917448517,60.0026823534807,34.200290608629
GA5_2_C_GS,GS_2015_C,57.27,-4.92,165,57.27,-4.92,1.69760825514811,87.5026823534809,89.200290608629
GA7_2_C_GS,GS_2015_C,57.27,-4.92,130,57.27,-4.92,-15.8023917448517,70.0026823534808,54.200290608629
GA8_15_C_GS,GS_2015_C,57.27,-4.92,270,57.27,-4.92,54.1976082551477,140.002682353481,194.200290608629
GA9_15_C_GS,GS_2015_C,57.27,-4.92,45,57.27,-4.92,-58.3023917448513,27.5026823534804,-30.7997093913709
GL1_29_C_GS,GS_2015_C,56.91,-5.13,215,56.91,-5.13,17.9049639071114,103.710038005444,121.615001912556
GL2_3_C_GS,GS_2015_C,56.91,-5.13,270,56.91,-5.13,45.4049639071113,131.210038005445,176.615001912556
GL3_22_C_GS,GS_2015_C,56.91,-5.13,30,56.91,-5.13,-74.5950360928877,11.2100380054436,-63.3849980874441
GL4_6_C_GS,GS_2015_C,56.91,-5.13,220,56.91,-5.13,20.4049639071114,106.210038005444,126.615001912556
GL5_5_C_GS,GS_2015_C,56.91,-5.13,225,56.91,-5.13,22.9049639071114,108.710038005444,131.615001912556
GL6_10_C_GS,GS_2015_C,56.91,-5.13,160,56.91,-5.13,-9.59503609288828,76.2100380054441,66.6150019125558
GL8_22_C_GS,GS_2015_C,56.91,-5.13,185,56.91,-5.13,2.90496390711161,88.7100380054442,91.6150019125558
GT2_9_C_GS,GS_2015_C,57.05,-2.86,115,57.05,-2.86,-12.83360293019,72.9714711681426,60.1378682379526
GT3_10_C_GS,GS_2015_C,57.05,-2.86,90,57.05,-2.86,-25.3336029301899,60.4714711681425,35.1378682379526
GT5_26_C_GS,GS_2015_C,57.05,-2.86,190,57.05,-2.86,24.6663970698095,110.471471168143,135.137868237952
GT6_5_C_GS,GS_2015_C,57.05,-2.86,185,57.05,-2.86,22.1663970698096,107.971471168143,130.137868237952
GT7_2_C_GS,GS_2015_C,57.05,-2.86,110,57.05,-2.86,-15.33360293019,70.4714711681426,55.1378682379526
GT9_29_C_GS,GS_2015_C,57.05,-2.86,160,57.05,-2.86,9.66639706980965,95.4714711681428,105.137868237952
RD1_10_C_GS,GS_2015_C,57.89,-4.98,240,57.89,-4.98,33.3438322824566,119.14890638079,152.492738663246
RD10_6_C_GS,GS_2015_C,57.89,-4.98,150,57.89,-4.98,-11.6561677175431,74.1489063807893,62.4927386632462
RD2_2_C_GS,GS_2015_C,57.89,-4.98,195,57.89,-4.98,10.8438322824568,96.6489063807894,107.492738663246
RD3_29_C_GS,GS_2015_C,57.89,-4.98,100,57.89,-4.98,-36.6561677175428,49.1489063807891,12.4927386632462
RD5_10_C_GS,GS_2015_C,57.89,-4.98,190,57.89,-4.98,8.34383228245676,94.1489063807894,102.492738663246
RD7_5_C_GS,GS_2015_C,57.89,-4.98,180,57.89,-4.98,3.34383228245682,89.1489063807894,92.4927386632462
RD8_15_C_GS,GS_2015_C,57.89,-4.98,190,57.89,-4.98,8.34383228245676,94.1489063807894,102.492738663246
BE2_3_C_GS,GS_2016_C,57.63,-5.35,275,57.63,-5.35,-2.11915887446798,130.093887236866,127.974728362398
BE3_10_C_GS,GS_2016_C,57.63,-5.35,265,57.63,-5.35,-7.11915887446787,125.093887236866,117.974728362398
BE5_9_C_GS,GS_2016_C,57.63,-5.35,285,57.63,-5.35,2.8808411255319,135.093887236866,137.974728362398
BE7_5_C_GS,GS_2016_C,57.63,-5.35,350,57.63,-5.35,35.3808411255314,167.593887236867,202.974728362398
BE8_15_C_GS,GS_2016_C,57.63,-5.35,285,57.63,-5.35,2.8808411255319,135.093887236866,137.974728362398
BE9_15_C_GS,GS_2016_C,57.63,-5.35,215,57.63,-5.35,-32.1191588744677,100.093887236865,67.9747283623977
GA1_3_C_GS,GS_2016_C,57.27,-4.92,170,57.27,-4.92,-19.2988043968504,112.914241714483,93.6154373176323
GA5_2_C_GS,GS_2016_C,57.27,-4.92,160,57.27,-4.92,-24.2988043968504,107.914241714483,83.6154373176323
GA7_2_C_GS,GS_2016_C,57.27,-4.92,195,57.27,-4.92,-6.79880439685064,125.414241714483,118.615437317632
GA8_15_C_GS,GS_2016_C,57.27,-4.92,245,57.27,-4.92,18.201195603149,150.414241714483,168.615437317632
GA9_15_C_GS,GS_2016_C,57.27,-4.92,190,57.27,-4.92,-9.29880439685058,122.914241714483,113.615437317632
GL1_29_C_GS,GS_2016_C,56.91,-5.13,200,56.91,-5.13,-10.5163801126273,121.696665998706,111.180285886079
GL2_3_C_GS,GS_2016_C,56.91,-5.13,230,56.91,-5.13,4.4836198873725,136.696665998707,141.180285886079
GL3_22_C_GS,GS_2016_C,56.91,-5.13,90,56.91,-5.13,-65.5163801126264,66.6966659987054,1.18028588607903
GL4_6_C_GS,GS_2016_C,56.91,-5.13,275,56.91,-5.13,26.983619887372,159.196665998707,186.180285886079
GL5_5_C_GS,GS_2016_C,56.91,-5.13,260,56.91,-5.13,19.4836198873723,151.696665998707,171.180285886079
GL6_10_C_GS,GS_2016_C,56.91,-5.13,240,56.91,-5.13,9.48361988737238,141.696665998707,151.180285886079
GL8_22_C_GS,GS_2016_C,56.91,-5.13,300,56.91,-5.13,39.483619887372,171.696665998707,211.180285886079
GT2_9_C_GS,GS_2016_C,57.05,-2.86,180,57.05,-2.86,-13.2788593160892,118.934186795244,105.655327479155
GT3_10_C_GS,GS_2016_C,57.05,-2.86,155,57.05,-2.86,-25.778859316089,106.434186795244,80.6553274791549
GT5_26_C_GS,GS_2016_C,57.05,-2.86,245,57.05,-2.86,19.2211406839103,151.434186795245,170.655327479155
GT6_5_C_GS,GS_2016_C,57.05,-2.86,255,57.05,-2.86,24.2211406839102,156.434186795245,180.655327479155
GT7_2_C_GS,GS_2016_C,57.05,-2.86,150,57.05,-2.86,-28.278859316089,103.934186795244,75.6553274791549
GT9_29_C_GS,GS_2016_C,57.05,-2.86,260,57.05,-2.86,26.7211406839101,158.934186795245,185.655327479155
RD1_10_C_GS,GS_2016_C,57.89,-4.98,280,57.89,-4.98,24.999541702256,157.212587813591,182.212129515847
RD10_6_C_GS,GS_2016_C,57.89,-4.98,185,57.89,-4.98,-22.5004582977432,109.71258781359,87.2121295158468
RD2_2_C_GS,GS_2016_C,57.89,-4.98,285,57.89,-4.98,27.4995417022561,159.712587813591,187.212129515847
RD3_29_C_GS,GS_2016_C,57.89,-4.98,175,57.89,-4.98,-27.5004582977431,104.71258781359,77.2121295158468
RD5_10_C_GS,GS_2016_C,57.89,-4.98,325,57.89,-4.98,47.4995417022556,179.712587813591,227.212129515847
RD7_5_C_GS,GS_2016_C,57.89,-4.98,235,57.89,-4.98,2.49954170225641,134.71258781359,137.212129515847
RD8_15_C_GS,GS_2016_C,57.89,-4.98,155,57.89,-4.98,-37.5004582977429,94.7125878135897,57.2121295158468
BE2_3_C_GS,GS_2017_C,57.63,-5.35,330,57.63,-5.35,24.2053466950803,256.935259277793,281.140605972873
BE3_10_C_GS,GS_2017_C,57.63,-5.35,290,57.63,-5.35,4.20534669508049,236.935259277792,241.140605972873
BE5_9_C_GS,GS_2017_C,57.63,-5.35,300,57.63,-5.35,9.20534669508049,241.935259277792,251.140605972873
BE7_5_C_GS,GS_2017_C,57.63,-5.35,360,57.63,-5.35,39.2053466950801,271.935259277793,311.140605972873
BE8_15_C_GS,GS_2017_C,57.63,-5.35,235,57.63,-5.35,-23.2946533049193,209.435259277792,186.140605972873
BE9_15_C_GS,GS_2017_C,57.63,-5.35,175,57.63,-5.35,-53.2946533049191,179.435259277792,126.140605972873
GA1_3_C_GS,GS_2017_C,57.27,-4.92,270,57.27,-4.92,-4.53996813902529,228.189944443687,223.649976304661
GA5_2_C_GS,GS_2017_C,57.27,-4.92,335,57.27,-4.92,27.9600318609745,260.689944443687,288.649976304662
GA7_2_C_GS,GS_2017_C,57.27,-4.92,360,57.27,-4.92,40.4600318609744,273.189944443687,313.649976304662
GA8_15_C_GS,GS_2017_C,57.27,-4.92,340,57.27,-4.92,30.4600318609745,263.189944443687,293.649976304662
GA9_15_C_GS,GS_2017_C,57.27,-4.92,180,57.27,-4.92,-49.5399681390245,183.189944443686,133.649976304662
GL1_29_C_GS,GS_2017_C,56.91,-5.13,225,56.91,-5.13,-5.46978026012852,227.260132322583,221.790352062455
GL2_3_C_GS,GS_2017_C,56.91,-5.13,350,56.91,-5.13,57.030219739871,289.760132322584,346.790352062455
GL3_22_C_GS,GS_2017_C,56.91,-5.13,70,56.91,-5.13,-82.9697802601277,149.760132322583,66.7903520624549
GL4_6_C_GS,GS_2017_C,56.91,-5.13,275,56.91,-5.13,19.5302197398713,252.260132322584,271.790352062455
GL5_5_C_GS,GS_2017_C,56.91,-5.13,215,56.91,-5.13,-10.4697802601285,222.260132322583,211.790352062455
GL6_10_C_GS,GS_2017_C,56.91,-5.13,150,56.91,-5.13,-42.9697802601281,189.760132322583,146.790352062455
GL8_22_C_GS,GS_2017_C,56.91,-5.13,315,56.91,-5.13,39.5302197398711,272.260132322584,311.790352062455
GT2_9_C_GS,GS_2017_C,57.05,-2.86,195,57.05,-2.86,-28.4253466327289,204.304565949983,175.879219317254
GT3_10_C_GS,GS_2017_C,57.05,-2.86,170,57.05,-2.86,-40.9253466327288,191.804565949982,150.879219317254
GT5_26_C_GS,GS_2017_C,57.05,-2.86,325,57.05,-2.86,36.5746533672706,269.304565949983,305.879219317254
GT6_5_C_GS,GS_2017_C,57.05,-2.86,305,57.05,-2.86,26.5746533672707,259.304565949983,285.879219317254
GT7_2_C_GS,GS_2017_C,57.05,-2.86,260,57.05,-2.86,4.07465336727074,236.804565949983,240.879219317254
GT9_29_C_GS,GS_2017_C,57.05,-2.86,250,57.05,-2.86,-0.925346632729202,231.804565949983,230.879219317254
RD1_10_C_GS,GS_2017_C,57.89,-4.98,290,57.89,-4.98,28.0440431631009,260.773955745814,288.817998908915
RD10_6_C_GS,GS_2017_C,57.89,-4.98,170,57.89,-4.98,-31.9559568368986,200.773955745813,168.817998908914
RD2_2_C_GS,GS_2017_C,57.89,-4.98,380,57.89,-4.98,73.0440431631005,305.773955745814,378.817998908915
RD3_29_C_GS,GS_2017_C,57.89,-4.98,175,57.89,-4.98,-29.4559568368987,203.273955745813,173.817998908914
RD5_10_C_GS,GS_2017_C,57.89,-4.98,205,57.89,-4.98,-14.4559568368988,218.273955745813,203.817998908914
RD7_5_C_GS,GS_2017_C,57.89,-4.98,230,57.89,-4.98,-1.95595683689891,230.773955745813,228.817998908914
RD8_15_C_GS,GS_2017_C,57.89,-4.98,155,57.89,-4.98,-39.4559568368985,193.273955745813,153.817998908914
BE2_3_C_GS,GS_2018_C,57.63,-5.35,370,57.63,-5.35,9.21195891062524,258.515310551093,267.727269461718
BE3_10_C_GS,GS_2018_C,57.63,-5.35,360,57.63,-5.35,4.21195891062536,253.515310551093,257.727269461718
BE5_9_C_GS,GS_2018_C,57.63,-5.35,410,57.63,-5.35,29.2119589106252,278.515310551093,307.727269461718
BE7_5_C_GS,GS_2018_C,57.63,-5.35,355,57.63,-5.35,1.71195891062536,251.015310551093,252.727269461718
BE8_15_C_GS,GS_2018_C,57.63,-5.35,310,57.63,-5.35,-20.7880410893746,228.515310551093,207.727269461718
BE9_15_C_GS,GS_2018_C,57.63,-5.35,305,57.63,-5.35,-23.2880410893745,226.015310551092,202.727269461718
GA1_3_C_GS,GS_2018_C,57.27,-4.92,330,57.27,-4.92,13.991717961134,263.295069601602,277.286787562736
GA5_2_C_GS,GS_2018_C,57.27,-4.92,290,57.27,-4.92,-6.00828203886596,243.295069601602,237.286787562736
GA7_2_C_GS,GS_2018_C,57.27,-4.92,460,57.27,-4.92,78.9917179611339,328.295069601602,407.286787562736
GA8_15_C_GS,GS_2018_C,57.27,-4.92,320,57.27,-4.92,8.99171796113404,258.295069601602,267.286787562736
GA9_15_C_GS,GS_2018_C,57.27,-4.92,215,57.27,-4.92,-43.5082820388658,205.795069601602,162.286787562736
GL1_29_C_GS,GS_2018_C,56.91,-5.13,230,56.91,-5.13,-2.88527273551915,246.418078904949,243.53280616943
GL2_3_C_GS,GS_2018_C,56.91,-5.13,170,56.91,-5.13,-32.8852727355191,216.418078904949,183.53280616943
GL3_22_C_GS,GS_2018_C,56.91,-5.13,130,56.91,-5.13,-52.885272735519,196.418078904949,143.53280616943
GL4_6_C_GS,GS_2018_C,56.91,-5.13,185,56.91,-5.13,-25.3852727355192,223.918078904949,198.53280616943
GL5_5_C_GS,GS_2018_C,56.91,-5.13,355,56.91,-5.13,59.6147272644807,308.918078904949,368.53280616943
GL6_10_C_GS,GS_2018_C,56.91,-5.13,260,56.91,-5.13,12.1147272644808,261.418078904949,273.53280616943
GL8_22_C_GS,GS_2018_C,56.91,-5.13,260,56.91,-5.13,12.1147272644808,261.418078904949,273.53280616943
GT2_9_C_GS,GS_2018_C,57.05,-2.86,270,57.05,-2.86,-38.5123036933206,210.791047947147,172.278744253826
GT3_10_C_GS,GS_2018_C,57.05,-2.86,310,57.05,-2.86,-18.5123036933207,230.791047947147,212.278744253826
GT5_26_C_GS,GS_2018_C,57.05,-2.86,210,57.05,-2.86,-68.5123036933205,180.791047947147,112.278744253826
GT6_5_C_GS,GS_2018_C,57.05,-2.86,470,57.05,-2.86,61.487696306679,310.791047947147,372.278744253826
GT7_2_C_GS,GS_2018_C,57.05,-2.86,350,57.05,-2.86,1.48769630667931,250.791047947147,252.278744253826
GT9_29_C_GS,GS_2018_C,57.05,-2.86,465,57.05,-2.86,58.9876963066791,308.291047947147,367.278744253826
RD1_10_C_GS,GS_2018_C,57.89,-4.98,390,57.89,-4.98,43.3629125770233,292.666264217491,336.029176794515
RD10_6_C_GS,GS_2018_C,57.89,-4.98,245,57.89,-4.98,-29.1370874229765,220.166264217491,191.029176794515
RD2_2_C_GS,GS_2018_C,57.89,-4.98,370,57.89,-4.98,33.3629125770233,282.666264217491,316.029176794515
RD3_29_C_GS,GS_2018_C,57.89,-4.98,205,57.89,-4.98,-49.1370874229763,200.166264217491,151.029176794515
RD5_10_C_GS,GS_2018_C,57.89,-4.98,320,57.89,-4.98,8.36291257702339,257.666264217491,266.029176794515
RD7_5_C_GS,GS_2018_C,57.89,-4.98,380,57.89,-4.98,38.3629125770233,287.666264217491,326.029176794515
RD8_15_C_GS,GS_2018_C,57.89,-4.98,175,57.89,-4.98,-64.137087422976,185.166264217491,121.029176794515
BE2_3_C_GS,GS_2019_C,57.63,-5.35,340,57.63,-5.35,-0.785545925978454,266.868111012588,266.08256508661
BE3_10_C_GS,GS_2019_C,57.63,-5.35,340,57.63,-5.35,-0.785545925978454,266.868111012588,266.08256508661
BE5_9_C_GS,GS_2019_C,57.63,-5.35,410,57.63,-5.35,34.2144540740214,301.868111012588,336.08256508661
BE7_5_C_GS,GS_2019_C,57.63,-5.35,475,57.63,-5.35,66.7144540740213,334.368111012588,401.08256508661
BE8_15_C_GS,GS_2019_C,57.63,-5.35,290,57.63,-5.35,-25.7855459259784,241.868111012588,216.08256508661
BE9_15_C_GS,GS_2019_C,57.63,-5.35,195,57.63,-5.35,-73.2855459259783,194.368111012588,121.08256508661
GA1_3_C_GS,GS_2019_C,57.27,-4.92,300,57.27,-4.92,-15.4302901284661,252.2233668101,236.793076681634
GA5_2_C_GS,GS_2019_C,57.27,-4.92,270,57.27,-4.92,-30.4302901284661,237.2233668101,206.793076681634
GA7_2_C_GS,GS_2019_C,57.27,-4.92,410,57.27,-4.92,39.5697098715337,307.2233668101,346.793076681634
GA8_15_C_GS,GS_2019_C,57.27,-4.92,470,57.27,-4.92,69.5697098715336,337.2233668101,406.793076681634
GA9_15_C_GS,GS_2019_C,57.27,-4.92,315,57.27,-4.92,-7.93029012846614,259.7233668101,251.793076681634
GL1_29_C_GS,GS_2019_C,56.91,-5.13,310,56.91,-5.13,24.734219144074,292.387876082641,317.122095226715
GL2_3_C_GS,GS_2019_C,56.91,-5.13,380,56.91,-5.13,59.7342191440739,327.387876082641,387.122095226715
GL3_22_C_GS,GS_2019_C,56.91,-5.13,190,56.91,-5.13,-35.2657808559259,232.387876082641,197.122095226715
GL4_6_C_GS,GS_2019_C,56.91,-5.13,215,56.91,-5.13,-22.765780855926,244.887876082641,222.122095226715
GL5_5_C_GS,GS_2019_C,56.91,-5.13,325,56.91,-5.13,32.2342191440739,299.887876082641,332.122095226715
GL6_10_C_GS,GS_2019_C,56.91,-5.13,90,56.91,-5.13,-85.2657808559257,182.38787608264,97.1220952267147
GL8_22_C_GS,GS_2019_C,56.91,-5.13,250,56.91,-5.13,-5.26578085592598,262.387876082641,257.122095226715
GT2_9_C_GS,GS_2019_C,57.05,-2.86,270,57.05,-2.86,-1.87845085030961,265.775206088257,263.896755237947
GT3_10_C_GS,GS_2019_C,57.05,-2.86,60,57.05,-2.86,-106.87845085031,160.775206088257,53.8967552379469
GT5_26_C_GS,GS_2019_C,57.05,-2.86,170,57.05,-2.86,-51.8784508503098,215.775206088257,163.896755237947
GT6_5_C_GS,GS_2019_C,57.05,-2.86,440,57.05,-2.86,83.1215491496902,350.775206088257,433.896755237947
GT7_2_C_GS,GS_2019_C,57.05,-2.86,250,57.05,-2.86,-11.8784508503095,255.775206088257,243.896755237947
GT9_29_C_GS,GS_2019_C,57.05,-2.86,445,57.05,-2.86,85.6215491496902,353.275206088257,438.896755237947
RD1_10_C_GS,GS_2019_C,57.89,-4.98,300,57.89,-4.98,9.64227104163973,277.295927980206,286.938199021846
RD10_6_C_GS,GS_2019_C,57.89,-4.98,245,57.89,-4.98,-17.8577289583603,249.795927980206,231.938199021846
RD2_2_C_GS,GS_2019_C,57.89,-4.98,350,57.89,-4.98,34.6422710416396,302.295927980206,336.938199021846
RD3_29_C_GS,GS_2019_C,57.89,-4.98,195,57.89,-4.98,-42.8577289583601,224.795927980206,181.938199021846
RD5_10_C_GS,GS_2019_C,57.89,-4.98,360,57.89,-4.98,39.6422710416396,307.295927980206,346.938199021846
RD7_5_C_GS,GS_2019_C,57.89,-4.98,250,57.89,-4.98,-15.3577289583603,252.295927980206,236.938199021846
RD8_15_C_GS,GS_2019_C,57.89,-4.98,225,57.89,-4.98,-27.8577289583602,239.795927980206,211.938199021846
BE10_19_D_GS,GS_2020_D,57.63,-5.35,190,57.63,-5.35,-82.2289202013213,19.6946121557491,-62.5343080455723
BE2_15_D_GS,GS_2020_D,57.63,-5.35,460,57.63,-5.35,52.7710797986745,154.694612155753,207.465691954428
BE3_29_D_GS,GS_2020_D,57.63,-5.35,140,57.63,-5.35,-107.228920201321,-5.30538784425168,-112.534308045573
BE4_6_D_GS,GS_2020_D,57.63,-5.35,360,57.63,-5.35,2.77107979867606,104.694612155752,107.465691954428
BE7_26_D_GS,GS_2020_D,57.63,-5.35,370,57.63,-5.35,7.77107979867594,109.694612155752,117.465691954428
BE8_22_D_GS,GS_2020_D,57.63,-5.35,640,57.63,-5.35,142.771079798672,244.694612155756,387.465691954428
BE9_29_D_GS,GS_2020_D,57.63,-5.35,320,57.63,-5.35,-17.2289202013233,84.6946121557511,67.4656919544278
GA1_26_D_GS,GS_2020_D,57.27,-4.92,240,57.27,-4.92,-1.61339148616938,100.310140870906,98.6967493847365
GA10_22_D_GS,GS_2020_D,57.27,-4.92,150,57.27,-4.92,-46.613391486168,55.3101408709045,8.6967493847365
GA3_29_D_GS,GS_2020_D,57.27,-4.92,70,57.27,-4.92,-86.6133914861668,15.3101408709033,-71.3032506152635
GA5_6_D_GS,GS_2020_D,57.27,-4.92,80,57.27,-4.92,-81.6133914861669,20.3101408709034,-61.3032506152635
GA6_5_D_GS,GS_2020_D,57.27,-4.92,210,57.27,-4.92,-16.6133914861689,85.3101408709054,68.6967493847365
GA7_26_D_GS,GS_2020_D,57.27,-4.92,510,57.27,-4.92,133.386608513827,235.31014087091,368.696749384737
GA8_29_D_GS,GS_2020_D,57.27,-4.92,210,57.27,-4.92,-16.6133914861689,85.3101408709054,68.6967493847365
GL3_26_D_GS,GS_2020_D,56.91,-5.13,280,56.91,-5.13,9.23563627293487,111.159168630011,120.394804902946
GL4_3_D_GS,GS_2020_D,56.91,-5.13,300,56.91,-5.13,19.2356362729345,121.159168630011,140.394804902946
GL6_15_D_GS,GS_2020_D,56.91,-5.13,320,56.91,-5.13,29.2356362729342,131.159168630012,160.394804902946
GL7_15_D_GS,GS_2020_D,56.91,-5.13,280,56.91,-5.13,9.23563627293487,111.159168630011,120.394804902946
GT2_26_D_GS,GS_2020_D,57.05,-2.86,360,57.05,-2.86,62.6408966771385,164.564429034218,227.205325711356
GT6_29_D_GS,GS_2020_D,57.05,-2.86,160,57.05,-2.86,-37.3591033228586,64.5644290342147,27.2053257113561
GT8_22_D_GS,GS_2020_D,57.05,-2.86,200,57.05,-2.86,-17.3591033228592,84.5644290342153,67.2053257113561
RD10_10_D_GS,GS_2020_D,57.89,-4.98,300,57.89,-4.98,22.005157781536,123.928690138612,145.933847920148
RD2_9_D_GS,GS_2020_D,57.89,-4.98,310,57.89,-4.98,27.0051577815359,128.928690138613,155.933847920148
RD3_2_D_GS,GS_2020_D,57.89,-4.98,120,57.89,-4.98,-67.9948422184615,33.9286901386096,-34.0661520798519
RD5_6_D_GS,GS_2020_D,57.89,-4.98,270,57.89,-4.98,7.00515778153647,108.928690138612,115.933847920148
RD8_22_D_GS,GS_2020_D,57.89,-4.98,450,57.89,-4.98,97.0051577815337,198.928690138615,295.933847920148
RD9_6_D_GS,GS_2020_D,57.89,-4.98,170,57.89,-4.98,-42.9948422184623,58.9286901386104,15.9338479201481
BE10_19_D_GS,GS_2015_D,57.63,-5.35,150,57.63,-5.35,-10.3969950485618,161.20489872515,150.807903676589
BE2_15_D_GS,GS_2015_D,57.63,-5.35,145,57.63,-5.35,-12.8969950485617,158.70489872515,145.807903676589
BE3_29_D_GS,GS_2015_D,57.63,-5.35,160,57.63,-5.35,-5.39699504856185,166.20489872515,160.807903676589
BE4_6_D_GS,GS_2015_D,57.63,-5.35,100,57.63,-5.35,-35.3969950485614,136.20489872515,100.807903676589
BE7_26_D_GS,GS_2015_D,57.63,-5.35,155,57.63,-5.35,-7.89699504856182,163.70489872515,155.807903676589
BE8_22_D_GS,GS_2015_D,57.63,-5.35,205,57.63,-5.35,17.1030049514378,188.704898725151,205.807903676588
BE9_29_D_GS,GS_2015_D,57.63,-5.35,280,57.63,-5.35,54.6030049514372,226.204898725151,280.807903676589
GA1_26_D_GS,GS_2015_D,57.27,-4.92,240,57.27,-4.92,33.7356068802974,205.337500654011,239.073107534308
GA10_22_D_GS,GS_2015_D,57.27,-4.92,150,57.27,-4.92,-11.2643931197018,160.33750065401,149.073107534308
GA3_29_D_GS,GS_2015_D,57.27,-4.92,230,57.27,-4.92,28.7356068802975,200.337500654011,229.073107534308
GA5_6_D_GS,GS_2015_D,57.27,-4.92,65,57.27,-4.92,-53.7643931197013,117.837500654009,64.073107534308
GA6_5_D_GS,GS_2015_D,57.27,-4.92,110,57.27,-4.92,-31.2643931197015,140.33750065401,109.073107534308
GA7_26_D_GS,GS_2015_D,57.27,-4.92,175,57.27,-4.92,1.23560688029798,172.83750065401,174.073107534308
GA8_29_D_GS,GS_2015_D,57.27,-4.92,130,57.27,-4.92,-21.2643931197017,150.33750065401,129.073107534308
GL3_26_D_GS,GS_2015_D,56.91,-5.13,205,56.91,-5.13,14.1996567839997,185.801550557713,200.001207341712
GL4_3_D_GS,GS_2015_D,56.91,-5.13,135,56.91,-5.13,-20.8003432159997,150.801550557712,130.001207341712
GL6_15_D_GS,GS_2015_D,56.91,-5.13,245,56.91,-5.13,34.1996567839994,205.801550557713,240.001207341712
GL7_15_D_GS,GS_2015_D,56.91,-5.13,100,56.91,-5.13,-38.3003432159995,133.301550557712,95.0012073417122
GL8_15_D_GS,GS_2015_D,56.91,-5.13,260,56.91,-5.13,41.6996567839993,213.301550557713,255.001207341712
GT2_26_D_GS,GS_2015_D,57.05,-2.86,150,57.05,-2.86,9.55622178026937,181.158115553982,190.714337334252
GT6_29_D_GS,GS_2015_D,57.05,-2.86,85,57.05,-2.86,-22.9437782197301,148.658115553982,125.714337334252
GT8_22_D_GS,GS_2015_D,57.05,-2.86,165,57.05,-2.86,17.0562217802693,188.658115553982,205.714337334252
RD10_10_D_GS,GS_2015_D,57.89,-4.98,230,57.89,-4.98,27.4104613195116,199.012355093225,226.422816412736
RD2_9_D_GS,GS_2015_D,57.89,-4.98,155,57.89,-4.98,-10.0895386804878,161.512355093224,151.422816412736
RD3_2_D_GS,GS_2015_D,57.89,-4.98,110,57.89,-4.98,-32.5895386804874,139.012355093224,106.422816412736
RD5_6_D_GS,GS_2015_D,57.89,-4.98,195,57.89,-4.98,9.91046131951188,181.512355093225,191.422816412736
RD8_22_D_GS,GS_2015_D,57.89,-4.98,160,57.89,-4.98,-7.58953868048783,164.012355093224,156.422816412736
RD9_6_D_GS,GS_2015_D,57.89,-4.98,240,57.89,-4.98,32.4104613195115,204.012355093225,236.422816412737
BE10_19_D_GS,GS_2016_D,57.63,-5.35,50,57.63,-5.35,-103.543443773538,119.657485657015,16.114041883477
BE2_15_D_GS,GS_2016_D,57.63,-5.35,230,57.63,-5.35,-13.5434437735388,209.657485657016,196.114041883477
BE3_29_D_GS,GS_2016_D,57.63,-5.35,350,57.63,-5.35,46.4565562264609,269.657485657016,316.114041883477
BE4_6_D_GS,GS_2016_D,57.63,-5.35,280,57.63,-5.35,11.4565562264611,234.657485657016,246.114041883477
BE7_26_D_GS,GS_2016_D,57.63,-5.35,310,57.63,-5.35,26.456556226461,249.657485657016,276.114041883477
BE8_22_D_GS,GS_2016_D,57.63,-5.35,315,57.63,-5.35,28.956556226461,252.157485657016,281.114041883477
BE9_29_D_GS,GS_2016_D,57.63,-5.35,265,57.63,-5.35,3.95655622646109,227.157485657016,231.114041883477
GA1_26_D_GS,GS_2016_D,57.27,-4.92,255,57.27,-4.92,12.5449705617226,235.745899992278,248.290870554
GA10_22_D_GS,GS_2016_D,57.27,-4.92,295,57.27,-4.92,32.5449705617224,255.745899992278,288.290870554
GA3_29_D_GS,GS_2016_D,57.27,-4.92,275,57.27,-4.92,22.5449705617226,245.745899992278,268.290870554
GA5_6_D_GS,GS_2016_D,57.27,-4.92,150,57.27,-4.92,-39.9550294382772,183.245899992277,143.290870554
GA6_5_D_GS,GS_2016_D,57.27,-4.92,205,57.27,-4.92,-12.4550294382773,210.745899992277,198.290870554
GA7_26_D_GS,GS_2016_D,57.27,-4.92,345,57.27,-4.92,57.5449705617223,280.745899992278,338.290870554
GA8_29_D_GS,GS_2016_D,57.27,-4.92,160,57.27,-4.92,-34.9550294382772,188.245899992277,153.290870554
GL3_26_D_GS,GS_2016_D,56.91,-5.13,305,56.91,-5.13,46.6465093664448,269.847438797,316.493948163445
GL4_3_D_GS,GS_2016_D,56.91,-5.13,165,56.91,-5.13,-23.3534906335549,199.847438797,176.493948163445
GL6_15_D_GS,GS_2016_D,56.91,-5.13,170,56.91,-5.13,-20.8534906335549,202.347438797,181.493948163445
GL7_15_D_GS,GS_2016_D,56.91,-5.13,110,56.91,-5.13,-50.8534906335548,172.347438797,121.493948163445
GL8_15_D_GS,GS_2016_D,56.91,-5.13,265,56.91,-5.13,26.646509366445,249.847438797,276.493948163445
GT2_26_D_GS,GS_2016_D,57.05,-2.86,155,57.05,-2.86,-43.3587303434903,179.842199087064,136.483468743574
GT6_29_D_GS,GS_2016_D,57.05,-2.86,180,57.05,-2.86,-30.8587303434904,192.342199087064,161.483468743574
GT8_22_D_GS,GS_2016_D,57.05,-2.86,385,57.05,-2.86,71.641269656509,294.842199087065,366.483468743574
RD10_10_D_GS,GS_2016_D,57.89,-4.98,330,57.89,-4.98,36.4721594468261,259.673088877381,296.145248324207
RD2_9_D_GS,GS_2016_D,57.89,-4.98,215,57.89,-4.98,-21.0278405531742,202.17308887738,181.145248324206
RD3_2_D_GS,GS_2016_D,57.89,-4.98,215,57.89,-4.98,-21.0278405531742,202.17308887738,181.145248324206
RD5_6_D_GS,GS_2016_D,57.89,-4.98,300,57.89,-4.98,21.4721594468263,244.673088877381,266.145248324207
RD8_22_D_GS,GS_2016_D,57.89,-4.98,225,57.89,-4.98,-16.0278405531742,207.17308887738,191.145248324206
RD9_6_D_GS,GS_2016_D,57.89,-4.98,230,57.89,-4.98,-13.5278405531742,209.67308887738,196.145248324206
BE10_19_D_GS,GS_2017_D,57.63,-5.35,140,57.63,-5.35,-74.2373217361353,146.779280704557,72.5419589684214
BE2_15_D_GS,GS_2017_D,57.63,-5.35,275,57.63,-5.35,-6.73732173613678,214.279280704558,207.541958968421
BE3_29_D_GS,GS_2017_D,57.63,-5.35,180,57.63,-5.35,-54.2373217361356,166.779280704557,112.541958968421
BE4_6_D_GS,GS_2017_D,57.63,-5.35,330,57.63,-5.35,20.7626782638628,241.779280704558,262.541958968421
BE7_26_D_GS,GS_2017_D,57.63,-5.35,415,57.63,-5.35,63.2626782638621,284.279280704559,347.541958968421
BE8_22_D_GS,GS_2017_D,57.63,-5.35,300,57.63,-5.35,5.762678263863,226.779280704558,232.541958968421
BE9_29_D_GS,GS_2017_D,57.63,-5.35,380,57.63,-5.35,45.7626782638624,266.779280704559,312.541958968421
GA1_26_D_GS,GS_2017_D,57.27,-4.92,265,57.27,-4.92,6.12728761024448,227.143890050939,233.271177661183
GA10_22_D_GS,GS_2017_D,57.27,-4.92,335,57.27,-4.92,41.127287610244,262.14389005094,303.271177661184
GA3_29_D_GS,GS_2017_D,57.27,-4.92,275,57.27,-4.92,11.1272876102444,232.143890050939,243.271177661183
GA5_6_D_GS,GS_2017_D,57.27,-4.92,165,57.27,-4.92,-43.8727123897544,177.143890050938,133.271177661184
GA6_5_D_GS,GS_2017_D,57.27,-4.92,215,57.27,-4.92,-18.8727123897548,202.143890050939,183.271177661184
GA7_26_D_GS,GS_2017_D,57.27,-4.92,375,57.27,-4.92,61.1272876102436,282.14389005094,343.271177661183
GA8_29_D_GS,GS_2017_D,57.27,-4.92,270,57.27,-4.92,8.62728761024442,229.643890050939,238.271177661183
GL3_26_D_GS,GS_2017_D,56.91,-5.13,280,56.91,-5.13,18.4717515502365,239.488353990932,257.960105541168
GL4_3_D_GS,GS_2017_D,56.91,-5.13,260,56.91,-5.13,8.47175155023692,229.488353990932,237.960105541169
GL6_15_D_GS,GS_2017_D,56.91,-5.13,155,56.91,-5.13,-44.0282484497622,176.988353990931,132.960105541169
GL7_15_D_GS,GS_2017_D,56.91,-5.13,140,56.91,-5.13,-51.5282484497621,169.488353990931,117.960105541169
GL8_15_D_GS,GS_2017_D,56.91,-5.13,305,56.91,-5.13,30.9717515502363,251.988353990932,282.960105541168
GT2_26_D_GS,GS_2017_D,57.05,-2.86,325,57.05,-2.86,39.3483788631697,260.364981303866,299.713360167035
GT6_29_D_GS,GS_2017_D,57.05,-2.86,215,57.05,-2.86,-15.6516211368291,205.364981303865,189.713360167036
GT8_22_D_GS,GS_2017_D,57.05,-2.86,190,57.05,-2.86,-28.151621136829,192.864981303865,164.713360167036
RD10_10_D_GS,GS_2017_D,57.89,-4.98,350,57.89,-4.98,40.2277240900929,261.244326530788,301.472050620881
RD2_9_D_GS,GS_2017_D,57.89,-4.98,250,57.89,-4.98,-9.77227590990628,211.244326530788,201.472050620881
RD3_2_D_GS,GS_2017_D,57.89,-4.98,225,57.89,-4.98,-22.2722759099063,198.744326530787,176.472050620881
RD5_6_D_GS,GS_2017_D,57.89,-4.98,220,57.89,-4.98,-24.7722759099063,196.244326530787,171.472050620881
RD8_22_D_GS,GS_2017_D,57.89,-4.98,215,57.89,-4.98,-27.2722759099062,193.744326530787,166.472050620881
RD9_6_D_GS,GS_2017_D,57.89,-4.98,310,57.89,-4.98,20.2277240900933,241.244326530788,261.472050620881
BE10_19_D_GS,GS_2018_D,57.63,-5.35,240,57.63,-5.35,-66.2125487577578,215.42129072395,149.208741966193
BE2_15_D_GS,GS_2018_D,57.63,-5.35,290,57.63,-5.35,-41.2125487577581,240.421290723951,199.208741966192
BE3_29_D_GS,GS_2018_D,57.63,-5.35,350,57.63,-5.35,-11.2125487577584,270.421290723951,259.208741966192
BE4_6_D_GS,GS_2018_D,57.63,-5.35,550,57.63,-5.35,88.7874512422405,370.421290723952,459.208741966193
BE8_22_D_GS,GS_2018_D,57.63,-5.35,545,57.63,-5.35,86.2874512422405,367.921290723952,454.208741966192
BE9_29_D_GS,GS_2018_D,57.63,-5.35,260,57.63,-5.35,-56.2125487577579,225.42129072395,169.208741966192
GA1_26_D_GS,GS_2018_D,57.27,-4.92,345,57.27,-4.92,22.9824212796111,304.616260761323,327.598682040934
GA10_22_D_GS,GS_2018_D,57.27,-4.92,300,57.27,-4.92,0.482421279611401,282.116260761322,282.598682040934
GA3_29_D_GS,GS_2018_D,57.27,-4.92,305,57.27,-4.92,2.98242127961134,284.616260761322,287.598682040934
GA5_6_D_GS,GS_2018_D,57.27,-4.92,185,57.27,-4.92,-57.0175787203879,224.616260761322,167.598682040934
GA6_5_D_GS,GS_2018_D,57.27,-4.92,295,57.27,-4.92,-2.0175787203886,279.616260761322,277.598682040934
GA7_26_D_GS,GS_2018_D,57.27,-4.92,355,57.27,-4.92,27.9824212796111,309.616260761323,337.598682040934
GA8_29_D_GS,GS_2018_D,57.27,-4.92,395,57.27,-4.92,47.9824212796108,329.616260761323,377.598682040934
GL3_26_D_GS,GS_2018_D,56.91,-5.13,320,56.91,-5.13,35.5061570787118,317.139996560423,352.646153639135
GL4_3_D_GS,GS_2018_D,56.91,-5.13,200,56.91,-5.13,-24.4938429212871,257.139996560423,232.646153639136
GL6_15_D_GS,GS_2018_D,56.91,-5.13,270,56.91,-5.13,10.5061570787121,292.139996560423,302.646153639135
GL7_15_D_GS,GS_2018_D,56.91,-5.13,280,56.91,-5.13,15.506157078712,297.139996560423,312.646153639135
GL8_15_D_GS,GS_2018_D,56.91,-5.13,125,56.91,-5.13,-61.9938429212867,219.639996560422,157.646153639136
GT2_26_D_GS,GS_2018_D,57.05,-2.86,390,57.05,-2.86,22.3482928662463,303.982132347957,326.330425214204
GT6_29_D_GS,GS_2018_D,57.05,-2.86,260,57.05,-2.86,-42.651707133753,238.982132347957,196.330425214204
GT8_22_D_GS,GS_2018_D,57.05,-2.86,380,57.05,-2.86,17.3482928662464,298.982132347957,316.330425214204
RD10_10_D_GS,GS_2018_D,57.89,-4.98,350,57.89,-4.98,-10.5295534005042,271.104286081206,260.574732680702
RD2_9_D_GS,GS_2018_D,57.89,-4.98,320,57.89,-4.98,-25.5295534005041,256.104286081206,230.574732680702
RD3_2_D_GS,GS_2018_D,57.89,-4.98,270,57.89,-4.98,-50.5295534005037,231.104286081206,180.574732680702
RD5_6_D_GS,GS_2018_D,57.89,-4.98,460,57.89,-4.98,44.4704465994951,326.104286081207,370.574732680702
RD8_22_D_GS,GS_2018_D,57.89,-4.98,445,57.89,-4.98,36.9704465994952,318.604286081207,355.574732680702
RD9_6_D_GS,GS_2018_D,57.89,-4.98,350,57.89,-4.98,-10.5295534005042,271.104286081206,260.574732680702
BE10_19_D_GS,GS_2019_D,57.63,-5.35,210,57.63,-5.35,-55.4518474740228,152.435104591846,96.9832571178232
BE2_15_D_GS,GS_2019_D,57.63,-5.35,420,57.63,-5.35,49.5481525259756,257.435104591848,306.983257117823
BE3_29_D_GS,GS_2019_D,57.63,-5.35,220,57.63,-5.35,-50.451847474023,157.435104591846,106.983257117823
BE4_6_D_GS,GS_2019_D,57.63,-5.35,460,57.63,-5.35,69.5481525259752,277.435104591848,346.983257117823
BE8_22_D_GS,GS_2019_D,57.63,-5.35,325,57.63,-5.35,2.04815252597626,209.935104591847,211.983257117823
BE9_29_D_GS,GS_2019_D,57.63,-5.35,290,57.63,-5.35,-15.4518474740235,192.435104591847,176.983257117823
GA1_26_D_GS,GS_2019_D,57.27,-4.92,175,57.27,-4.92,-26.1781822129629,181.708769852907,155.530587639944
GA10_22_D_GS,GS_2019_D,57.27,-4.92,300,57.27,-4.92,36.3218177870364,244.208769852908,280.530587639944
GA3_29_D_GS,GS_2019_D,57.27,-4.92,195,57.27,-4.92,-16.178182212963,191.708769852907,175.530587639944
GA5_6_D_GS,GS_2019_D,57.27,-4.92,15,57.27,-4.92,-106.178182212962,101.708769852906,-4.46941236005587
GA6_5_D_GS,GS_2019_D,57.27,-4.92,225,57.27,-4.92,-1.17818221296321,206.708769852907,205.530587639944
GA7_26_D_GS,GS_2019_D,57.27,-4.92,405,57.27,-4.92,88.8218177870356,296.708769852909,385.530587639944
GA8_29_D_GS,GS_2019_D,57.27,-4.92,195,57.27,-4.92,-16.178182212963,191.708769852907,175.530587639944
GL3_26_D_GS,GS_2019_D,56.91,-5.13,300,56.91,-5.13,-19.8089025816587,188.078049484211,168.269146902553
GL4_3_D_GS,GS_2019_D,56.91,-5.13,340,56.91,-5.13,0.191097418340974,208.078049484212,208.269146902553
GL6_15_D_GS,GS_2019_D,56.91,-5.13,450,56.91,-5.13,55.1910974183402,263.078049484213,318.269146902553
GL7_15_D_GS,GS_2019_D,56.91,-5.13,280,56.91,-5.13,-29.8089025816585,178.078049484211,148.269146902553
GL8_15_D_GS,GS_2019_D,56.91,-5.13,375,56.91,-5.13,17.6910974183407,225.578049484212,243.269146902553
GT2_26_D_GS,GS_2019_D,57.05,-2.86,360,57.05,-2.86,45.9253236165065,253.812275682378,299.737599298885
GT6_29_D_GS,GS_2019_D,57.05,-2.86,100,57.05,-2.86,-84.0746763834919,123.812275682376,39.7375992988844
GT8_22_D_GS,GS_2019_D,57.05,-2.86,350,57.05,-2.86,40.9253236165066,248.812275682378,289.737599298885
RD10_10_D_GS,GS_2019_D,57.89,-4.98,270,57.89,-4.98,-37.1288496010827,170.758102464787,133.629252863704
RD2_9_D_GS,GS_2019_D,57.89,-4.98,320,57.89,-4.98,-12.1288496010831,195.758102464787,183.629252863704
RD3_2_D_GS,GS_2019_D,57.89,-4.98,340,57.89,-4.98,-2.12884960108323,205.758102464787,203.629252863704
RD5_6_D_GS,GS_2019_D,57.89,-4.98,460,57.89,-4.98,57.8711503989158,265.758102464788,323.629252863704
RD8_22_D_GS,GS_2019_D,57.89,-4.98,425,57.89,-4.98,40.3711503989161,248.258102464788,288.629252863704
RD9_6_D_GS,GS_2019_D,57.89,-4.98,280,57.89,-4.98,-32.1288496010828,175.758102464787,143.629252863704
BE10_22_B_GS,GS_2020_B,57.63,-5.35,280,57.63,-5.35,-8.69885145607867,331.707543714857,323.008692258779
BE3_22_B_GS,GS_2020_B,57.63,-5.35,350,57.63,-5.35,26.3011485439209,366.707543714858,393.008692258779
BE5_5_B_GS,GS_2020_B,57.63,-5.35,300,57.63,-5.35,1.30114854392122,341.707543714857,343.008692258779
BE8_5_B_GS,GS_2020_B,57.63,-5.35,260,57.63,-5.35,-18.6988514560786,321.707543714857,303.008692258779
GA3_22_B_GS,GS_2020_B,57.27,-4.92,380,57.27,-4.92,23.8988667057022,364.305261876639,388.204128582341
GA5_9_B_GS,GS_2020_B,57.27,-4.92,330,57.27,-4.92,-1.10113329429743,339.305261876638,338.204128582341
GA6_3_B_GS,GS_2020_B,57.27,-4.92,210,57.27,-4.92,-61.1011332942967,279.305261876638,218.204128582341
GA7_15_B_GS,GS_2020_B,57.27,-4.92,390,57.27,-4.92,28.8988667057022,369.305261876639,398.204128582341
GA9_29_B_GS,GS_2020_B,57.27,-4.92,430,57.27,-4.92,48.8988667057019,389.305261876639,438.204128582341
GL1_22_B_GS,GS_2020_B,56.91,-5.13,150,56.91,-5.13,-45.9114173411967,294.494977829738,248.583560488541
GL2_15_B_GS,GS_2020_B,56.91,-5.13,280,56.91,-5.13,19.088582658802,359.494977829738,378.58356048854
GL3_10_B_GS,GS_2020_B,56.91,-5.13,250,56.91,-5.13,4.08858265880261,344.494977829738,348.583560488541
GT1_6_B_GS,GS_2020_B,57.05,-2.86,290,57.05,-2.86,-15.3363265312645,325.070068639671,309.733742108406
GT2_2_B_GS,GS_2020_B,57.05,-2.86,190,57.05,-2.86,-65.3363265312641,275.07006863967,209.733742108406
GT3_2_B_GS,GS_2020_B,57.05,-2.86,270,57.05,-2.86,-25.3363265312644,315.07006863967,289.733742108406
GT5_2_B_GS,GS_2020_B,57.05,-2.86,350,57.05,-2.86,14.6636734687351,355.070068639671,369.733742108406
GT6_10_B_GS,GS_2020_B,57.05,-2.86,460,57.05,-2.86,69.6636734687343,410.070068639672,479.733742108406
GT7_22_B_GS,GS_2020_B,57.05,-2.86,200,57.05,-2.86,-60.3363265312639,280.07006863967,219.733742108406
GT8_5_B_GS,GS_2020_B,57.05,-2.86,390,57.05,-2.86,34.6636734687348,375.070068639671,409.733742108406
GT9_15_B_GS,GS_2020_B,57.05,-2.86,410,57.05,-2.86,44.6636734687347,385.070068639671,429.733742108406
RD10_22_B_GS,GS_2020_B,57.89,-4.98,160,57.89,-4.98,-61.8548126860462,278.551582484888,216.696769798842
RD3_26_B_GS,GS_2020_B,57.89,-4.98,410,57.89,-4.98,63.1451873139517,403.551582484889,466.696769798841
RD7_15_B_GS,GS_2020_B,57.89,-4.98,340,57.89,-4.98,28.1451873139522,368.551582484889,396.696769798841
RD8_29_B_GS,GS_2020_B,57.89,-4.98,290,57.89,-4.98,3.14518731395242,343.551582484889,346.696769798841
RD9_5_B_GS,GS_2020_B,57.89,-4.98,190,57.89,-4.98,-46.8548126860463,293.551582484888,246.696769798842
BE10_22_B_GS,GS_2015_B,57.63,-5.35,255,57.63,-5.35,15.6631717778668,101.232453378445,116.895625156312
BE3_22_B_GS,GS_2015_B,57.63,-5.35,200,57.63,-5.35,-11.8368282221326,73.7324533784444,61.8956251563118
BE5_5_B_GS,GS_2015_B,57.63,-5.35,195,57.63,-5.35,-14.3368282221325,71.2324533784444,56.8956251563118
BE8_5_B_GS,GS_2015_B,57.63,-5.35,245,57.63,-5.35,10.6631717778669,96.2324533784449,106.895625156312
GA3_22_B_GS,GS_2015_B,57.27,-4.92,140,57.27,-4.92,-9.60513452947109,75.9641470711061,66.359012541635
GA5_9_B_GS,GS_2015_B,57.27,-4.92,250,57.27,-4.92,45.3948654705277,130.964147071107,176.359012541635
GA6_3_B_GS,GS_2015_B,57.27,-4.92,125,57.27,-4.92,-17.1051345294709,68.4641470711059,51.359012541635
GA7_15_B_GS,GS_2015_B,57.27,-4.92,180,57.27,-4.92,10.3948654705285,95.9641470711065,106.359012541635
GA9_29_B_GS,GS_2015_B,57.27,-4.92,160,57.27,-4.92,0.394865470528686,85.9641470711063,86.359012541635
GL1_22_B_GS,GS_2015_B,56.91,-5.13,170,56.91,-5.13,13.5111989375337,99.0804805381121,112.591679475646
GL2_15_B_GS,GS_2015_B,56.91,-5.13,100,56.91,-5.13,-21.4888010624652,64.0804805381113,42.5916794756461
GL3_10_B_GS,GS_2015_B,56.91,-5.13,125,56.91,-5.13,-8.98880106246583,76.5804805381116,67.5916794756458
GT1_6_B_GS,GS_2015_B,57.05,-2.86,140,57.05,-2.86,-6.18849798867765,79.3807836118999,73.1922856232223
GT2_2_B_GS,GS_2015_B,57.05,-2.86,190,57.05,-2.86,18.8115020113218,104.3807836119,123.192285623222
GT3_2_B_GS,GS_2015_B,57.05,-2.86,195,57.05,-2.86,21.3115020113217,106.880783611901,128.192285623222
GT5_2_B_GS,GS_2015_B,57.05,-2.86,105,57.05,-2.86,-23.6884979886773,61.8807836118995,38.1922856232223
GT6_10_B_GS,GS_2015_B,57.05,-2.86,155,57.05,-2.86,1.31150201132218,86.8807836119001,88.1922856232223
GT7_22_B_GS,GS_2015_B,57.05,-2.86,80,57.05,-2.86,-36.1884979886767,49.3807836118992,13.1922856232225
GT8_5_B_GS,GS_2015_B,57.05,-2.86,220,57.05,-2.86,33.8115020113214,119.380783611901,153.192285623222
GT9_15_B_GS,GS_2015_B,57.05,-2.86,130,57.05,-2.86,-11.1884979886775,74.3807836118998,63.1922856232223
RD10_22_B_GS,GS_2015_B,57.89,-4.98,160,57.89,-4.98,-6.13052547345964,79.4387561271176,73.308230653658
RD3_26_B_GS,GS_2015_B,57.89,-4.98,185,57.89,-4.98,6.36947452654007,91.9387561271179,98.308230653658
RD7_15_B_GS,GS_2015_B,57.89,-4.98,170,57.89,-4.98,-1.13052547345976,84.4387561271177,83.308230653658
RD8_29_B_GS,GS_2015_B,57.89,-4.98,160,57.89,-4.98,-6.13052547345964,79.4387561271176,73.308230653658
RD9_5_B_GS,GS_2015_B,57.89,-4.98,165,57.89,-4.98,-3.6305254734597,81.9387561271177,78.308230653658
BE10_22_B_GS,GS_2016_B,57.63,-5.35,375,57.63,-5.35,36.2900441216959,189.503222532876,225.793266654572
BE3_22_B_GS,GS_2016_B,57.63,-5.35,175,57.63,-5.35,-63.7099558783018,89.5032225328735,25.7932666545717
BE5_5_B_GS,GS_2016_B,57.63,-5.35,355,57.63,-5.35,26.2900441216962,179.503222532876,205.793266654572
BE8_5_B_GS,GS_2016_B,57.63,-5.35,305,57.63,-5.35,1.29004412169678,154.503222532875,155.793266654572
GA3_22_B_GS,GS_2016_B,57.27,-4.92,265,57.27,-4.92,0.684011420550803,153.897189831729,154.58120125228
GA5_9_B_GS,GS_2016_B,57.27,-4.92,245,57.27,-4.92,-9.31598857944903,143.897189831729,134.58120125228
GA6_3_B_GS,GS_2016_B,57.27,-4.92,290,57.27,-4.92,13.1840114205504,166.397189831729,179.58120125228
GA7_15_B_GS,GS_2016_B,57.27,-4.92,385,57.27,-4.92,60.6840114205492,213.897189831731,274.58120125228
GA9_29_B_GS,GS_2016_B,57.27,-4.92,195,57.27,-4.92,-34.3159885794485,118.897189831728,84.5812012522798
GL1_22_B_GS,GS_2016_B,56.91,-5.13,180,56.91,-5.13,-15.0995377729573,138.113640638221,123.014102865263
GL2_15_B_GS,GS_2016_B,56.91,-5.13,230,56.91,-5.13,9.90046222704203,163.113640638221,173.014102865263
GL3_10_B_GS,GS_2016_B,56.91,-5.13,185,56.91,-5.13,-12.5995377729575,140.613640638221,128.014102865263
GT1_6_B_GS,GS_2016_B,57.05,-2.86,220,57.05,-2.86,15.9866904408105,169.19986885199,185.1865592928
GT2_2_B_GS,GS_2016_B,57.05,-2.86,260,57.05,-2.86,35.98669044081,189.19986885199,225.1865592928
GT3_2_B_GS,GS_2016_B,57.05,-2.86,35,57.05,-2.86,-76.5133095591873,76.6998688519876,0.186559292800268
GT5_2_B_GS,GS_2016_B,57.05,-2.86,170,57.05,-2.86,-9.01330955918888,144.199868851989,135.1865592928
GT6_10_B_GS,GS_2016_B,57.05,-2.86,220,57.05,-2.86,15.9866904408105,169.19986885199,185.1865592928
GT7_22_B_GS,GS_2016_B,57.05,-2.86,135,57.05,-2.86,-26.5133095591885,126.699868851989,100.1865592928
GT8_5_B_GS,GS_2016_B,57.05,-2.86,240,57.05,-2.86,25.9866904408102,179.19986885199,205.1865592928
GT9_15_B_GS,GS_2016_B,57.05,-2.86,220,57.05,-2.86,15.9866904408105,169.19986885199,185.1865592928
RD10_22_B_GS,GS_2016_B,57.89,-4.98,250,57.89,-4.98,20.7649712405654,173.978149651745,194.74312089231
RD3_26_B_GS,GS_2016_B,57.89,-4.98,230,57.89,-4.98,10.7649712405657,163.978149651745,174.74312089231
RD7_15_B_GS,GS_2016_B,57.89,-4.98,165,57.89,-4.98,-21.7350287594335,131.478149651744,109.74312089231
RD8_29_B_GS,GS_2016_B,57.89,-4.98,250,57.89,-4.98,20.7649712405654,173.978149651745,194.74312089231
RD9_5_B_GS,GS_2016_B,57.89,-4.98,125,57.89,-4.98,-41.735028759433,111.478149651743,69.7431208923103
BE10_22_B_GS,GS_2017_B,57.63,-5.35,520,57.63,-5.35,80.6558284885036,126.399879884386,207.05570837289
BE3_22_B_GS,GS_2017_B,57.63,-5.35,295,57.63,-5.35,-31.8441715114948,13.8998798843848,-17.94429162711
BE5_5_B_GS,GS_2017_B,57.63,-5.35,300,57.63,-5.35,-29.344171511495,16.3998798843849,-12.9442916271101
BE8_5_B_GS,GS_2017_B,57.63,-5.35,320,57.63,-5.35,-19.3441715114951,26.399879884385,7.05570837288996
GA3_22_B_GS,GS_2017_B,57.27,-4.92,285,57.27,-4.92,38.2608417144782,84.0048931103597,122.265734824838
GA5_9_B_GS,GS_2017_B,57.27,-4.92,220,57.27,-4.92,5.76084171447857,51.5048931103593,57.2657348248379
GA6_3_B_GS,GS_2017_B,57.27,-4.92,155,57.27,-4.92,-26.739158285521,19.0048931103589,-7.73426517516212
GA7_15_B_GS,GS_2017_B,57.27,-4.92,355,57.27,-4.92,73.2608417144782,119.00489311036,192.265734824838
GA9_29_B_GS,GS_2017_B,57.27,-4.92,75,57.27,-4.92,-66.7391582855205,-20.9951068896417,-87.7342651751621
GL1_22_B_GS,GS_2017_B,56.91,-5.13,210,56.91,-5.13,12.9325019265683,58.6765533224493,71.6090552490176
GL2_15_B_GS,GS_2017_B,56.91,-5.13,160,56.91,-5.13,-12.0674980734314,33.676553322449,21.6090552490176
GL3_10_B_GS,GS_2017_B,56.91,-5.13,155,56.91,-5.13,-14.5674980734313,31.176553322449,16.6090552490177
GT1_6_B_GS,GS_2017_B,57.05,-2.86,230,57.05,-2.86,-7.70271229271239,38.0413391031684,30.338626810456
GT2_2_B_GS,GS_2017_B,57.05,-2.86,170,57.05,-2.86,-37.702712292712,8.04133910316796,-29.661373189544
GT3_2_B_GS,GS_2017_B,57.05,-2.86,210,57.05,-2.86,-17.7027122927123,28.0413391031682,10.338626810456
GT5_2_B_GS,GS_2017_B,57.05,-2.86,300,57.05,-2.86,27.297287707287,73.0413391031688,100.338626810456
GT6_10_B_GS,GS_2017_B,57.05,-2.86,345,57.05,-2.86,49.7972877072866,95.5413391031691,145.338626810456
GT7_22_B_GS,GS_2017_B,57.05,-2.86,150,57.05,-2.86,-47.7027122927119,-1.95866089683218,-49.661373189544
GT8_5_B_GS,GS_2017_B,57.05,-2.86,325,57.05,-2.86,39.7972877072867,85.541339103169,125.338626810456
GT9_15_B_GS,GS_2017_B,57.05,-2.86,230,57.05,-2.86,-7.70271229271239,38.0413391031684,30.338626810456
RD10_22_B_GS,GS_2017_B,57.89,-4.98,305,57.89,-4.98,31.2793340071096,77.0233854029913,108.302719410101
RD3_26_B_GS,GS_2017_B,57.89,-4.98,275,57.89,-4.98,16.2793340071099,62.0233854029911,78.302719410101
RD7_15_B_GS,GS_2017_B,57.89,-4.98,195,57.89,-4.98,-23.7206659928895,22.0233854029906,-1.69728058989893
RD8_29_B_GS,GS_2017_B,57.89,-4.98,200,57.89,-4.98,-21.2206659928896,24.5233854029906,3.30271941010105
RD9_5_B_GS,GS_2017_B,57.89,-4.98,220,57.89,-4.98,-11.2206659928897,34.5233854029908,23.3027194101011
BE10_22_B_GS,GS_2018_B,57.63,-5.35,470,57.63,-5.35,53.7743146020048,268.15412524656,321.928439848564
BE3_22_B_GS,GS_2018_B,57.63,-5.35,310,57.63,-5.35,-26.2256853979939,188.154125246558,161.928439848564
BE5_5_B_GS,GS_2018_B,57.63,-5.35,310,57.63,-5.35,-26.2256853979939,188.154125246558,161.928439848564
BE8_5_B_GS,GS_2018_B,57.63,-5.35,360,57.63,-5.35,-1.22568539799431,213.154125246559,211.928439848564
GA3_22_B_GS,GS_2018_B,57.27,-4.92,340,57.27,-4.92,25.2549025953014,239.634713239855,264.889615835156
GA5_9_B_GS,GS_2018_B,57.27,-4.92,325,57.27,-4.92,17.7549025953016,232.134713239855,249.889615835156
GA6_3_B_GS,GS_2018_B,57.27,-4.92,210,57.27,-4.92,-39.7450974046976,174.634713239854,134.889615835156
GA7_15_B_GS,GS_2018_B,57.27,-4.92,350,57.27,-4.92,30.2549025953014,244.634713239855,274.889615835156
GA9_29_B_GS,GS_2018_B,57.27,-4.92,260,57.27,-4.92,-14.7450974046978,199.634713239854,184.889615835156
GL1_22_B_GS,GS_2018_B,56.91,-5.13,200,56.91,-5.13,-37.769078046543,176.610732598008,138.841654551465
GL2_15_B_GS,GS_2018_B,56.91,-5.13,290,56.91,-5.13,7.230921953456,221.610732598009,228.841654551465
GL3_10_B_GS,GS_2018_B,56.91,-5.13,315,56.91,-5.13,19.7309219534558,234.110732598009,253.841654551465
GT1_6_B_GS,GS_2018_B,57.05,-2.86,365,57.05,-2.86,32.340119676379,246.719930320933,279.060049997312
GT2_2_B_GS,GS_2018_B,57.05,-2.86,255,57.05,-2.86,-22.65988032362,191.719930320932,169.060049997312
GT3_2_B_GS,GS_2018_B,57.05,-2.86,280,57.05,-2.86,-10.1598803236203,204.219930320932,194.060049997312
GT5_2_B_GS,GS_2018_B,57.05,-2.86,370,57.05,-2.86,34.840119676379,249.219930320933,284.060049997312
GT6_10_B_GS,GS_2018_B,57.05,-2.86,190,57.05,-2.86,-55.159880323619,159.219930320932,104.060049997313
GT7_22_B_GS,GS_2018_B,57.05,-2.86,190,57.05,-2.86,-55.159880323619,159.219930320932,104.060049997313
GT8_5_B_GS,GS_2018_B,57.05,-2.86,420,57.05,-2.86,59.8401196763785,274.219930320934,334.060049997312
GT9_15_B_GS,GS_2018_B,57.05,-2.86,330,57.05,-2.86,14.8401196763793,229.219930320933,244.060049997312
RD10_22_B_GS,GS_2018_B,57.89,-4.98,300,57.89,-4.98,-5.35709893119929,209.022711713353,203.665612782154
RD3_26_B_GS,GS_2018_B,57.89,-4.98,320,57.89,-4.98,4.64290106880048,219.022711713353,223.665612782154
RD7_15_B_GS,GS_2018_B,57.89,-4.98,270,57.89,-4.98,-20.3570989311991,194.022711713353,173.665612782154
RD8_29_B_GS,GS_2018_B,57.89,-4.98,415,57.89,-4.98,52.1429010687996,266.522711713354,318.665612782154
RD9_5_B_GS,GS_2018_B,57.89,-4.98,235,57.89,-4.98,-37.8570989311987,176.522711713353,138.665612782154
BE10_22_B_GS,GS_2019_B,57.63,-5.35,380,57.63,-5.35,23.8379233942474,263.001426859805,286.839350254052
BE3_22_B_GS,GS_2019_B,57.63,-5.35,270,57.63,-5.35,-31.162076605752,208.001426859804,176.839350254052
BE5_5_B_GS,GS_2019_B,57.63,-5.35,410,57.63,-5.35,38.8379233942472,278.001426859805,316.839350254052
BE8_5_B_GS,GS_2019_B,57.63,-5.35,270,57.63,-5.35,-31.162076605752,208.001426859804,176.839350254052
GA3_22_B_GS,GS_2019_B,57.27,-4.92,360,57.27,-4.92,33.0780047386335,272.241508204191,305.319512942825
GA5_9_B_GS,GS_2019_B,57.27,-4.92,315,57.27,-4.92,10.5780047386338,249.741508204191,260.319512942825
GA6_3_B_GS,GS_2019_B,57.27,-4.92,240,57.27,-4.92,-26.9219952613658,212.24150820419,185.319512942825
GA7_15_B_GS,GS_2019_B,57.27,-4.92,380,57.27,-4.92,43.0780047386334,282.241508204191,325.319512942825
GA9_29_B_GS,GS_2019_B,57.27,-4.92,310,57.27,-4.92,8.07800473863375,247.241508204191,255.319512942825
GL1_22_B_GS,GS_2019_B,56.91,-5.13,270,56.91,-5.13,-12.1932519228363,226.97025154272,214.776999619884
GL2_15_B_GS,GS_2019_B,56.91,-5.13,340,56.91,-5.13,22.8067480771634,261.970251542721,284.776999619884
GL3_10_B_GS,GS_2019_B,56.91,-5.13,195,56.91,-5.13,-49.6932519228363,189.47025154272,139.776999619884
GT1_6_B_GS,GS_2019_B,57.05,-2.86,355,57.05,-2.86,25.0468609573408,264.210364422899,289.257225380239
GT2_2_B_GS,GS_2019_B,57.05,-2.86,105,57.05,-2.86,-99.9531390426575,139.210364422897,39.2572253802397
GT3_2_B_GS,GS_2019_B,57.05,-2.86,300,57.05,-2.86,-2.45313904265879,236.710364422898,234.257225380239
GT5_2_B_GS,GS_2019_B,57.05,-2.86,440,57.05,-2.86,67.5468609573403,306.710364422899,374.257225380239
GT6_10_B_GS,GS_2019_B,57.05,-2.86,450,57.05,-2.86,72.5468609573403,311.710364422899,384.257225380239
GT7_22_B_GS,GS_2019_B,57.05,-2.86,210,57.05,-2.86,-47.4531390426583,191.710364422898,144.257225380239
GT8_5_B_GS,GS_2019_B,57.05,-2.86,400,57.05,-2.86,47.5468609573405,286.710364422899,334.257225380239
GT9_15_B_GS,GS_2019_B,57.05,-2.86,170,57.05,-2.86,-67.4531390426579,171.710364422898,104.25722538024
RD10_22_B_GS,GS_2019_B,57.89,-4.98,300,57.89,-4.98,5.09263016790328,244.25613363346,249.348763801364
RD3_26_B_GS,GS_2019_B,57.89,-4.98,230,57.89,-4.98,-29.9073698320963,209.25613363346,179.348763801364
RD7_15_B_GS,GS_2019_B,57.89,-4.98,290,57.89,-4.98,0.0926301679033372,239.25613363346,239.348763801364
RD8_29_B_GS,GS_2019_B,57.89,-4.98,355,57.89,-4.98,32.5926301679029,271.756133633461,304.348763801364
RD9_5_B_GS,GS_2019_B,57.89,-4.98,225,57.89,-4.98,-32.4073698320963,206.75613363346,174.348763801364
BE2_1_C_YA,YA_2020_C,57.63,-5.35,390,57.63,-5.35,-77.2091364715873,271.986623616271,194.777487144684
BE3_20_C_YA,YA_2020_C,57.63,-5.35,570,57.63,-5.35,12.7908635284132,361.986623616271,374.777487144684
BE4_23_C_YA,YA_2020_C,57.63,-5.35,430,57.63,-5.35,-57.2091364715873,291.986623616271,234.777487144684
BE5_19_C_YA,YA_2020_C,57.63,-5.35,650,57.63,-5.35,52.7908635284133,401.986623616271,454.777487144684
BE7_6_C_YA,YA_2020_C,57.63,-5.35,630,57.63,-5.35,42.7908635284133,391.986623616271,434.777487144684
BE8_19_C_YA,YA_2020_C,57.63,-5.35,570,57.63,-5.35,12.7908635284132,361.986623616271,374.777487144684
BE9_21_C_YA,YA_2020_C,57.63,-5.35,570,57.63,-5.35,12.7908635284132,361.986623616271,374.777487144684
GA10_27_C_YA,YA_2020_C,57.27,-4.92,320,57.27,-4.92,-77.4267897040986,271.76897038376,194.342180679661
GA3_27_C_YA,YA_2020_C,57.27,-4.92,460,57.27,-4.92,-7.42678970409838,341.76897038376,334.342180679661
GA5_23_C_YA,YA_2020_C,57.27,-4.92,520,57.27,-4.92,22.5732102959017,371.76897038376,394.342180679661
GA6_27_C_YA,YA_2020_C,57.27,-4.92,470,57.27,-4.92,-2.42678970409838,346.76897038376,344.342180679661
GA7_23_C_YA,YA_2020_C,57.27,-4.92,530,57.27,-4.92,27.5732102959017,376.76897038376,404.342180679661
GA9_12_C_YA,YA_2020_C,57.27,-4.92,370,57.27,-4.92,-52.4267897040985,296.76897038376,244.342180679661
GL2_1_C_YA,YA_2020_C,56.91,-5.13,720,56.91,-5.13,113.310827971087,462.506588058944,575.817416030031
GL3_12_C_YA,YA_2020_C,56.91,-5.13,410,56.91,-5.13,-41.6891720289133,307.506588058945,265.817416030031
GL4_5_C_YA,YA_2020_C,56.91,-5.13,410,56.91,-5.13,-41.6891720289133,307.506588058945,265.817416030031
GL7_10_C_YA,YA_2020_C,56.91,-5.13,510,56.91,-5.13,8.31082797108684,357.506588058945,365.817416030031
GL8_19_C_YA,YA_2020_C,56.91,-5.13,520,56.91,-5.13,13.310827971087,362.506588058945,375.817416030031
GT2_18_C_YA,YA_2020_C,57.05,-2.86,450,57.05,-2.86,-39.7246342204702,309.471125867388,269.746491646918
GT6_30_C_YA,YA_2020_C,57.05,-2.86,670,57.05,-2.86,70.2753657795298,419.471125867388,489.746491646918
GT7_12_C_YA,YA_2020_C,57.05,-2.86,420,57.05,-2.86,-54.7246342204703,294.471125867388,239.746491646918
GT8_19_C_YA,YA_2020_C,57.05,-2.86,590,57.05,-2.86,30.2753657795297,379.471125867388,409.746491646918
RD1_23_C_YA,YA_2020_C,57.89,-4.98,410,57.89,-4.98,-13.7718182412988,335.423941846559,321.65212360526
RD2_22_C_YA,YA_2020_C,57.89,-4.98,440,57.89,-4.98,1.22818175870123,350.423941846559,351.65212360526
RD3_4_C_YA,YA_2020_C,57.89,-4.98,330,57.89,-4.98,-53.7718182412989,295.423941846559,241.65212360526
RD5_30_C_YA,YA_2020_C,57.89,-4.98,570,57.89,-4.98,66.2281817587013,415.423941846559,481.65212360526
RD7_12_C_YA,YA_2020_C,57.89,-4.98,370,57.89,-4.98,-33.7718182412989,315.423941846559,281.65212360526
RD9_18_C_YA,YA_2020_C,57.89,-4.98,570,57.89,-4.98,66.2281817587013,415.423941846559,481.65212360526
BE2_1_C_YA,YA_2016_C,57.63,-5.35,267,57.63,-5.35,-12.2272732201533,272.993554900366,260.766281680213
BE3_20_C_YA,YA_2016_C,57.63,-5.35,450,57.63,-5.35,79.2727267798468,364.493554900366,443.766281680213
BE4_23_C_YA,YA_2016_C,57.63,-5.35,112,57.63,-5.35,-89.7272732201535,195.493554900366,105.766281680213
BE5_19_C_YA,YA_2016_C,57.63,-5.35,340,57.63,-5.35,24.2727267798467,309.493554900366,333.766281680213
BE7_6_C_YA,YA_2016_C,57.63,-5.35,453,57.63,-5.35,80.7727267798468,365.993554900366,446.766281680213
BE8_19_C_YA,YA_2016_C,57.63,-5.35,285,57.63,-5.35,-3.22727322015328,281.993554900366,278.766281680213
BE9_21_C_YA,YA_2016_C,57.63,-5.35,134,57.63,-5.35,-78.7272732201535,206.493554900366,127.766281680213
GA10_27_C_YA,YA_2016_C,57.27,-4.92,423,57.27,-4.92,54.07819850856,339.299026629079,393.377225137639
GA3_27_C_YA,YA_2016_C,57.27,-4.92,458,57.27,-4.92,71.57819850856,356.799026629079,428.377225137639
GA5_23_C_YA,YA_2016_C,57.27,-4.92,344,57.27,-4.92,14.5781985085599,299.799026629079,314.377225137639
GA6_27_C_YA,YA_2016_C,57.27,-4.92,325,57.27,-4.92,5.07819850855987,290.299026629079,295.377225137639
GA7_23_C_YA,YA_2016_C,57.27,-4.92,187,57.27,-4.92,-63.9218014914404,221.299026629079,157.377225137639
GA9_12_C_YA,YA_2016_C,57.27,-4.92,310,57.27,-4.92,-2.42180149144014,282.799026629079,280.377225137639
GL2_1_C_YA,YA_2016_C,56.91,-5.13,440,56.91,-5.13,69.2085413978634,354.429369518382,423.637910916245
GL3_12_C_YA,YA_2016_C,56.91,-5.13,282,56.91,-5.13,-9.79145860213686,275.429369518382,265.637910916245
GL4_5_C_YA,YA_2016_C,56.91,-5.13,183,56.91,-5.13,-59.2914586021372,225.929369518382,166.637910916245
GL7_10_C_YA,YA_2016_C,56.91,-5.13,255,56.91,-5.13,-23.2914586021369,261.929369518382,238.637910916245
GL8_19_C_YA,YA_2016_C,56.91,-5.13,257,56.91,-5.13,-22.2914586021369,262.929369518382,240.637910916245
GT2_18_C_YA,YA_2016_C,57.05,-2.86,418,57.05,-2.86,67.9050255831346,353.125853703654,421.030879286788
GT6_30_C_YA,YA_2016_C,57.05,-2.86,205,57.05,-2.86,-38.5949744168657,246.625853703654,208.030879286788
GT7_12_C_YA,YA_2016_C,57.05,-2.86,260,57.05,-2.86,-11.0949744168656,274.125853703654,263.030879286788
GT8_19_C_YA,YA_2016_C,57.05,-2.86,235,57.05,-2.86,-23.5949744168657,261.625853703654,238.030879286788
RD1_23_C_YA,YA_2016_C,57.89,-4.98,298,57.89,-4.98,21.4931520279961,306.713980148515,328.207132176511
RD2_22_C_YA,YA_2016_C,57.89,-4.98,135,57.89,-4.98,-60.0068479720044,225.213980148515,165.207132176511
RD3_4_C_YA,YA_2016_C,57.89,-4.98,125,57.89,-4.98,-65.0068479720044,220.213980148515,155.207132176511
RD5_30_C_YA,YA_2016_C,57.89,-4.98,300,57.89,-4.98,22.4931520279961,307.713980148515,330.207132176511
RD7_12_C_YA,YA_2016_C,57.89,-4.98,245,57.89,-4.98,-5.00684797200407,280.213980148515,275.207132176511
RD9_18_C_YA,YA_2016_C,57.89,-4.98,370,57.89,-4.98,57.4931520279962,342.713980148515,400.207132176511
BE2_1_C_YA,YA_2017_C,57.63,-5.35,328,57.63,-5.35,-15.4995873894503,322.772549798787,307.272962409337
BE3_20_C_YA,YA_2017_C,57.63,-5.35,490,57.63,-5.35,65.5004126105498,403.772549798787,469.272962409337
BE4_23_C_YA,YA_2017_C,57.63,-5.35,218,57.63,-5.35,-70.4995873894503,267.772549798787,197.272962409337
BE5_19_C_YA,YA_2017_C,57.63,-5.35,402,57.63,-5.35,21.5004126105498,359.772549798787,381.272962409337
BE7_6_C_YA,YA_2017_C,57.63,-5.35,389,57.63,-5.35,15.0004126105498,353.272549798787,368.272962409337
BE8_19_C_YA,YA_2017_C,57.63,-5.35,450,57.63,-5.35,45.5004126105498,383.772549798787,429.272962409337
BE9_21_C_YA,YA_2017_C,57.63,-5.35,236,57.63,-5.35,-61.4995873894503,276.772549798787,215.272962409337
GA10_27_C_YA,YA_2017_C,57.27,-4.92,391,57.27,-4.92,16.4262574925265,354.698394680764,371.12465217329
GA3_27_C_YA,YA_2017_C,57.27,-4.92,448,57.27,-4.92,44.9262574925265,383.198394680764,428.12465217329
GA5_23_C_YA,YA_2017_C,57.27,-4.92,428,57.27,-4.92,34.9262574925265,373.198394680764,408.12465217329
GA6_27_C_YA,YA_2017_C,57.27,-4.92,303,57.27,-4.92,-27.5737425074735,310.698394680764,283.12465217329
GA7_23_C_YA,YA_2017_C,57.27,-4.92,235,57.27,-4.92,-61.5737425074735,276.698394680764,215.12465217329
GA9_12_C_YA,YA_2017_C,57.27,-4.92,345,57.27,-4.92,-6.57374250747347,331.698394680764,325.12465217329
GL2_1_C_YA,YA_2017_C,56.91,-5.13,502,56.91,-5.13,66.4358117157971,404.707948904034,471.143760619831
GL3_12_C_YA,YA_2017_C,56.91,-5.13,274,56.91,-5.13,-47.564188284203,290.707948904034,243.143760619831
GL4_5_C_YA,YA_2017_C,56.91,-5.13,345,56.91,-5.13,-12.0641882842029,326.207948904034,314.143760619831
GL7_10_C_YA,YA_2017_C,56.91,-5.13,393,56.91,-5.13,11.9358117157971,350.207948904034,362.143760619831
GL8_19_C_YA,YA_2017_C,56.91,-5.13,331,56.91,-5.13,-19.0641882842029,319.207948904034,300.143760619831
GT2_18_C_YA,YA_2017_C,57.05,-2.86,370,57.05,-2.86,2.11550409798201,340.387641286219,342.503145384201
GT6_30_C_YA,YA_2017_C,57.05,-2.86,407,57.05,-2.86,20.615504097982,358.887641286219,379.503145384201
GT7_12_C_YA,YA_2017_C,57.05,-2.86,314,57.05,-2.86,-25.884495902018,312.387641286219,286.503145384201
GT8_19_C_YA,YA_2017_C,57.05,-2.86,372,57.05,-2.86,3.11550409798201,341.387641286219,344.503145384201
RD1_23_C_YA,YA_2017_C,57.89,-4.98,368,57.89,-4.98,14.3830819666866,352.655219154924,367.03830112161
RD2_22_C_YA,YA_2017_C,57.89,-4.98,271,57.89,-4.98,-34.1169180333134,304.155219154924,270.03830112161
RD3_4_C_YA,YA_2017_C,57.89,-4.98,203,57.89,-4.98,-68.1169180333135,270.155219154924,202.03830112161
RD5_30_C_YA,YA_2017_C,57.89,-4.98,370,57.89,-4.98,15.3830819666866,353.655219154924,369.03830112161
RD7_12_C_YA,YA_2017_C,57.89,-4.98,354,57.89,-4.98,7.38308196668663,345.655219154924,353.03830112161
RD9_18_C_YA,YA_2017_C,57.89,-4.98,469,57.89,-4.98,64.8830819666867,403.155219154924,468.03830112161
BE2_1_C_YA,YA_2018_C,57.63,-5.35,355,57.63,-5.35,-57.8623325585267,265.254209083734,207.391876525207
BE3_20_C_YA,YA_2018_C,57.63,-5.35,610,57.63,-5.35,69.637667441474,392.754209083734,462.391876525208
BE4_23_C_YA,YA_2018_C,57.63,-5.35,260,57.63,-5.35,-105.362332558527,217.754209083734,112.391876525207
BE5_19_C_YA,YA_2018_C,57.63,-5.35,560,57.63,-5.35,44.6376674414739,367.754209083734,412.391876525208
BE7_6_C_YA,YA_2018_C,57.63,-5.35,590,57.63,-5.35,59.637667441474,382.754209083734,442.391876525208
BE8_19_C_YA,YA_2018_C,57.63,-5.35,570,57.63,-5.35,49.6376674414739,372.754209083734,422.391876525208
BE9_21_C_YA,YA_2018_C,57.63,-5.35,350,57.63,-5.35,-60.3623325585267,262.754209083734,202.391876525207
GA10_27_C_YA,YA_2018_C,57.27,-4.92,480,57.27,-4.92,27.997892290265,351.114433932525,379.11232622279
GA3_27_C_YA,YA_2018_C,57.27,-4.92,480,57.27,-4.92,27.997892290265,351.114433932525,379.11232622279
GA5_23_C_YA,YA_2018_C,57.27,-4.92,490,57.27,-4.92,32.997892290265,356.114433932525,389.11232622279
GA6_27_C_YA,YA_2018_C,57.27,-4.92,390,57.27,-4.92,-17.002107709735,306.114433932525,289.11232622279
GA7_23_C_YA,YA_2018_C,57.27,-4.92,400,57.27,-4.92,-12.002107709735,311.114433932525,299.11232622279
GA9_12_C_YA,YA_2018_C,57.27,-4.92,290,57.27,-4.92,-67.0021077097349,256.114433932525,189.11232622279
GL2_1_C_YA,YA_2018_C,56.91,-5.13,460,56.91,-5.13,6.80734248762195,329.923884129882,336.731226617504
GL3_12_C_YA,YA_2018_C,56.91,-5.13,400,56.91,-5.13,-23.1926575123781,299.923884129882,276.731226617504
GL4_5_C_YA,YA_2018_C,56.91,-5.13,440,56.91,-5.13,-3.19265751237805,319.923884129882,316.731226617504
GL7_10_C_YA,YA_2018_C,56.91,-5.13,430,56.91,-5.13,-8.19265751237805,314.923884129882,306.731226617504
GL8_19_C_YA,YA_2018_C,56.91,-5.13,510,56.91,-5.13,31.807342487622,354.923884129882,386.731226617504
GT2_18_C_YA,YA_2018_C,57.05,-2.86,520,57.05,-2.86,39.4944368295631,362.610978471824,402.105415301387
GT6_30_C_YA,YA_2018_C,57.05,-2.86,370,57.05,-2.86,-35.5055631704367,287.610978471824,252.105415301387
GT7_12_C_YA,YA_2018_C,57.05,-2.86,420,57.05,-2.86,-10.5055631704369,312.610978471824,302.105415301387
GT8_19_C_YA,YA_2018_C,57.05,-2.86,455,57.05,-2.86,6.99443682956314,330.110978471824,337.105415301387
RD1_23_C_YA,YA_2018_C,57.89,-4.98,470,57.89,-4.98,42.0890857352667,365.205627377528,407.294713112794
RD2_22_C_YA,YA_2018_C,57.89,-4.98,250,57.89,-4.98,-67.9109142647332,255.205627377528,187.294713112794
RD3_4_C_YA,YA_2018_C,57.89,-4.98,260,57.89,-4.98,-62.9109142647332,260.205627377528,197.294713112794
RD5_30_C_YA,YA_2018_C,57.89,-4.98,470,57.89,-4.98,42.0890857352667,365.205627377528,407.294713112794
RD7_12_C_YA,YA_2018_C,57.89,-4.98,445,57.89,-4.98,29.5890857352667,352.705627377528,382.294713112794
RD9_18_C_YA,YA_2018_C,57.89,-4.98,425,57.89,-4.98,19.5890857352667,342.705627377528,362.294713112794
BE2_1_C_YA,YA_2019_C,57.63,-5.35,440,57.63,-5.35,-58.311211257072,495.807263267364,437.496052010292
BE3_20_C_YA,YA_2019_C,57.63,-5.35,636,57.63,-5.35,39.6887887429274,593.807263267364,633.496052010292
BE4_23_C_YA,YA_2019_C,57.63,-5.35,320,57.63,-5.35,-118.311211257072,435.807263267364,317.496052010292
BE5_19_C_YA,YA_2019_C,57.63,-5.35,710,57.63,-5.35,76.6887887429273,630.807263267364,707.496052010292
BE7_6_C_YA,YA_2019_C,57.63,-5.35,580,57.63,-5.35,11.6887887429275,565.807263267364,577.496052010292
BE8_19_C_YA,YA_2019_C,57.63,-5.35,691,57.63,-5.35,67.1887887429273,621.307263267365,688.496052010292
BE9_21_C_YA,YA_2019_C,57.63,-5.35,520,57.63,-5.35,-18.3112112570725,535.807263267364,517.496052010292
GA10_27_C_YA,YA_2019_C,57.27,-4.92,590,57.27,-4.92,-2.23906238221775,551.879412142216,549.640349759998
GA3_27_C_YA,YA_2019_C,57.27,-4.92,550,57.27,-4.92,-22.2390623822178,531.879412142216,509.640349759998
GA5_23_C_YA,YA_2019_C,57.27,-4.92,710,57.27,-4.92,57.760937617782,611.879412142216,669.640349759998
GA6_27_C_YA,YA_2019_C,57.27,-4.92,530,57.27,-4.92,-32.2390623822178,521.879412142216,489.640349759998
GA7_23_C_YA,YA_2019_C,57.27,-4.92,590,57.27,-4.92,-2.23906238221775,551.879412142216,549.640349759998
GA9_12_C_YA,YA_2019_C,57.27,-4.92,721,57.27,-4.92,63.260937617782,617.379412142216,680.640349759998
GL2_1_C_YA,YA_2019_C,56.91,-5.13,720,56.91,-5.13,64.8545922883,618.973066812735,683.827659101035
GL3_12_C_YA,YA_2019_C,56.91,-5.13,560,56.91,-5.13,-15.1454077116999,538.973066812735,523.827659101035
GL4_5_C_YA,YA_2019_C,56.91,-5.13,540,56.91,-5.13,-25.1454077116998,528.973066812735,503.827659101035
GL7_10_C_YA,YA_2019_C,56.91,-5.13,520,56.91,-5.13,-35.1454077116998,518.973066812735,483.827659101035
GL8_19_C_YA,YA_2019_C,56.91,-5.13,540,56.91,-5.13,-25.1454077116998,528.973066812735,503.827659101035
GT2_18_C_YA,YA_2019_C,57.05,-2.86,524,57.05,-2.86,5.4429209337211,559.561395458158,565.004316391879
GT6_30_C_YA,YA_2019_C,57.05,-2.86,510,57.05,-2.86,-1.55707906627856,552.561395458158,551.004316391879
GT7_12_C_YA,YA_2019_C,57.05,-2.86,510,57.05,-2.86,-1.55707906627856,552.561395458158,551.004316391879
GT8_19_C_YA,YA_2019_C,57.05,-2.86,500,57.05,-2.86,-6.55707906627788,547.561395458157,541.00431639188
RD1_23_C_YA,YA_2019_C,57.89,-4.98,520,57.89,-4.98,4.42803465279758,558.546509177232,562.97454383003
RD2_22_C_YA,YA_2019_C,57.89,-4.98,460,57.89,-4.98,-25.5719653472029,528.546509177232,502.974543830029
RD3_4_C_YA,YA_2019_C,57.89,-4.98,420,57.89,-4.98,-45.5719653472028,508.546509177232,462.974543830029
RD5_30_C_YA,YA_2019_C,57.89,-4.98,602,57.89,-4.98,45.4280346527975,599.546509177232,644.97454383003
RD7_12_C_YA,YA_2019_C,57.89,-4.98,460,57.89,-4.98,-25.5719653472029,528.546509177232,502.974543830029
RD9_18_C_YA,YA_2019_C,57.89,-4.98,560,57.89,-4.98,24.4280346527975,578.546509177232,602.97454383003
BE2_11_B_YA,YA_2020_B,57.63,-5.35,420,57.63,-5.35,-4.91788462174424,487.93545241077,483.017567789025
BE4_20_B_YA,YA_2020_B,57.63,-5.35,350,57.63,-5.35,-39.9178846217441,452.935452410769,413.017567789025
BE5_27_B_YA,YA_2020_B,57.63,-5.35,460,57.63,-5.35,15.0821153782557,507.93545241077,523.017567789025
BE7_12_B_YA,YA_2020_B,57.63,-5.35,410,57.63,-5.35,-9.91788462174418,482.93545241077,473.017567789025
BE8_4_B_YA,YA_2020_B,57.63,-5.35,510,57.63,-5.35,40.0821153782554,532.93545241077,573.017567789025
GA10_20_B_YA,YA_2020_B,57.27,-4.92,370,57.27,-4.92,-69.1486585473228,423.70467848519,354.556019937868
GA3_18_B_YA,YA_2020_B,57.27,-4.92,650,57.27,-4.92,70.8513414526758,563.704678485191,634.556019937867
GA5_30_B_YA,YA_2020_B,57.27,-4.92,360,57.27,-4.92,-74.1486585473228,418.704678485191,344.556019937868
GA6_25_B_YA,YA_2020_B,57.27,-4.92,710,57.27,-4.92,100.851341452676,593.704678485191,694.556019937867
GA7_10_B_YA,YA_2020_B,57.27,-4.92,610,57.27,-4.92,50.8513414526758,543.704678485191,594.556019937867
GL3_1_B_YA,YA_2020_B,56.91,-5.13,530,56.91,-5.13,-24.1245593811154,468.728777651398,444.604218270282
GL4_27_B_YA,YA_2020_B,56.91,-5.13,470,56.91,-5.13,-54.1245593811153,438.728777651398,384.604218270282
GL6_23_B_YA,YA_2020_B,56.91,-5.13,670,56.91,-5.13,45.8754406188841,538.728777651398,584.604218270282
GL7_14_B_YA,YA_2020_B,56.91,-5.13,620,56.91,-5.13,20.8754406188842,513.728777651398,534.604218270282
GL8_4_B_YA,YA_2020_B,56.91,-5.13,510,56.91,-5.13,-34.1245593811154,458.728777651398,424.604218270282
GT2_27_B_YA,YA_2020_B,57.05,-2.86,320,57.05,-2.86,-20.1331617172751,472.720175315239,452.587013597964
GT5_18_B_YA,YA_2020_B,57.05,-2.86,330,57.05,-2.86,-15.1331617172751,477.720175315239,462.587013597964
GT9_18_B_YA,YA_2020_B,57.05,-2.86,420,57.05,-2.86,29.8668382827245,522.720175315239,552.587013597963
RD10_11_B_YA,YA_2020_B,57.89,-4.98,430,57.89,-4.98,9.27099958053219,502.124336613046,511.395336193578
RD2_11_B_YA,YA_2020_B,57.89,-4.98,350,57.89,-4.98,-30.7290004194676,462.124336613046,431.395336193578
RD7_7_B_YA,YA_2020_B,57.89,-4.98,450,57.89,-4.98,19.2709995805321,512.124336613046,531.395336193579
RD8_11_B_YA,YA_2020_B,57.89,-4.98,370,57.89,-4.98,-20.7290004194676,472.124336613046,451.395336193579
RD9_4_B_YA,YA_2020_B,57.89,-4.98,400,57.89,-4.98,-5.7290004194677,487.124336613046,481.395336193579
BE2_11_B_YA,YA_2016_B,57.63,-5.35,213,57.63,-5.35,-71.5247433235434,116.36875885829,44.8440155347469
BE4_20_B_YA,YA_2016_B,57.63,-5.35,340,57.63,-5.35,-8.02474332354404,179.868758858291,171.844015534747
BE5_27_B_YA,YA_2016_B,57.63,-5.35,362,57.63,-5.35,2.97525667645584,190.868758858291,193.844015534747
BE7_12_B_YA,YA_2016_B,57.63,-5.35,462,57.63,-5.35,52.9752566764553,240.868758858292,293.844015534747
BE8_4_B_YA,YA_2016_B,57.63,-5.35,404,57.63,-5.35,23.9752566764556,211.868758858291,235.844015534747
GA10_20_B_YA,YA_2016_B,57.27,-4.92,215,57.27,-4.92,-42.2726447060351,145.620857475799,103.348212769764
GA3_18_B_YA,YA_2016_B,57.27,-4.92,330,57.27,-4.92,15.2273552939642,203.1208574758,218.348212769764
GA5_30_B_YA,YA_2016_B,57.27,-4.92,143,57.27,-4.92,-78.2726447060347,109.620857475799,31.348212769764
GA6_25_B_YA,YA_2016_B,57.27,-4.92,505,57.27,-4.92,102.727355293963,290.620857475801,393.348212769764
GA7_10_B_YA,YA_2016_B,57.27,-4.92,450,57.27,-4.92,75.2273552939635,263.1208574758,338.348212769764
GL3_1_B_YA,YA_2016_B,56.91,-5.13,345,56.91,-5.13,11.3375710897407,199.231073271576,210.568644361317
GL4_27_B_YA,YA_2016_B,56.91,-5.13,415,56.91,-5.13,46.3375710897404,234.231073271577,280.568644361317
GL6_23_B_YA,YA_2016_B,56.91,-5.13,198,56.91,-5.13,-62.1624289102584,125.731073271575,63.5686443613169
GL7_14_B_YA,YA_2016_B,56.91,-5.13,325,56.91,-5.13,1.33757108974083,189.231073271576,190.568644361317
GL8_4_B_YA,YA_2016_B,56.91,-5.13,245,56.91,-5.13,-38.6624289102587,149.231073271576,110.568644361317
GT2_27_B_YA,YA_2016_B,57.05,-2.86,285,57.05,-2.86,13.3505026069981,201.244004788834,214.594507395832
GT5_18_B_YA,YA_2016_B,57.05,-2.86,255,57.05,-2.86,-1.64949739300175,186.244004788834,184.594507395832
GT9_18_B_YA,YA_2016_B,57.05,-2.86,225,57.05,-2.86,-16.6494973930014,171.244004788833,154.594507395832
RD10_11_B_YA,YA_2016_B,57.89,-4.98,270,57.89,-4.98,-0.850484624364526,187.04301755747,186.192532933106
RD2_11_B_YA,YA_2016_B,57.89,-4.98,75,57.89,-4.98,-98.3504846243639,89.5430175574692,-8.80746706689475
RD7_7_B_YA,YA_2016_B,57.89,-4.98,408,57.89,-4.98,68.1495153756347,256.043017557471,324.192532933106
RD8_11_B_YA,YA_2016_B,57.89,-4.98,228,57.89,-4.98,-21.8504846243648,166.04301755747,144.192532933105
RD9_4_B_YA,YA_2016_B,57.89,-4.98,325,57.89,-4.98,26.6495153756352,214.543017557471,241.192532933106
BE2_11_B_YA,YA_2017_B,57.63,-5.35,187,57.63,-5.35,-115.968469566002,91.2341783746893,-24.7342911913131
BE4_20_B_YA,YA_2017_B,57.63,-5.35,430,57.63,-5.35,5.53153043399675,212.73417837469,218.265708808687
BE5_27_B_YA,YA_2017_B,57.63,-5.35,462,57.63,-5.35,21.5315304339966,228.73417837469,250.265708808687
BE7_12_B_YA,YA_2017_B,57.63,-5.35,485,57.63,-5.35,33.0315304339965,240.23417837469,273.265708808687
BE8_4_B_YA,YA_2017_B,57.63,-5.35,531,57.63,-5.35,56.0315304339963,263.234178374691,319.265708808687
GA10_20_B_YA,YA_2017_B,57.27,-4.92,290,57.27,-4.92,-24.6134461063442,182.589201834348,157.975755728004
GA3_18_B_YA,YA_2017_B,57.27,-4.92,373,57.27,-4.92,16.8865538936556,224.089201834349,240.975755728004
GA5_30_B_YA,YA_2017_B,57.27,-4.92,172,57.27,-4.92,-83.6134461063442,123.589201834348,39.9757557280038
GA6_25_B_YA,YA_2017_B,57.27,-4.92,362,57.27,-4.92,11.3865538936556,218.589201834349,229.975755728004
GA7_10_B_YA,YA_2017_B,57.27,-4.92,560,57.27,-4.92,110.386553893655,317.589201834349,427.975755728004
GL3_1_B_YA,YA_2017_B,56.91,-5.13,398,56.91,-5.13,21.0963771303158,228.29902507101,249.395402201325
GL4_27_B_YA,YA_2017_B,56.91,-5.13,331,56.91,-5.13,-12.403622869684,194.799025071009,182.395402201325
GL6_23_B_YA,YA_2017_B,56.91,-5.13,266,56.91,-5.13,-44.9036228696838,162.299025071009,117.395402201325
GL7_14_B_YA,YA_2017_B,56.91,-5.13,416,56.91,-5.13,30.0963771303157,237.29902507101,267.395402201325
GL8_4_B_YA,YA_2017_B,56.91,-5.13,333,56.91,-5.13,-11.403622869684,195.799025071009,184.395402201325
GT2_27_B_YA,YA_2017_B,57.05,-2.86,293,57.05,-2.86,-0.191093084515444,207.011554856178,206.820461771662
GT5_18_B_YA,YA_2017_B,57.05,-2.86,299,57.05,-2.86,2.80890691548456,210.011554856178,212.820461771662
GT9_18_B_YA,YA_2017_B,57.05,-2.86,284,57.05,-2.86,-4.69109308451539,202.511554856178,197.820461771662
RD10_11_B_YA,YA_2017_B,57.89,-4.98,310,57.89,-4.98,-6.29980560722811,200.902842333466,194.603036726238
RD2_11_B_YA,YA_2017_B,57.89,-4.98,208,57.89,-4.98,-57.2998056072278,149.902842333466,92.6030367262377
RD7_7_B_YA,YA_2017_B,57.89,-4.98,461,57.89,-4.98,69.2001943927713,276.402842333466,345.603036726238
RD8_11_B_YA,YA_2017_B,57.89,-4.98,275,57.89,-4.98,-23.799805607228,183.402842333466,159.603036726238
RD9_4_B_YA,YA_2017_B,57.89,-4.98,337,57.89,-4.98,7.20019439277178,214.402842333466,221.603036726238
BE2_11_B_YA,YA_2018_B,57.63,-5.35,360,57.63,-5.35,-49.9593767437136,238.840449392773,188.88107264906
BE4_20_B_YA,YA_2018_B,57.63,-5.35,510,57.63,-5.35,25.040623256286,313.840449392773,338.88107264906
BE5_27_B_YA,YA_2018_B,57.63,-5.35,580,57.63,-5.35,60.0406232562864,348.840449392774,408.88107264906
BE7_12_B_YA,YA_2018_B,57.63,-5.35,450,57.63,-5.35,-4.95937674371385,283.840449392773,278.88107264906
BE8_4_B_YA,YA_2018_B,57.63,-5.35,400,57.63,-5.35,-29.9593767437137,258.840449392773,228.88107264906
GA10_20_B_YA,YA_2018_B,57.27,-4.92,346,57.27,-4.92,-29.9581910742676,258.84163506222,228.883443987952
GA3_18_B_YA,YA_2018_B,57.27,-4.92,460,57.27,-4.92,27.0418089257322,315.84163506222,342.883443987952
GA5_30_B_YA,YA_2018_B,57.27,-4.92,275,57.27,-4.92,-65.4581910742674,223.34163506222,157.883443987952
GA6_25_B_YA,YA_2018_B,57.27,-4.92,547,57.27,-4.92,70.541808925732,359.34163506222,429.883443987952
GA7_10_B_YA,YA_2018_B,57.27,-4.92,480,57.27,-4.92,37.0418089257322,325.84163506222,362.883443987952
GL3_1_B_YA,YA_2018_B,56.91,-5.13,505,56.91,-5.13,34.9859939512534,323.785820087741,358.771814038994
GL4_27_B_YA,YA_2018_B,56.91,-5.13,285,56.91,-5.13,-75.0140060487462,213.785820087741,138.771814038994
GL6_23_B_YA,YA_2018_B,56.91,-5.13,445,56.91,-5.13,4.98599395125348,293.785820087741,298.771814038994
GL7_14_B_YA,YA_2018_B,56.91,-5.13,465,56.91,-5.13,14.9859939512535,303.785820087741,318.771814038994
GL8_4_B_YA,YA_2018_B,56.91,-5.13,430,56.91,-5.13,-2.51400604874641,286.285820087741,283.771814038994
GT2_27_B_YA,YA_2018_B,57.05,-2.86,315,57.05,-2.86,-10.0570588349344,278.742767301552,268.685708466618
GT5_18_B_YA,YA_2018_B,57.05,-2.86,325,57.05,-2.86,-5.05705883493448,283.742767301552,278.685708466618
GT9_18_B_YA,YA_2018_B,57.05,-2.86,360,57.05,-2.86,12.4429411650655,301.242767301552,313.685708466618
RD10_11_B_YA,YA_2018_B,57.89,-4.98,450,57.89,-4.98,38.1658091677091,326.965635304196,365.131444471905
RD2_11_B_YA,YA_2018_B,57.89,-4.98,70,57.89,-4.98,-151.83419083229,136.965635304195,-14.8685555280954
RD7_7_B_YA,YA_2018_B,57.89,-4.98,590,57.89,-4.98,108.165809167709,396.965635304196,505.131444471905
RD8_11_B_YA,YA_2018_B,57.89,-4.98,375,57.89,-4.98,0.665809167709256,289.465635304196,290.131444471905
RD9_4_B_YA,YA_2018_B,57.89,-4.98,355,57.89,-4.98,-9.33419083229069,279.465635304196,270.131444471905
BE2_11_B_YA,YA_2019_B,57.63,-5.35,350,57.63,-5.35,-102.339843906195,225.799492304791,123.459648398597
BE4_20_B_YA,YA_2019_B,57.63,-5.35,533,57.63,-5.35,-10.8398439061968,317.299492304793,306.459648398596
BE5_27_B_YA,YA_2019_B,57.63,-5.35,740,57.63,-5.35,92.6601560938017,420.799492304794,513.459648398596
BE7_12_B_YA,YA_2019_B,57.63,-5.35,600,57.63,-5.35,22.6601560938027,350.799492304793,373.459648398596
BE8_4_B_YA,YA_2019_B,57.63,-5.35,550,57.63,-5.35,-2.33984390619685,325.799492304793,323.459648398596
GA10_20_B_YA,YA_2019_B,57.27,-4.92,474,57.27,-4.92,-11.0913651908606,317.047971020129,305.956605829268
GA3_18_B_YA,YA_2019_B,57.27,-4.92,550,57.27,-4.92,26.9086348091375,355.047971020129,381.956605829267
GA5_30_B_YA,YA_2019_B,57.27,-4.92,250,57.27,-4.92,-123.091365190859,205.047971020127,81.9566058292682
GA6_25_B_YA,YA_2019_B,57.27,-4.92,588,57.27,-4.92,45.9086348091373,374.04797102013,419.956605829267
GA7_10_B_YA,YA_2019_B,57.27,-4.92,542,57.27,-4.92,22.9086348091375,351.047971020129,373.956605829267
GL3_1_B_YA,YA_2019_B,56.91,-5.13,560,56.91,-5.13,4.42740563096652,332.566741841957,336.994147472924
GL4_27_B_YA,YA_2019_B,56.91,-5.13,360,56.91,-5.13,-95.5725943690313,232.566741841956,136.994147472925
GL6_23_B_YA,YA_2019_B,56.91,-5.13,620,56.91,-5.13,34.4274056309661,362.566741841958,396.994147472924
GL7_14_B_YA,YA_2019_B,56.91,-5.13,630,56.91,-5.13,39.4274056309661,367.566741841958,406.994147472924
GL8_4_B_YA,YA_2019_B,56.91,-5.13,630,56.91,-5.13,39.4274056309661,367.566741841958,406.994147472924
GT2_27_B_YA,YA_2019_B,57.05,-2.86,480,57.05,-2.86,10.8733101500021,339.012646360992,349.885956510994
GT5_18_B_YA,YA_2019_B,57.05,-2.86,420,57.05,-2.86,-19.1266898499975,309.012646360992,289.885956510994
GT9_18_B_YA,YA_2019_B,57.05,-2.86,480,57.05,-2.86,10.8733101500021,339.012646360992,349.885956510994
RD10_11_B_YA,YA_2019_B,57.89,-4.98,472,57.89,-4.98,27.6798173761046,355.819153587095,383.498970963199
RD2_11_B_YA,YA_2019_B,57.89,-4.98,320,57.89,-4.98,-48.3201826238944,279.819153587094,231.498970963199
RD7_7_B_YA,YA_2019_B,57.89,-4.98,620,57.89,-4.98,101.679817376103,429.819153587096,531.498970963199
RD8_11_B_YA,YA_2019_B,57.89,-4.98,429,57.89,-4.98,6.17981737610478,334.319153587094,340.498970963199
RD9_4_B_YA,YA_2019_B,57.89,-4.98,270,57.89,-4.98,-73.3201826238942,254.819153587093,181.498970963199
BE5_1_A_YA,YA_2020_A,57.63,-5.35,510,57.63,-5.35,-7.46062579390673,403.353244822262,395.892619028356
BE9_30_A_YA,YA_2020_A,57.63,-5.35,540,57.63,-5.35,7.53937420609304,418.353244822263,425.892619028356
GA1_23_A_YA,YA_2020_A,57.27,-4.92,590,57.27,-4.92,40.8668984968027,451.680769112974,492.547667609777
GA3_15_A_YA,YA_2020_A,57.27,-4.92,510,57.27,-4.92,0.866898496804197,411.680769112973,412.547667609778
GA5_19_A_YA,YA_2020_A,57.27,-4.92,630,57.27,-4.92,60.8668984968025,471.680769112974,532.547667609777
GA7_20_A_YA,YA_2020_A,57.27,-4.92,540,57.27,-4.92,15.8668984968031,426.680769112974,442.547667609777
GA8_20_A_YA,YA_2020_A,57.27,-4.92,370,57.27,-4.92,-69.133101503195,341.680769112972,272.547667609777
GA9_11_A_YA,YA_2020_A,57.27,-4.92,440,57.27,-4.92,-34.1331015031954,376.680769112973,342.547667609778
GL1_11_A_YA,YA_2020_A,56.91,-5.13,670,56.91,-5.13,57.7082622881574,468.522132904327,526.230395192484
GL2_12_A_YA,YA_2020_A,56.91,-5.13,470,56.91,-5.13,-42.2917377118414,368.522132904326,326.230395192484
GL3_18_A_YA,YA_2020_A,56.91,-5.13,590,56.91,-5.13,17.7082622881578,428.522132904326,446.230395192484
GL4_30_A_YA,YA_2020_A,56.91,-5.13,510,56.91,-5.13,-22.2917377118416,388.522132904326,366.230395192484
GL6_27_A_YA,YA_2020_A,56.91,-5.13,540,56.91,-5.13,-7.29173771184185,403.522132904326,396.230395192484
GL7_12_A_YA,YA_2020_A,56.91,-5.13,530,56.91,-5.13,-12.2917377118418,398.522132904326,386.230395192484
GT1_11_A_YA,YA_2020_A,57.05,-2.86,390,57.05,-2.86,-39.3392696923655,371.474600923803,332.135331231437
GT5_20_A_YA,YA_2020_A,57.05,-2.86,560,57.05,-2.86,45.6607303076333,456.474600923804,502.135331231437
GT6_27_A_YA,YA_2020_A,57.05,-2.86,560,57.05,-2.86,45.6607303076333,456.474600923804,502.135331231437
GT7_11_A_YA,YA_2020_A,57.05,-2.86,520,57.05,-2.86,25.6607303076337,436.474600923803,462.135331231437
GT8_1_A_YA,YA_2020_A,57.05,-2.86,260,57.05,-2.86,-104.339269692365,306.474600923802,202.135331231437
GT9_4_A_YA,YA_2020_A,57.05,-2.86,520,57.05,-2.86,25.6607303076337,436.474600923803,462.135331231437
RD1_2_A_YA,YA_2020_A,57.89,-4.98,660,57.89,-4.98,108.901181006458,519.71505162263,628.616232629087
RD10_30_A_YA,YA_2020_A,57.89,-4.98,610,57.89,-4.98,83.9011810064582,494.715051622629,578.616232629087
RD2_20_A_YA,YA_2020_A,57.89,-4.98,160,57.89,-4.98,-141.09881899354,269.715051622626,128.616232629087
RD3_23_A_YA,YA_2020_A,57.89,-4.98,430,57.89,-4.98,-6.09881899354122,404.715051622628,398.616232629087
RD5_18_A_YA,YA_2020_A,57.89,-4.98,340,57.89,-4.98,-51.0988189935407,359.715051622628,308.616232629087
BE5_1_A_YA,YA_2016_A,57.63,-5.35,439,57.63,-5.35,6.94143370410859,163.784506767157,170.725940471266
BE9_30_A_YA,YA_2016_A,57.63,-5.35,412,57.63,-5.35,-6.55856629589096,150.284506767157,143.725940471266
GA1_23_A_YA,YA_2016_A,57.27,-4.92,387,57.27,-4.92,26.817956649987,183.661029713038,210.478986363025
GA3_15_A_YA,YA_2016_A,57.27,-4.92,270,57.27,-4.92,-31.6820433500106,125.161029713036,93.4789863630251
GA5_19_A_YA,YA_2016_A,57.27,-4.92,450,57.27,-4.92,58.3179566499858,215.161029713039,273.478986363025
GA7_20_A_YA,YA_2016_A,57.27,-4.92,425,57.27,-4.92,45.8179566499862,202.661029713039,248.478986363025
GA8_20_A_YA,YA_2016_A,57.27,-4.92,206,57.27,-4.92,-63.6820433500095,93.1610297130344,29.478986363025
GA9_11_A_YA,YA_2016_A,57.27,-4.92,410,57.27,-4.92,38.3179566499866,195.161029713039,233.478986363025
GL1_11_A_YA,YA_2016_A,56.91,-5.13,274,56.91,-5.13,-36.5906255626598,120.252447500386,83.6618219377264
GL2_12_A_YA,YA_2016_A,56.91,-5.13,337,56.91,-5.13,-5.09062556266105,151.752447500387,146.661821937726
GL3_18_A_YA,YA_2016_A,56.91,-5.13,480,56.91,-5.13,66.4093744373361,223.25244750039,289.661821937726
GL4_30_A_YA,YA_2016_A,56.91,-5.13,422,56.91,-5.13,37.4093744373373,194.252447500389,231.661821937726
GL6_27_A_YA,YA_2016_A,56.91,-5.13,190,56.91,-5.13,-78.5906255626581,78.2524475003845,-0.338178062273585
GL7_12_A_YA,YA_2016_A,56.91,-5.13,295,56.91,-5.13,-26.0906255626603,130.752447500387,104.661821937726
GT1_11_A_YA,YA_2016_A,57.05,-2.86,187,57.05,-2.86,-28.1725130864275,128.670559976619,100.498046890191
GT5_20_A_YA,YA_2016_A,57.05,-2.86,238,57.05,-2.86,-2.67251308642855,154.17055997662,151.498046890191
GT6_27_A_YA,YA_2016_A,57.05,-2.86,205,57.05,-2.86,-19.1725130864279,137.670559976619,118.498046890191
GT7_11_A_YA,YA_2016_A,57.05,-2.86,375,57.05,-2.86,65.8274869135684,222.670559976622,288.498046890191
GT8_1_A_YA,YA_2016_A,57.05,-2.86,145,57.05,-2.86,-49.1725130864267,107.670559976618,58.4980468901911
GT9_4_A_YA,YA_2016_A,57.05,-2.86,300,57.05,-2.86,28.3274869135699,185.170559976621,213.498046890191
RD1_2_A_YA,YA_2016_A,57.89,-4.98,205,57.89,-4.98,-44.2423550827059,112.600717980339,68.3583628976329
RD10_30_A_YA,YA_2016_A,57.89,-4.98,317,57.89,-4.98,11.7576449172921,168.600717980341,180.358362897633
RD2_20_A_YA,YA_2016_A,57.89,-4.98,225,57.89,-4.98,-34.2423550827062,122.600717980339,88.3583628976331
RD3_23_A_YA,YA_2016_A,57.89,-4.98,315,57.89,-4.98,10.7576449172921,167.600717980341,178.358362897633
RD5_18_A_YA,YA_2016_A,57.89,-4.98,352,57.89,-4.98,29.2576449172913,186.100717980342,215.358362897633
BE5_1_A_YA,YA_2017_A,57.63,-5.35,495,57.63,-5.35,58.6368657037738,384.385028512887,443.02189421666
BE9_30_A_YA,YA_2017_A,57.63,-5.35,261,57.63,-5.35,-58.3631342962244,267.385028512885,209.02189421666
GA1_23_A_YA,YA_2017_A,57.27,-4.92,460,57.27,-4.92,38.3900678323395,364.138230641452,402.528298473791
GA3_15_A_YA,YA_2017_A,57.27,-4.92,365,57.27,-4.92,-9.10993216765979,316.638230641451,307.528298473791
GA5_19_A_YA,YA_2017_A,57.27,-4.92,443,57.27,-4.92,29.8900678323396,355.638230641452,385.528298473791
GA7_20_A_YA,YA_2017_A,57.27,-4.92,459,57.27,-4.92,37.8900678323395,363.638230641452,401.528298473791
GA8_20_A_YA,YA_2017_A,57.27,-4.92,210,57.27,-4.92,-86.6099321676587,239.13823064145,152.528298473791
GA9_11_A_YA,YA_2017_A,57.27,-4.92,468,57.27,-4.92,42.3900678323394,368.138230641452,410.528298473791
GL1_11_A_YA,YA_2017_A,56.91,-5.13,329,56.91,-5.13,-47.986115970358,277.762046838753,229.775930868395
GL2_12_A_YA,YA_2017_A,56.91,-5.13,351,56.91,-5.13,-36.9861159703582,288.762046838753,251.775930868395
GL3_18_A_YA,YA_2017_A,56.91,-5.13,587,56.91,-5.13,81.0138840296401,406.762046838755,487.775930868395
GL4_30_A_YA,YA_2017_A,56.91,-5.13,329,56.91,-5.13,-47.986115970358,277.762046838753,229.775930868395
GL6_27_A_YA,YA_2017_A,56.91,-5.13,528,56.91,-5.13,51.5138840296405,377.262046838754,428.775930868395
GL7_12_A_YA,YA_2017_A,56.91,-5.13,365,56.91,-5.13,-29.9861159703583,295.762046838753,265.775930868395
GT1_11_A_YA,YA_2017_A,57.05,-2.86,188,57.05,-2.86,-53.0166390072479,272.731523801862,219.714884794614
GT5_20_A_YA,YA_2017_A,57.05,-2.86,267,57.05,-2.86,-13.5166390072483,312.231523801863,298.714884794614
GT6_27_A_YA,YA_2017_A,57.05,-2.86,298,57.05,-2.86,1.98336099275144,327.731523801863,329.714884794614
GT7_11_A_YA,YA_2017_A,57.05,-2.86,430,57.05,-2.86,67.9833609927504,393.731523801864,461.714884794614
GT8_1_A_YA,YA_2017_A,57.05,-2.86,216,57.05,-2.86,-39.0166390072482,286.731523801862,247.714884794614
GT9_4_A_YA,YA_2017_A,57.05,-2.86,358,57.05,-2.86,31.983360992751,357.731523801863,389.714884794614
RD1_2_A_YA,YA_2017_A,57.89,-4.98,332,57.89,-4.98,-0.719521707217723,325.028641101894,324.309119394676
RD10_30_A_YA,YA_2017_A,57.89,-4.98,368,57.89,-4.98,17.2804782927821,343.028641101894,360.309119394676
RD2_20_A_YA,YA_2017_A,57.89,-4.98,156,57.89,-4.98,-88.7195217072166,237.028641101892,148.309119394676
RD3_23_A_YA,YA_2017_A,57.89,-4.98,373,57.89,-4.98,19.7804782927821,345.528641101894,365.309119394676
RD5_18_A_YA,YA_2017_A,57.89,-4.98,400,57.89,-4.98,33.2804782927818,359.028641101894,392.309119394676
BE5_1_A_YA,YA_2018_A,57.63,-5.35,585,57.63,-5.35,60.1538159414806,464.955318800862,525.109134742342
BE9_30_A_YA,YA_2018_A,57.63,-5.35,345,57.63,-5.35,-59.8461840585172,344.95531880086,285.109134742343
GA1_23_A_YA,YA_2018_A,57.27,-4.92,545,57.27,-4.92,40.7307445984491,445.532247457829,486.262992056278
GA3_15_A_YA,YA_2018_A,57.27,-4.92,385,57.27,-4.92,-39.2692554015497,365.532247457827,326.262992056278
GA5_19_A_YA,YA_2018_A,57.27,-4.92,420,57.27,-4.92,-21.76925540155,383.032247457828,361.262992056278
GA7_20_A_YA,YA_2018_A,57.27,-4.92,500,57.27,-4.92,18.2307445984495,423.032247457828,441.262992056278
GA8_20_A_YA,YA_2018_A,57.27,-4.92,350,57.27,-4.92,-56.7692554015495,348.032247457827,291.262992056278
GA9_11_A_YA,YA_2018_A,57.27,-4.92,700,57.27,-4.92,118.230744598449,523.03224745783,641.262992056279
GL1_11_A_YA,YA_2018_A,56.91,-5.13,460,56.91,-5.13,-19.4472791279186,385.354223731459,365.90694460354
GL2_12_A_YA,YA_2018_A,56.91,-5.13,490,56.91,-5.13,-4.44727912791882,400.354223731459,395.90694460354
GL3_18_A_YA,YA_2018_A,56.91,-5.13,445,56.91,-5.13,-26.9472791279186,377.854223731459,350.90694460354
GL4_30_A_YA,YA_2018_A,56.91,-5.13,500,56.91,-5.13,0.552720872081181,405.354223731459,405.90694460354
GL6_27_A_YA,YA_2018_A,56.91,-5.13,510,56.91,-5.13,5.55272087208107,410.354223731459,415.90694460354
GL7_12_A_YA,YA_2018_A,56.91,-5.13,520,56.91,-5.13,10.552720872081,415.354223731459,425.90694460354
GT1_11_A_YA,YA_2018_A,57.05,-2.86,335,57.05,-2.86,-47.3409430403929,357.460559818984,310.119616778591
GT5_20_A_YA,YA_2018_A,57.05,-2.86,360,57.05,-2.86,-34.840943040393,369.960559818984,335.119616778591
GT6_27_A_YA,YA_2018_A,57.05,-2.86,400,57.05,-2.86,-14.8409430403933,389.960559818984,375.119616778591
GT7_11_A_YA,YA_2018_A,57.05,-2.86,600,57.05,-2.86,85.1590569596057,489.960559818986,575.119616778591
GT8_1_A_YA,YA_2018_A,57.05,-2.86,360,57.05,-2.86,-34.840943040393,369.960559818984,335.119616778591
GT9_4_A_YA,YA_2018_A,57.05,-2.86,515,57.05,-2.86,42.6590569596059,447.460559818985,490.119616778591
RD1_2_A_YA,YA_2018_A,57.89,-4.98,490,57.89,-4.98,38.2074467072258,443.008949566605,481.216396273831
RD10_30_A_YA,YA_2018_A,57.89,-4.98,390,57.89,-4.98,-11.7925532927736,393.008949566604,381.216396273831
RD2_20_A_YA,YA_2018_A,57.89,-4.98,200,57.89,-4.98,-106.792553292772,298.008949566603,191.216396273831
RD3_23_A_YA,YA_2018_A,57.89,-4.98,410,57.89,-4.98,-1.79255329277368,403.008949566604,401.216396273831
RD5_18_A_YA,YA_2018_A,57.89,-4.98,535,57.89,-4.98,60.7074467072254,465.508949566605,526.216396273831
BE5_1_A_YA,YA_2019_A,57.63,-5.35,580,57.63,-5.35,20.2363360192397,471.74768286533,491.98401888457
BE9_30_A_YA,YA_2019_A,57.63,-5.35,500,57.63,-5.35,-19.7636639807591,431.747682865329,411.98401888457
GA1_23_A_YA,YA_2019_A,57.27,-4.92,610,57.27,-4.92,34.8738991314623,486.385245977553,521.259145109016
GA3_15_A_YA,YA_2019_A,57.27,-4.92,570,57.27,-4.92,14.8738991314627,466.385245977553,481.259145109016
GA5_19_A_YA,YA_2019_A,57.27,-4.92,470,57.27,-4.92,-35.126100868536,416.385245977552,381.259145109016
GA7_20_A_YA,YA_2019_A,57.27,-4.92,480,57.27,-4.92,-30.1261008685361,421.385245977552,391.259145109016
GA8_20_A_YA,YA_2019_A,57.27,-4.92,654,57.27,-4.92,56.8738991314617,508.385245977554,565.259145109016
GA9_11_A_YA,YA_2019_A,57.27,-4.92,640,57.27,-4.92,49.873899131462,501.385245977554,551.259145109016
GL1_11_A_YA,YA_2019_A,56.91,-5.13,490,56.91,-5.13,-33.7537888236209,417.757558022466,384.003769198845
GL2_12_A_YA,YA_2019_A,56.91,-5.13,420,56.91,-5.13,-68.7537888236203,382.757558022465,314.003769198845
GL3_18_A_YA,YA_2019_A,56.91,-5.13,720,56.91,-5.13,81.2462111763762,532.757558022469,614.003769198846
GL4_30_A_YA,YA_2019_A,56.91,-5.13,610,56.91,-5.13,26.2462111763776,477.757558022468,504.003769198846
GL6_27_A_YA,YA_2019_A,56.91,-5.13,400,56.91,-5.13,-78.75378882362,372.757558022465,294.003769198845
GL7_12_A_YA,YA_2019_A,56.91,-5.13,600,56.91,-5.13,21.2462111763778,472.757558022468,494.003769198846
GT1_11_A_YA,YA_2019_A,57.05,-2.86,370,57.05,-2.86,-59.8693494476716,391.641997398415,331.772647950743
GT5_20_A_YA,YA_2019_A,57.05,-2.86,550,57.05,-2.86,30.1306505523268,481.641997398417,511.772647950744
GT6_27_A_YA,YA_2019_A,57.05,-2.86,500,57.05,-2.86,5.13065055232681,456.641997398416,461.772647950743
GT7_11_A_YA,YA_2019_A,57.05,-2.86,626,57.05,-2.86,68.1306505523259,519.641997398418,587.772647950744
GT8_1_A_YA,YA_2019_A,57.05,-2.86,430,57.05,-2.86,-29.8693494476723,421.641997398415,391.772647950743
GT9_4_A_YA,YA_2019_A,57.05,-2.86,450,57.05,-2.86,-19.8693494476726,431.641997398416,411.772647950743
RD1_2_A_YA,YA_2019_A,57.89,-4.98,630,57.89,-4.98,86.4045525600601,537.915899406154,624.320451966214
RD10_30_A_YA,YA_2019_A,57.89,-4.98,370,57.89,-4.98,-43.5954474399367,407.915899406151,364.320451966214
RD2_20_A_YA,YA_2019_A,57.89,-4.98,210,57.89,-4.98,-123.595447439935,327.915899406149,204.320451966214
RD3_23_A_YA,YA_2019_A,57.89,-4.98,460,57.89,-4.98,1.4045525600622,452.915899406152,454.320451966214
RD5_18_A_YA,YA_2019_A,57.89,-4.98,550,57.89,-4.98,46.4045525600611,497.915899406153,544.320451966214
BE2_30_D_YA,YA_2020_D,57.63,-5.35,340,57.63,-5.35,-87.9976487691786,430.477041241094,342.479392471915
BE3_27_D_YA,YA_2020_D,57.63,-5.35,590,57.63,-5.35,37.0023512308222,555.477041241093,592.479392471915
BE4_27_D_YA,YA_2020_D,57.63,-5.35,570,57.63,-5.35,27.0023512308222,545.477041241093,572.479392471915
BE7_20_D_YA,YA_2020_D,57.63,-5.35,520,57.63,-5.35,2.002351230822,520.477041241093,522.479392471915
BE9_12_D_YA,YA_2020_D,57.63,-5.35,560,57.63,-5.35,22.0023512308221,540.477041241093,562.479392471915
GA1_12_D_YA,YA_2020_D,57.27,-4.92,670,57.27,-4.92,78.0673444360804,596.54203444635,674.60937888243
GA10_1_D_YA,YA_2020_D,57.27,-4.92,390,57.27,-4.92,-61.9326555639209,456.542034446351,394.60937888243
GA8_23_D_YA,YA_2020_D,57.27,-4.92,480,57.27,-4.92,-16.9326555639206,501.542034446351,484.60937888243
GA9_1_D_YA,YA_2020_D,57.27,-4.92,520,57.27,-4.92,3.06734443607979,521.54203444635,524.60937888243
GL1_20_D_YA,YA_2020_D,56.91,-5.13,700,56.91,-5.13,94.6734176718081,613.148107682077,707.821525353885
GL2_27_D_YA,YA_2020_D,56.91,-5.13,390,56.91,-5.13,-60.3265823281934,458.148107682079,397.821525353885
GL6_18_D_YA,YA_2020_D,56.91,-5.13,390,56.91,-5.13,-60.3265823281934,458.148107682079,397.821525353885
GL8_30_D_YA,YA_2020_D,56.91,-5.13,560,56.91,-5.13,24.6734176718076,543.148107682078,567.821525353885
GT1_23_D_YA,YA_2020_D,57.05,-2.86,420,57.05,-2.86,-27.5257674752005,490.94892253507,463.42315505987
GT2_23_D_YA,YA_2020_D,57.05,-2.86,470,57.05,-2.86,-2.52576747520044,515.94892253507,513.42315505987
GT5_1_D_YA,YA_2020_D,57.05,-2.86,480,57.05,-2.86,2.47423252479967,520.94892253507,523.42315505987
GT6_4_D_YA,YA_2020_D,57.05,-2.86,470,57.05,-2.86,-2.52576747520044,515.94892253507,513.42315505987
GT8_11_D_YA,YA_2020_D,57.05,-2.86,580,57.05,-2.86,52.4742325248002,570.94892253507,623.42315505987
GT9_30_D_YA,YA_2020_D,57.05,-2.86,430,57.05,-2.86,-22.5257674752004,495.94892253507,473.42315505987
RD1_12_D_YA,YA_2020_D,57.89,-4.98,540,57.89,-4.98,6.83596005314007,525.310650063411,532.146610116551
RD3_19_D_YA,YA_2020_D,57.89,-4.98,720,57.89,-4.98,96.8359600531409,615.31065006341,712.146610116551
RD5_17_D_YA,YA_2020_D,57.89,-4.98,280,57.89,-4.98,-123.164039946861,395.310650063412,272.146610116552
RD7_14_D_YA,YA_2020_D,57.89,-4.98,540,57.89,-4.98,6.83596005314007,525.310650063411,532.146610116551
RD9_30_D_YA,YA_2020_D,57.89,-4.98,550,57.89,-4.98,11.8359600531401,530.310650063411,542.146610116551
BE2_30_D_YA,YA_2016_D,57.63,-5.35,200,57.63,-5.35,-81.5025887655184,272.60535767484,191.102768909322
BE3_27_D_YA,YA_2016_D,57.63,-5.35,423,57.63,-5.35,29.9974112344825,384.105357674839,414.102768909322
BE4_27_D_YA,YA_2016_D,57.63,-5.35,359,57.63,-5.35,-2.00258876551777,352.105357674839,350.102768909322
BE7_20_D_YA,YA_2016_D,57.63,-5.35,458,57.63,-5.35,47.4974112344826,401.605357674839,449.102768909322
BE9_12_D_YA,YA_2016_D,57.63,-5.35,375,57.63,-5.35,5.99741123448229,360.105357674839,366.102768909322
GA1_12_D_YA,YA_2016_D,57.27,-4.92,548,57.27,-4.92,93.000339203068,447.108285643424,540.108624846492
GA10_1_D_YA,YA_2016_D,57.27,-4.92,307,57.27,-4.92,-27.4996607969329,326.608285643425,299.108624846492
GA8_23_D_YA,YA_2016_D,57.27,-4.92,228,57.27,-4.92,-66.9996607969332,287.108285643425,220.108624846492
GA9_1_D_YA,YA_2016_D,57.27,-4.92,360,57.27,-4.92,-0.999660796932687,353.108285643425,352.108624846492
GL1_20_D_YA,YA_2016_D,56.91,-5.13,372,56.91,-5.13,1.98457553191849,356.092521972276,358.077097504195
GL2_27_D_YA,YA_2016_D,56.91,-5.13,223,56.91,-5.13,-72.515424468082,281.592521972277,209.077097504195
GL6_18_D_YA,YA_2016_D,56.91,-5.13,378,56.91,-5.13,4.9845755319185,359.092521972276,364.077097504195
GL8_30_D_YA,YA_2016_D,56.91,-5.13,502,56.91,-5.13,66.984575531919,421.092521972276,488.077097504195
GT1_23_D_YA,YA_2016_D,57.05,-2.86,298,57.05,-2.86,0.445037318733682,354.552983759091,354.998021077825
GT2_23_D_YA,YA_2016_D,57.05,-2.86,203,57.05,-2.86,-47.0549626812665,307.052983759091,259.998021077825
GT5_1_D_YA,YA_2016_D,57.05,-2.86,334,57.05,-2.86,18.4450373187339,372.552983759091,390.998021077825
GT6_4_D_YA,YA_2016_D,57.05,-2.86,328,57.05,-2.86,15.4450373187338,369.552983759091,384.998021077825
GT8_11_D_YA,YA_2016_D,57.05,-2.86,256,57.05,-2.86,-20.5549626812664,333.552983759091,312.998021077825
GT9_30_D_YA,YA_2016_D,57.05,-2.86,364,57.05,-2.86,33.4450373187339,387.552983759091,420.998021077825
RD1_12_D_YA,YA_2016_D,57.89,-4.98,282,57.89,-4.98,-41.3193878049588,312.788558635399,271.46917083044
RD3_19_D_YA,YA_2016_D,57.89,-4.98,324,57.89,-4.98,-20.3193878049586,333.788558635399,313.46917083044
RD5_17_D_YA,YA_2016_D,57.89,-4.98,443,57.89,-4.98,39.1806121950418,393.288558635398,432.46917083044
RD7_14_D_YA,YA_2016_D,57.89,-4.98,432,57.89,-4.98,33.6806121950418,387.788558635398,421.46917083044
RD9_30_D_YA,YA_2016_D,57.89,-4.98,344,57.89,-4.98,-10.3193878049586,343.788558635399,333.46917083044
BE2_30_D_YA,YA_2017_D,57.63,-5.35,224,57.63,-5.35,-91.2795708152138,356.877160803091,265.597589987877
BE3_27_D_YA,YA_2017_D,57.63,-5.35,613,57.63,-5.35,103.220429184788,551.377160803089,654.597589987877
BE4_27_D_YA,YA_2017_D,57.63,-5.35,337,57.63,-5.35,-34.7795708152135,413.37716080309,378.597589987877
BE7_20_D_YA,YA_2017_D,57.63,-5.35,492,57.63,-5.35,42.7204291847872,490.87716080309,533.597589987877
BE9_12_D_YA,YA_2017_D,57.63,-5.35,367,57.63,-5.35,-19.7795708152133,428.37716080309,408.597589987877
GA1_12_D_YA,YA_2017_D,57.27,-4.92,600,57.27,-4.92,95.9294966181362,544.086228236438,640.015724854574
GA10_1_D_YA,YA_2017_D,57.27,-4.92,354,57.27,-4.92,-27.0705033818646,421.086228236439,394.015724854574
GA8_23_D_YA,YA_2017_D,57.27,-4.92,358,57.27,-4.92,-25.0705033818646,423.086228236439,398.015724854574
GA9_1_D_YA,YA_2017_D,57.27,-4.92,360,57.27,-4.92,-24.0705033818646,424.086228236439,400.015724854574
GL1_20_D_YA,YA_2017_D,56.91,-5.13,428,56.91,-5.13,19.9124177836554,468.069149401958,487.981567185614
GL2_27_D_YA,YA_2017_D,56.91,-5.13,285,56.91,-5.13,-51.5875822163451,396.569149401959,344.981567185614
GL6_18_D_YA,YA_2017_D,56.91,-5.13,345,56.91,-5.13,-21.587582216345,426.569149401959,404.981567185614
GL8_30_D_YA,YA_2017_D,56.91,-5.13,472,56.91,-5.13,41.9124177836555,490.069149401958,531.981567185614
GT1_23_D_YA,YA_2017_D,57.05,-2.86,268,57.05,-2.86,-27.8072196954676,420.349511922836,392.542292227369
GT2_23_D_YA,YA_2017_D,57.05,-2.86,237,57.05,-2.86,-43.3072196954677,404.849511922836,361.542292227369
GT5_1_D_YA,YA_2017_D,57.05,-2.86,410,57.05,-2.86,43.192780304533,491.349511922836,534.542292227369
GT6_4_D_YA,YA_2017_D,57.05,-2.86,374,57.05,-2.86,25.1927803045328,473.349511922836,498.542292227369
GT8_11_D_YA,YA_2017_D,57.05,-2.86,320,57.05,-2.86,-1.80721969546738,446.349511922836,444.542292227369
GT9_30_D_YA,YA_2017_D,57.05,-2.86,330,57.05,-2.86,3.19278030453268,451.349511922836,454.542292227369
RD1_12_D_YA,YA_2017_D,57.89,-4.98,428,57.89,-4.98,-13.9252970716516,434.231434546652,420.306137475
RD3_19_D_YA,YA_2017_D,57.89,-4.98,434,57.89,-4.98,-10.9252970716515,437.231434546652,426.306137475
RD5_17_D_YA,YA_2017_D,57.89,-4.98,574,57.89,-4.98,59.0747029283485,507.231434546651,566.306137475
RD7_14_D_YA,YA_2017_D,57.89,-4.98,499,57.89,-4.98,21.5747029283487,469.731434546652,491.306137475
RD9_30_D_YA,YA_2017_D,57.89,-4.98,330,57.89,-4.98,-62.925297071652,385.231434546652,322.306137475
BE2_30_D_YA,YA_2018_D,57.63,-5.35,300,57.63,-5.35,-101.941787371453,350.399825619144,248.458038247691
BE3_27_D_YA,YA_2018_D,57.63,-5.35,700,57.63,-5.35,98.0582126285464,550.399825619144,648.458038247691
BE4_27_D_YA,YA_2018_D,57.63,-5.35,540,57.63,-5.35,18.0582126285464,470.399825619144,488.458038247691
BE7_20_D_YA,YA_2018_D,57.63,-5.35,530,57.63,-5.35,13.0582126285464,465.399825619144,478.458038247691
BE9_12_D_YA,YA_2018_D,57.63,-5.35,450,57.63,-5.35,-26.9417873714534,425.399825619144,398.458038247691
GA1_12_D_YA,YA_2018_D,57.27,-4.92,510,57.27,-4.92,27.7965201475009,480.138133138099,507.934653285599
GA10_1_D_YA,YA_2018_D,57.27,-4.92,445,57.27,-4.92,-4.70347985249907,447.638133138099,442.934653285599
GA8_23_D_YA,YA_2018_D,57.27,-4.92,530,57.27,-4.92,37.7965201475009,490.138133138099,527.934653285599
GA9_1_D_YA,YA_2018_D,57.27,-4.92,445,57.27,-4.92,-4.70347985249907,447.638133138099,442.934653285599
GL1_20_D_YA,YA_2018_D,56.91,-5.13,550,56.91,-5.13,66.9143557933684,519.255968783966,586.170324577334
GL2_27_D_YA,YA_2018_D,56.91,-5.13,300,56.91,-5.13,-58.0856442066316,394.255968783966,336.170324577334
GL6_18_D_YA,YA_2018_D,56.91,-5.13,340,56.91,-5.13,-38.0856442066316,414.255968783966,376.170324577334
GL8_30_D_YA,YA_2018_D,56.91,-5.13,410,56.91,-5.13,-3.08564420663163,449.255968783966,446.170324577334
GT1_23_D_YA,YA_2018_D,57.05,-2.86,420,57.05,-2.86,-11.0546272009852,441.286985789612,430.232358588627
GT2_23_D_YA,YA_2018_D,57.05,-2.86,320,57.05,-2.86,-61.0546272009852,391.286985789612,330.232358588627
GT5_1_D_YA,YA_2018_D,57.05,-2.86,580,57.05,-2.86,68.9453727990147,521.286985789612,590.232358588627
GT6_4_D_YA,YA_2018_D,57.05,-2.86,430,57.05,-2.86,-6.05462720098524,446.286985789612,440.232358588627
GT8_11_D_YA,YA_2018_D,57.05,-2.86,450,57.05,-2.86,3.94537279901476,456.286985789612,460.232358588627
GT9_30_D_YA,YA_2018_D,57.05,-2.86,445,57.05,-2.86,1.44537279901476,453.786985789612,455.232358588627
RD1_12_D_YA,YA_2018_D,57.89,-4.98,560,57.89,-4.98,20.9386392598969,473.280252250494,494.218891510391
RD3_19_D_YA,YA_2018_D,57.89,-4.98,550,57.89,-4.98,15.9386392598969,468.280252250494,484.218891510391
RD5_17_D_YA,YA_2018_D,57.89,-4.98,515,57.89,-4.98,-1.56136074010306,450.780252250494,449.218891510391
RD7_14_D_YA,YA_2018_D,57.89,-4.98,515,57.89,-4.98,-1.56136074010306,450.780252250494,449.218891510391
RD9_30_D_YA,YA_2018_D,57.89,-4.98,410,57.89,-4.98,-54.0613607401033,398.280252250494,344.218891510391
BE2_30_D_YA,YA_2019_D,57.63,-5.35,320,57.63,-5.35,-149.094889931684,470.081274510478,320.986384578794
BE3_27_D_YA,YA_2019_D,57.63,-5.35,790,57.63,-5.35,85.905110068317,705.081274510476,790.986384578793
BE4_27_D_YA,YA_2019_D,57.63,-5.35,610,57.63,-5.35,-4.09488993168361,615.081274510477,610.986384578793
BE7_20_D_YA,YA_2019_D,57.63,-5.35,660,57.63,-5.35,20.9051100683165,640.081274510477,660.986384578793
BE9_12_D_YA,YA_2019_D,57.63,-5.35,710,57.63,-5.35,45.9051100683167,665.081274510477,710.986384578793
GA1_12_D_YA,YA_2019_D,57.27,-4.92,570,57.27,-4.92,-11.0216354922276,608.154528949933,597.132893457705
GA10_1_D_YA,YA_2019_D,57.27,-4.92,460,57.27,-4.92,-66.021635492228,553.154528949933,487.132893457705
GA8_23_D_YA,YA_2019_D,57.27,-4.92,620,57.27,-4.92,13.9783645077725,633.154528949933,647.132893457705
GA9_1_D_YA,YA_2019_D,57.27,-4.92,535,57.27,-4.92,-28.5216354922277,590.654528949933,562.132893457705
GL1_20_D_YA,YA_2019_D,56.91,-5.13,730,56.91,-5.13,86.5550649680249,705.731229410185,792.286294378209
GL2_27_D_YA,YA_2019_D,56.91,-5.13,710,56.91,-5.13,76.5550649680249,695.731229410185,772.286294378209
GL6_18_D_YA,YA_2019_D,56.91,-5.13,433,56.91,-5.13,-61.9449350319757,557.231229410186,495.28629437821
GL8_30_D_YA,YA_2019_D,56.91,-5.13,460,56.91,-5.13,-48.4449350319756,570.731229410185,522.28629437821
GT1_23_D_YA,YA_2019_D,57.05,-2.86,580,57.05,-2.86,5.78991235262652,624.966076794787,630.755989147413
GT2_23_D_YA,YA_2019_D,57.05,-2.86,470,57.05,-2.86,-49.2100876473739,569.966076794787,520.755989147413
GT5_1_D_YA,YA_2019_D,57.05,-2.86,574,57.05,-2.86,2.7899123526264,621.966076794787,624.755989147413
GT6_4_D_YA,YA_2019_D,57.05,-2.86,520,57.05,-2.86,-24.2100876473737,594.966076794787,570.755989147413
GT8_11_D_YA,YA_2019_D,57.05,-2.86,586,57.05,-2.86,8.78991235262652,627.966076794786,636.755989147413
GT9_30_D_YA,YA_2019_D,57.05,-2.86,693,57.05,-2.86,62.2899123526269,681.466076794786,743.755989147413
RD1_12_D_YA,YA_2019_D,57.89,-4.98,740,57.89,-4.98,42.4202515278989,661.596415970059,704.016667497958
RD3_19_D_YA,YA_2019_D,57.89,-4.98,540,57.89,-4.98,-57.5797484721018,561.59641597006,504.016667497958
RD5_17_D_YA,YA_2019_D,57.89,-4.98,830,57.89,-4.98,87.4202515278993,706.596415970059,794.016667497958
RD7_14_D_YA,YA_2019_D,57.89,-4.98,650,57.89,-4.98,-2.57974847210141,616.59641597006,614.016667497958
RD9_30_D_YA,YA_2019_D,57.89,-4.98,582,57.89,-4.98,-36.5797484721016,582.59641597006,546.016667497958
