Genotype,Envir,Latitude,Longitude,T4,Lat,Lon,T4_spats_residuals,T4_spats_geno_pred_values,T4_spats_adj_pheno
BE10_6_A_GS,GS_2015_A,57.63,-5.35,20,57.63,-5.35,2.39723009369642,8.11779614505026,10.5150262387467
BE2_26_A_GS,GS_2015_A,57.63,-5.35,14,57.63,-5.35,-0.602769906303589,5.11779614505027,4.51502623874668
BE4_10_A_GS,GS_2015_A,57.63,-5.35,14,57.63,-5.35,-0.602769906303589,5.11779614505027,4.51502623874668
BE5_2_A_GS,GS_2015_A,57.63,-5.35,14,57.63,-5.35,-0.602769906303589,5.11779614505027,4.51502623874668
BE7_29_A_GS,GS_2015_A,57.63,-5.35,14,57.63,-5.35,-0.602769906303589,5.11779614505027,4.51502623874668
GA1_6_A_GS,GS_2015_A,57.27,-4.92,14,57.27,-4.92,1.95663051290533,7.67719656425917,9.63382707716449
GA10_15_A_GS,GS_2015_A,57.27,-4.92,7,57.27,-4.92,-1.54336948709469,4.17719656425918,2.63382707716449
GA6_15_A_GS,GS_2015_A,57.27,-4.92,14,57.27,-4.92,1.95663051290533,7.67719656425917,9.63382707716449
GA9_6_A_GS,GS_2015_A,57.27,-4.92,0,57.27,-4.92,-5.04336948709471,0.677196564259192,-4.36617292283552
GL1_26_A_GS,GS_2015_A,56.91,-5.13,7,56.91,-5.13,-2.70872245268073,3.01184359867316,0.303121145992434
GL2_2_A_GS,GS_2015_A,56.91,-5.13,14,56.91,-5.13,0.791277547319284,6.51184359867315,7.30312114599243
GL4_10_A_GS,GS_2015_A,56.91,-5.13,14,56.91,-5.13,0.791277547319284,6.51184359867315,7.30312114599243
GL5_6_A_GS,GS_2015_A,56.91,-5.13,14,56.91,-5.13,0.791277547319284,6.51184359867315,7.30312114599243
GL6_2_A_GS,GS_2015_A,56.91,-5.13,7,56.91,-5.13,-2.70872245268073,3.01184359867316,0.303121145992434
GL7_2_A_GS,GS_2015_A,56.91,-5.13,20,56.91,-5.13,3.79127754731933,9.51184359867314,13.3031211459925
GL8_29_A_GS,GS_2015_A,56.91,-5.13,14,56.91,-5.13,0.791277547319284,6.51184359867315,7.30312114599243
GT1_22_A_GS,GS_2015_A,57.05,-2.86,14,57.05,-2.86,2.13642695989907,7.85699301125292,9.99341997115199
GT5_6_A_GS,GS_2015_A,57.05,-2.86,7,57.05,-2.86,-1.36357304010094,4.35699301125293,2.99341997115199
GT7_5_A_GS,GS_2015_A,57.05,-2.86,14,57.05,-2.86,2.13642695989907,7.85699301125292,9.99341997115199
GT8_29_A_GS,GS_2015_A,57.05,-2.86,7,57.05,-2.86,-1.36357304010094,4.35699301125293,2.99341997115199
GT9_9_A_GS,GS_2015_A,57.05,-2.86,7,57.05,-2.86,-1.36357304010094,4.35699301125293,2.99341997115199
RD1_6_A_GS,GS_2015_A,57.89,-4.98,20,57.89,-4.98,3.48874994972021,9.20931600107404,12.6980659507942
RD5_5_A_GS,GS_2015_A,57.89,-4.98,7,57.89,-4.98,-3.01125005027981,2.70931600107406,-0.301934049205748
RD7_29_A_GS,GS_2015_A,57.89,-4.98,14,57.89,-4.98,0.488749949720202,6.20931600107405,6.69806595079425
BE10_6_A_GS,GS_2016_A,57.63,-5.35,9,57.63,-5.35,0.000730674800726305,6.71205948494199,6.71279015974272
BE2_26_A_GS,GS_2016_A,57.63,-5.35,9,57.63,-5.35,0.000730674800726305,6.71205948494199,6.71279015974272
BE4_10_A_GS,GS_2016_A,57.63,-5.35,9,57.63,-5.35,0.000730674800726305,6.71205948494199,6.71279015974272
BE5_2_A_GS,GS_2016_A,57.63,-5.35,9,57.63,-5.35,0.000730674800726305,6.71205948494199,6.71279015974272
BE7_29_A_GS,GS_2016_A,57.63,-5.35,9,57.63,-5.35,0.000730674800726305,6.71205948494199,6.71279015974272
GA1_6_A_GS,GS_2016_A,57.27,-4.92,9,57.27,-4.92,-0.698690519195056,6.01263829094622,5.31394777175117
GA10_15_A_GS,GS_2016_A,57.27,-4.92,9,57.27,-4.92,-0.698690519195056,6.01263829094622,5.31394777175117
GA6_15_A_GS,GS_2016_A,57.27,-4.92,16,57.27,-4.92,2.80130948080492,9.51263829094625,12.3139477717512
GA9_6_A_GS,GS_2016_A,57.27,-4.92,9,57.27,-4.92,-0.698690519195056,6.01263829094622,5.31394777175117
GL1_26_A_GS,GS_2016_A,56.91,-5.13,9,56.91,-5.13,-0.0579940579925857,6.65333475214868,6.5953406941561
GL2_2_A_GS,GS_2016_A,56.91,-5.13,9,56.91,-5.13,-0.0579940579925857,6.65333475214868,6.5953406941561
GL4_10_A_GS,GS_2016_A,56.91,-5.13,9,56.91,-5.13,-0.0579940579925857,6.65333475214868,6.5953406941561
GL5_6_A_GS,GS_2016_A,56.91,-5.13,9,56.91,-5.13,-0.0579940579925857,6.65333475214868,6.5953406941561
GL6_2_A_GS,GS_2016_A,56.91,-5.13,9,56.91,-5.13,-0.0579940579925857,6.65333475214868,6.5953406941561
GL7_2_A_GS,GS_2016_A,56.91,-5.13,9,56.91,-5.13,-0.0579940579925857,6.65333475214868,6.5953406941561
GL8_29_A_GS,GS_2016_A,56.91,-5.13,9,56.91,-5.13,-0.0579940579925857,6.65333475214868,6.5953406941561
GT1_22_A_GS,GS_2016_A,57.05,-2.86,9,57.05,-2.86,0.390390916235623,7.10171972637691,7.49211064261253
GT5_6_A_GS,GS_2016_A,57.05,-2.86,9,57.05,-2.86,0.390390916235623,7.10171972637691,7.49211064261253
GT7_5_A_GS,GS_2016_A,57.05,-2.86,9,57.05,-2.86,0.390390916235623,7.10171972637691,7.49211064261253
GT8_29_A_GS,GS_2016_A,57.05,-2.86,9,57.05,-2.86,0.390390916235623,7.10171972637691,7.49211064261253
GT9_9_A_GS,GS_2016_A,57.05,-2.86,5,57.05,-2.86,-1.60960908376436,5.1017197263769,3.49211064261253
RD1_6_A_GS,GS_2016_A,57.89,-4.98,9,57.89,-4.98,2.08170417584643,8.79303298598774,10.8747371618342
RD5_5_A_GS,GS_2016_A,57.89,-4.98,0,57.89,-4.98,-2.41829582415354,4.29303298598771,1.87473716183417
RD7_29_A_GS,GS_2016_A,57.89,-4.98,5,57.89,-4.98,0.0817041758464461,6.79303298598773,6.87473716183417
BE10_6_A_GS,GS_2017_A,57.63,-5.35,19,57.63,-5.35,0.604011784690957,13.7244050993726,14.3284168840636
BE2_26_A_GS,GS_2017_A,57.63,-5.35,15,57.63,-5.35,-1.39598821530906,11.7244050993727,10.3284168840636
BE4_10_A_GS,GS_2017_A,57.63,-5.35,15,57.63,-5.35,-1.39598821530906,11.7244050993727,10.3284168840636
BE5_2_A_GS,GS_2017_A,57.63,-5.35,20,57.63,-5.35,1.10401178469096,14.2244050993726,15.3284168840636
BE7_29_A_GS,GS_2017_A,57.63,-5.35,20,57.63,-5.35,1.10401178469096,14.2244050993726,15.3284168840636
GA1_6_A_GS,GS_2017_A,57.27,-4.92,19,57.27,-4.92,1.21803074999331,14.338424064675,15.5564548146683
GA10_15_A_GS,GS_2017_A,57.27,-4.92,20,57.27,-4.92,1.71803074999331,14.838424064675,16.5564548146683
GA6_15_A_GS,GS_2017_A,57.27,-4.92,20,57.27,-4.92,1.71803074999331,14.838424064675,16.5564548146683
GA9_6_A_GS,GS_2017_A,57.27,-4.92,15,57.27,-4.92,-0.781969250006705,12.338424064675,11.5564548146683
GL1_26_A_GS,GS_2017_A,56.91,-5.13,15,56.91,-5.13,-1.17556039882548,11.9448329158563,10.7692725170308
GL2_2_A_GS,GS_2017_A,56.91,-5.13,15,56.91,-5.13,-1.17556039882548,11.9448329158563,10.7692725170308
GL4_10_A_GS,GS_2017_A,56.91,-5.13,15,56.91,-5.13,-1.17556039882548,11.9448329158563,10.7692725170308
GL5_6_A_GS,GS_2017_A,56.91,-5.13,20,56.91,-5.13,1.32443960117454,14.4448329158563,15.7692725170308
GL6_2_A_GS,GS_2017_A,56.91,-5.13,8,56.91,-5.13,-4.67556039882553,8.44483291585631,3.76927251703079
GL7_2_A_GS,GS_2017_A,56.91,-5.13,29,56.91,-5.13,5.8244396011746,18.9448329158562,24.7692725170308
GL8_29_A_GS,GS_2017_A,56.91,-5.13,15,56.91,-5.13,-1.17556039882548,11.9448329158563,10.7692725170308
GT1_22_A_GS,GS_2017_A,57.05,-2.86,20,57.05,-2.86,3.34724113234995,16.4676344470316,19.8148755793815
GT5_6_A_GS,GS_2017_A,57.05,-2.86,8,57.05,-2.86,-2.65275886765011,10.4676344470317,7.81487557938154
GT7_5_A_GS,GS_2017_A,57.05,-2.86,15,57.05,-2.86,0.847241132349927,13.9676344470316,14.8148755793815
GT8_29_A_GS,GS_2017_A,57.05,-2.86,8,57.05,-2.86,-2.65275886765011,10.4676344470317,7.81487557938154
GT9_9_A_GS,GS_2017_A,57.05,-2.86,15,57.05,-2.86,0.847241132349927,13.9676344470316,14.8148755793815
RD1_6_A_GS,GS_2017_A,57.89,-4.98,20,57.89,-4.98,2.36684506886968,15.4872383835514,17.854083452421
RD5_5_A_GS,GS_2017_A,57.89,-4.98,15,57.89,-4.98,-0.133154931130346,12.9872383835514,12.854083452421
RD7_29_A_GS,GS_2017_A,57.89,-4.98,8,57.89,-4.98,-3.63315493113038,9.48723838355142,5.85408345242104
BE10_6_A_GS,GS_2018_A,57.63,-5.35,23,57.63,-5.35,1.40531399060304,4.60599458805575,6.0113085786588
BE2_26_A_GS,GS_2018_A,57.63,-5.35,16,57.63,-5.35,-2.09468600939701,1.1059945880558,-0.988691421341204
BE4_10_A_GS,GS_2018_A,57.63,-5.35,37,57.63,-5.35,8.40531399060314,11.6059945880557,20.0113085786588
BE5_2_A_GS,GS_2018_A,57.63,-5.35,16,57.63,-5.35,-2.09468600939701,1.1059945880558,-0.988691421341204
BE7_29_A_GS,GS_2018_A,57.63,-5.35,9,57.63,-5.35,-5.59468600939706,-2.39400541194414,-7.9886914213412
GA1_6_A_GS,GS_2018_A,57.27,-4.92,16,57.27,-4.92,1.28224885069973,4.48292944815246,5.76517829885219
GA10_15_A_GS,GS_2018_A,57.27,-4.92,23,57.27,-4.92,4.78224885069979,7.98292944815241,12.7651782988522
GA6_15_A_GS,GS_2018_A,57.27,-4.92,16,57.27,-4.92,1.28224885069973,4.48292944815246,5.76517829885219
GA9_6_A_GS,GS_2018_A,57.27,-4.92,9,57.27,-4.92,-2.21775114930032,0.982929448152509,-1.23482170114781
GL1_26_A_GS,GS_2018_A,56.91,-5.13,9,56.91,-5.13,-2.42177433606206,0.778906261390779,-1.64286807467128
GL2_2_A_GS,GS_2018_A,56.91,-5.13,9,56.91,-5.13,-2.42177433606206,0.778906261390779,-1.64286807467128
GL4_10_A_GS,GS_2018_A,56.91,-5.13,16,56.91,-5.13,1.07822566393799,4.27890626139073,5.35713192532872
GL5_6_A_GS,GS_2018_A,56.91,-5.13,16,56.91,-5.13,1.07822566393799,4.27890626139073,5.35713192532872
GL6_2_A_GS,GS_2018_A,56.91,-5.13,9,56.91,-5.13,-2.42177433606206,0.778906261390779,-1.64286807467128
GL7_2_A_GS,GS_2018_A,56.91,-5.13,23,56.91,-5.13,4.57822566393806,7.77890626139068,12.3571319253287
GL8_29_A_GS,GS_2018_A,56.91,-5.13,9,56.91,-5.13,-2.42177433606206,0.778906261390779,-1.64286807467128
GT1_22_A_GS,GS_2018_A,57.05,-2.86,16,57.05,-2.86,2.03011585901778,5.23079645647048,7.26091231548826
GT5_6_A_GS,GS_2018_A,57.05,-2.86,9,57.05,-2.86,-1.46988414098227,1.73079645647053,0.260912315488262
GT7_5_A_GS,GS_2018_A,57.05,-2.86,16,57.05,-2.86,2.03011585901778,5.23079645647048,7.26091231548826
GT8_29_A_GS,GS_2018_A,57.05,-2.86,9,57.05,-2.86,-1.46988414098227,1.73079645647053,0.260912315488262
GT9_9_A_GS,GS_2018_A,57.05,-2.86,9,57.05,-2.86,-1.46988414098227,1.73079645647053,0.260912315488262
RD1_6_A_GS,GS_2018_A,57.89,-4.98,16,57.89,-4.98,1.71542523384637,4.91610583129908,6.63153106514544
RD5_5_A_GS,GS_2018_A,57.89,-4.98,9,57.89,-4.98,-1.78457476615369,1.41610583129913,-0.368468934854559
RD7_29_A_GS,GS_2018_A,57.89,-4.98,9,57.89,-4.98,-1.78457476615369,1.41610583129913,-0.368468934854559
BE10_6_A_GS,GS_2019_A,57.63,-5.35,14,57.63,-5.35,-0.00108988692760015,14.270283935513,14.2691940485854
BE2_26_A_GS,GS_2019_A,57.63,-5.35,14,57.63,-5.35,-0.00108988692760015,14.270283935513,14.2691940485854
BE5_2_A_GS,GS_2019_A,57.63,-5.35,14,57.63,-5.35,-0.00108988692760015,14.270283935513,14.2691940485854
BE7_29_A_GS,GS_2019_A,57.63,-5.35,14,57.63,-5.35,-0.00108988692760015,14.270283935513,14.2691940485854
GA1_6_A_GS,GS_2019_A,57.27,-4.92,14,57.27,-4.92,-0.21038896970251,14.0609848527381,13.8505958830356
GA10_15_A_GS,GS_2019_A,57.27,-4.92,14,57.27,-4.92,-0.21038896970251,14.0609848527381,13.8505958830356
GA6_15_A_GS,GS_2019_A,57.27,-4.92,14,57.27,-4.92,-0.21038896970251,14.0609848527381,13.8505958830356
GA9_6_A_GS,GS_2019_A,57.27,-4.92,14,57.27,-4.92,-0.21038896970251,14.0609848527381,13.8505958830356
GL1_26_A_GS,GS_2019_A,56.91,-5.13,14,56.91,-5.13,-0.430796063523259,13.8405777589174,13.4097816953941
GL2_2_A_GS,GS_2019_A,56.91,-5.13,14,56.91,-5.13,-0.430796063523259,13.8405777589174,13.4097816953941
GL4_10_A_GS,GS_2019_A,56.91,-5.13,14,56.91,-5.13,-0.430796063523259,13.8405777589174,13.4097816953941
GL5_6_A_GS,GS_2019_A,56.91,-5.13,14,56.91,-5.13,-0.430796063523259,13.8405777589174,13.4097816953941
GL6_2_A_GS,GS_2019_A,56.91,-5.13,14,56.91,-5.13,-0.430796063523259,13.8405777589174,13.4097816953941
GL7_2_A_GS,GS_2019_A,56.91,-5.13,21,56.91,-5.13,3.06920393647678,17.3405777589173,20.4097816953941
GL8_29_A_GS,GS_2019_A,56.91,-5.13,14,56.91,-5.13,-0.430796063523259,13.8405777589174,13.4097816953941
GT1_22_A_GS,GS_2019_A,57.05,-2.86,14,57.05,-2.86,0.0114664578656427,14.2828402803062,14.2943067381719
GT5_6_A_GS,GS_2019_A,57.05,-2.86,14,57.05,-2.86,0.0114664578656427,14.2828402803062,14.2943067381719
GT7_5_A_GS,GS_2019_A,57.05,-2.86,14,57.05,-2.86,0.0114664578656427,14.2828402803062,14.2943067381719
GT8_29_A_GS,GS_2019_A,57.05,-2.86,14,57.05,-2.86,0.0114664578656427,14.2828402803062,14.2943067381719
GT9_9_A_GS,GS_2019_A,57.05,-2.86,14,57.05,-2.86,0.0114664578656427,14.2828402803062,14.2943067381719
RD1_6_A_GS,GS_2019_A,57.89,-4.98,14,57.89,-4.98,0.10138519395101,14.3727590163916,14.4741442103426
RD5_5_A_GS,GS_2019_A,57.89,-4.98,14,57.89,-4.98,0.10138519395101,14.3727590163916,14.4741442103426
RD7_29_A_GS,GS_2019_A,57.89,-4.98,14,57.89,-4.98,0.10138519395101,14.3727590163916,14.4741442103426
BE2_3_C_GS,GS_2015_C,57.63,-5.35,14,57.63,-5.35,1.1706687499821,10.917636317034,12.0883050670161
BE3_10_C_GS,GS_2015_C,57.63,-5.35,0,57.63,-5.35,-5.82933125001784,3.91763631703398,-1.91169493298387
BE5_9_C_GS,GS_2015_C,57.63,-5.35,14,57.63,-5.35,1.1706687499821,10.917636317034,12.0883050670161
BE7_5_C_GS,GS_2015_C,57.63,-5.35,14,57.63,-5.35,1.1706687499821,10.917636317034,12.0883050670161
BE8_15_C_GS,GS_2015_C,57.63,-5.35,14,57.63,-5.35,1.1706687499821,10.917636317034,12.0883050670161
BE9_15_C_GS,GS_2015_C,57.63,-5.35,14,57.63,-5.35,1.1706687499821,10.917636317034,12.0883050670161
GA1_3_C_GS,GS_2015_C,57.27,-4.92,14,57.27,-4.92,1.62706224582507,11.374029812877,13.0010920587021
GA5_2_C_GS,GS_2015_C,57.27,-4.92,14,57.27,-4.92,1.62706224582507,11.374029812877,13.0010920587021
GA7_2_C_GS,GS_2015_C,57.27,-4.92,14,57.27,-4.92,1.62706224582507,11.374029812877,13.0010920587021
GA8_15_C_GS,GS_2015_C,57.27,-4.92,14,57.27,-4.92,1.62706224582507,11.374029812877,13.0010920587021
GA9_15_C_GS,GS_2015_C,57.27,-4.92,7,57.27,-4.92,-1.8729377541749,7.87402981287699,6.00109205870209
GL1_29_C_GS,GS_2015_C,56.91,-5.13,7,56.91,-5.13,-0.809748474478103,8.9372190925738,8.1274706180957
GL2_3_C_GS,GS_2015_C,56.91,-5.13,7,56.91,-5.13,-0.809748474478103,8.9372190925738,8.1274706180957
GL3_22_C_GS,GS_2015_C,56.91,-5.13,0,56.91,-5.13,-4.30974847447807,5.43721909257377,1.1274706180957
GL4_6_C_GS,GS_2015_C,56.91,-5.13,20,56.91,-5.13,5.69025152552184,15.4372190925739,21.1274706180957
GL5_5_C_GS,GS_2015_C,56.91,-5.13,14,56.91,-5.13,2.69025152552187,12.4372190925738,15.1274706180957
GL6_10_C_GS,GS_2015_C,56.91,-5.13,7,56.91,-5.13,-0.809748474478103,8.9372190925738,8.1274706180957
GL8_22_C_GS,GS_2015_C,56.91,-5.13,0,56.91,-5.13,-4.30974847447807,5.43721909257377,1.1274706180957
GT2_9_C_GS,GS_2015_C,57.05,-2.86,14,57.05,-2.86,0.61403538152579,10.3610029485777,10.9750383301035
GT3_10_C_GS,GS_2015_C,57.05,-2.86,20,57.05,-2.86,3.61403538152574,13.3610029485777,16.9750383301035
GT5_26_C_GS,GS_2015_C,57.05,-2.86,0,57.05,-2.86,-6.38596461847414,3.36100294857765,-3.02496166989649
GT6_5_C_GS,GS_2015_C,57.05,-2.86,14,57.05,-2.86,0.61403538152579,10.3610029485777,10.9750383301035
GT7_2_C_GS,GS_2015_C,57.05,-2.86,14,57.05,-2.86,0.61403538152579,10.3610029485777,10.9750383301035
GT9_29_C_GS,GS_2015_C,57.05,-2.86,14,57.05,-2.86,0.61403538152579,10.3610029485777,10.9750383301035
RD1_10_C_GS,GS_2015_C,57.89,-4.98,14,57.89,-4.98,1.76067190045275,11.5076394675047,13.2683113679575
RD10_6_C_GS,GS_2015_C,57.89,-4.98,7,57.89,-4.98,-1.73932809954722,8.00763946750469,6.26831136795747
RD2_2_C_GS,GS_2015_C,57.89,-4.98,0,57.89,-4.98,-5.23932809954718,4.50763946750466,-0.731688632042527
RD3_29_C_GS,GS_2015_C,57.89,-4.98,14,57.89,-4.98,1.76067190045275,11.5076394675047,13.2683113679575
RD5_10_C_GS,GS_2015_C,57.89,-4.98,14,57.89,-4.98,1.76067190045275,11.5076394675047,13.2683113679575
RD7_5_C_GS,GS_2015_C,57.89,-4.98,7,57.89,-4.98,-1.73932809954722,8.00763946750469,6.26831136795747
RD8_15_C_GS,GS_2015_C,57.89,-4.98,14,57.89,-4.98,1.76067190045275,11.5076394675047,13.2683113679575
BE2_3_C_GS,GS_2016_C,57.63,-5.35,9,57.63,-5.35,0.00126005361184767,8.39321033004534,8.39447038365719
BE3_10_C_GS,GS_2016_C,57.63,-5.35,9,57.63,-5.35,0.00126005361184767,8.39321033004534,8.39447038365719
BE5_9_C_GS,GS_2016_C,57.63,-5.35,9,57.63,-5.35,0.00126005361184767,8.39321033004534,8.39447038365719
BE7_5_C_GS,GS_2016_C,57.63,-5.35,9,57.63,-5.35,0.00126005361184767,8.39321033004534,8.39447038365719
BE8_15_C_GS,GS_2016_C,57.63,-5.35,9,57.63,-5.35,0.00126005361184767,8.39321033004534,8.39447038365719
BE9_15_C_GS,GS_2016_C,57.63,-5.35,9,57.63,-5.35,0.00126005361184767,8.39321033004534,8.39447038365719
GA1_3_C_GS,GS_2016_C,57.27,-4.92,9,57.27,-4.92,0.29188501062335,8.68383528705684,8.97572029768019
GA5_2_C_GS,GS_2016_C,57.27,-4.92,9,57.27,-4.92,0.29188501062335,8.68383528705684,8.97572029768019
GA7_2_C_GS,GS_2016_C,57.27,-4.92,9,57.27,-4.92,0.29188501062335,8.68383528705684,8.97572029768019
GA8_15_C_GS,GS_2016_C,57.27,-4.92,9,57.27,-4.92,0.29188501062335,8.68383528705684,8.97572029768019
GA9_15_C_GS,GS_2016_C,57.27,-4.92,9,57.27,-4.92,0.29188501062335,8.68383528705684,8.97572029768019
GL1_29_C_GS,GS_2016_C,56.91,-5.13,9,56.91,-5.13,0.522843770944959,8.91479404737845,9.43763781832341
GL2_3_C_GS,GS_2016_C,56.91,-5.13,9,56.91,-5.13,0.522843770944959,8.91479404737845,9.43763781832341
GL3_22_C_GS,GS_2016_C,56.91,-5.13,0,56.91,-5.13,-3.977156229055,4.41479404737841,0.437637818323413
GL4_6_C_GS,GS_2016_C,56.91,-5.13,9,56.91,-5.13,0.522843770944959,8.91479404737845,9.43763781832341
GL5_5_C_GS,GS_2016_C,56.91,-5.13,9,56.91,-5.13,0.522843770944959,8.91479404737845,9.43763781832341
GL6_10_C_GS,GS_2016_C,56.91,-5.13,9,56.91,-5.13,0.522843770944959,8.91479404737845,9.43763781832341
GL8_22_C_GS,GS_2016_C,56.91,-5.13,9,56.91,-5.13,0.522843770944959,8.91479404737845,9.43763781832341
GT2_9_C_GS,GS_2016_C,57.05,-2.86,9,57.05,-2.86,0.31676240372034,8.70871268015382,9.02547508387416
GT3_10_C_GS,GS_2016_C,57.05,-2.86,9,57.05,-2.86,0.31676240372034,8.70871268015382,9.02547508387416
GT5_26_C_GS,GS_2016_C,57.05,-2.86,5,57.05,-2.86,-1.68323759627965,6.7087126801538,5.02547508387415
GT6_5_C_GS,GS_2016_C,57.05,-2.86,9,57.05,-2.86,0.31676240372034,8.70871268015382,9.02547508387416
GT7_2_C_GS,GS_2016_C,57.05,-2.86,9,57.05,-2.86,0.31676240372034,8.70871268015382,9.02547508387416
GT9_29_C_GS,GS_2016_C,57.05,-2.86,9,57.05,-2.86,0.31676240372034,8.70871268015382,9.02547508387416
RD1_10_C_GS,GS_2016_C,57.89,-4.98,9,57.89,-4.98,-0.0753523133889011,8.31659796304457,8.24124564965567
RD10_6_C_GS,GS_2016_C,57.89,-4.98,9,57.89,-4.98,-0.0753523133889011,8.31659796304457,8.24124564965567
RD2_2_C_GS,GS_2016_C,57.89,-4.98,9,57.89,-4.98,-0.0753523133889011,8.31659796304457,8.24124564965567
RD3_29_C_GS,GS_2016_C,57.89,-4.98,9,57.89,-4.98,-0.0753523133889011,8.31659796304457,8.24124564965567
RD5_10_C_GS,GS_2016_C,57.89,-4.98,9,57.89,-4.98,-0.0753523133889011,8.31659796304457,8.24124564965567
RD7_5_C_GS,GS_2016_C,57.89,-4.98,9,57.89,-4.98,-0.0753523133889011,8.31659796304457,8.24124564965567
RD8_15_C_GS,GS_2016_C,57.89,-4.98,9,57.89,-4.98,-0.0753523133889011,8.31659796304457,8.24124564965567
BE2_3_C_GS,GS_2017_C,57.63,-5.35,15,57.63,-5.35,-0.996619030570081,11.5042630575863,10.5076440270162
BE3_10_C_GS,GS_2017_C,57.63,-5.35,8,57.63,-5.35,-4.49661903057005,8.00426305758627,3.50764402701622
BE5_9_C_GS,GS_2017_C,57.63,-5.35,15,57.63,-5.35,-0.996619030570081,11.5042630575863,10.5076440270162
BE7_5_C_GS,GS_2017_C,57.63,-5.35,29,57.63,-5.35,6.00338096942985,18.5042630575864,24.5076440270162
BE8_15_C_GS,GS_2017_C,57.63,-5.35,20,57.63,-5.35,1.50338096942988,14.0042630575863,15.5076440270162
BE9_15_C_GS,GS_2017_C,57.63,-5.35,15,57.63,-5.35,-0.996619030570081,11.5042630575863,10.5076440270162
GA1_3_C_GS,GS_2017_C,57.27,-4.92,19,57.27,-4.92,1.48318437313208,13.9840664612885,15.4672508344206
GA5_2_C_GS,GS_2017_C,57.27,-4.92,15,57.27,-4.92,-0.516815626867899,11.9840664612885,11.4672508344206
GA7_2_C_GS,GS_2017_C,57.27,-4.92,19,57.27,-4.92,1.48318437313208,13.9840664612885,15.4672508344206
GA8_15_C_GS,GS_2017_C,57.27,-4.92,20,57.27,-4.92,1.98318437313208,14.4840664612885,16.4672508344206
GA9_15_C_GS,GS_2017_C,57.27,-4.92,15,57.27,-4.92,-0.516815626867899,11.9840664612885,11.4672508344206
GL1_29_C_GS,GS_2017_C,56.91,-5.13,15,56.91,-5.13,1.17798073204269,13.6788628201991,14.8568435522418
GL2_3_C_GS,GS_2017_C,56.91,-5.13,8,56.91,-5.13,-2.32201926795727,10.1788628201991,7.85684355224181
GL3_22_C_GS,GS_2017_C,56.91,-5.13,8,56.91,-5.13,-2.32201926795727,10.1788628201991,7.85684355224181
GL4_6_C_GS,GS_2017_C,56.91,-5.13,15,56.91,-5.13,1.17798073204269,13.6788628201991,14.8568435522418
GL5_5_C_GS,GS_2017_C,56.91,-5.13,15,56.91,-5.13,1.17798073204269,13.6788628201991,14.8568435522418
GL6_10_C_GS,GS_2017_C,56.91,-5.13,15,56.91,-5.13,1.17798073204269,13.6788628201991,14.8568435522418
GL8_22_C_GS,GS_2017_C,56.91,-5.13,8,56.91,-5.13,-2.32201926795727,10.1788628201991,7.85684355224181
GT2_9_C_GS,GS_2017_C,57.05,-2.86,20,57.05,-2.86,2.1222036327709,14.6230857209274,16.7452893536983
GT3_10_C_GS,GS_2017_C,57.05,-2.86,19,57.05,-2.86,1.62220363277091,14.1230857209273,15.7452893536983
GT5_26_C_GS,GS_2017_C,57.05,-2.86,0,57.05,-2.86,-7.87779636722899,4.62308572092725,-3.25471064630174
GT6_5_C_GS,GS_2017_C,57.05,-2.86,20,57.05,-2.86,2.1222036327709,14.6230857209274,16.7452893536983
GT7_2_C_GS,GS_2017_C,57.05,-2.86,20,57.05,-2.86,2.1222036327709,14.6230857209274,16.7452893536983
GT9_29_C_GS,GS_2017_C,57.05,-2.86,15,57.05,-2.86,-0.377796367229056,12.1230857209273,11.7452893536983
RD1_10_C_GS,GS_2017_C,57.89,-4.98,20,57.89,-4.98,3.29781505669033,15.7986971448468,19.0965122015371
RD10_6_C_GS,GS_2017_C,57.89,-4.98,15,57.89,-4.98,0.797815056690352,13.2986971448468,14.0965122015371
RD2_2_C_GS,GS_2017_C,57.89,-4.98,0,57.89,-4.98,-6.70218494330956,5.79869714484669,-0.903487798462869
RD3_29_C_GS,GS_2017_C,57.89,-4.98,8,57.89,-4.98,-2.70218494330961,9.79869714484673,7.09651220153712
RD5_10_C_GS,GS_2017_C,57.89,-4.98,20,57.89,-4.98,3.29781505669033,15.7986971448468,19.0965122015371
RD7_5_C_GS,GS_2017_C,57.89,-4.98,8,57.89,-4.98,-2.70218494330961,9.79869714484673,7.09651220153712
RD8_15_C_GS,GS_2017_C,57.89,-4.98,20,57.89,-4.98,3.29781505669033,15.7986971448468,19.0965122015371
BE2_3_C_GS,GS_2018_C,57.63,-5.35,16,57.63,-5.35,0.00331593712435918,13.6109758365749,13.6142917736992
BE3_10_C_GS,GS_2018_C,57.63,-5.35,9,57.63,-5.35,-3.49668406287562,10.1109758365748,6.61429177369923
BE5_9_C_GS,GS_2018_C,57.63,-5.35,16,57.63,-5.35,0.00331593712435918,13.6109758365749,13.6142917736992
BE7_5_C_GS,GS_2018_C,57.63,-5.35,23,57.63,-5.35,3.50331593712433,17.1109758365749,20.6142917736992
BE8_15_C_GS,GS_2018_C,57.63,-5.35,16,57.63,-5.35,0.00331593712435918,13.6109758365749,13.6142917736992
BE9_15_C_GS,GS_2018_C,57.63,-5.35,16,57.63,-5.35,0.00331593712435918,13.6109758365749,13.6142917736992
GA1_3_C_GS,GS_2018_C,57.27,-4.92,23,57.27,-4.92,4.2681199702484,17.875779869699,22.1438998399474
GA5_2_C_GS,GS_2018_C,57.27,-4.92,16,57.27,-4.92,0.768119970248431,14.375779869699,15.1438998399474
GA7_2_C_GS,GS_2018_C,57.27,-4.92,16,57.27,-4.92,0.768119970248431,14.375779869699,15.1438998399474
GA8_15_C_GS,GS_2018_C,57.27,-4.92,16,57.27,-4.92,0.768119970248431,14.375779869699,15.1438998399474
GA9_15_C_GS,GS_2018_C,57.27,-4.92,9,57.27,-4.92,-2.73188002975154,10.8757798696989,8.14389983994739
GL1_29_C_GS,GS_2018_C,56.91,-5.13,9,56.91,-5.13,-2.31582528840932,11.2918346110412,8.97600932263186
GL2_3_C_GS,GS_2018_C,56.91,-5.13,9,56.91,-5.13,-2.31582528840932,11.2918346110412,8.97600932263186
GL3_22_C_GS,GS_2018_C,56.91,-5.13,9,56.91,-5.13,-2.31582528840932,11.2918346110412,8.97600932263186
GL4_6_C_GS,GS_2018_C,56.91,-5.13,16,56.91,-5.13,1.18417471159066,14.7918346110412,15.9760093226319
GL5_5_C_GS,GS_2018_C,56.91,-5.13,16,56.91,-5.13,1.18417471159066,14.7918346110412,15.9760093226319
GL6_10_C_GS,GS_2018_C,56.91,-5.13,16,56.91,-5.13,1.18417471159066,14.7918346110412,15.9760093226319
GL8_22_C_GS,GS_2018_C,56.91,-5.13,16,56.91,-5.13,1.18417471159066,14.7918346110412,15.9760093226319
GT2_9_C_GS,GS_2018_C,57.05,-2.86,16,57.05,-2.86,-0.0436077958716723,13.5640521035789,13.5204443077072
GT3_10_C_GS,GS_2018_C,57.05,-2.86,23,57.05,-2.86,3.45639220412831,17.0640521035789,20.5204443077072
GT5_26_C_GS,GS_2018_C,57.05,-2.86,9,57.05,-2.86,-3.54360779587164,10.0640521035788,6.52044430770719
GT6_5_C_GS,GS_2018_C,57.05,-2.86,16,57.05,-2.86,-0.0436077958716723,13.5640521035789,13.5204443077072
GT7_2_C_GS,GS_2018_C,57.05,-2.86,16,57.05,-2.86,-0.0436077958716723,13.5640521035789,13.5204443077072
GT9_29_C_GS,GS_2018_C,57.05,-2.86,16,57.05,-2.86,-0.0436077958716723,13.5640521035789,13.5204443077072
RD1_10_C_GS,GS_2018_C,57.89,-4.98,16,57.89,-4.98,0.301704045730046,13.9093639451806,14.2110679909106
RD10_6_C_GS,GS_2018_C,57.89,-4.98,16,57.89,-4.98,0.301704045730046,13.9093639451806,14.2110679909106
RD2_2_C_GS,GS_2018_C,57.89,-4.98,16,57.89,-4.98,0.301704045730046,13.9093639451806,14.2110679909106
RD3_29_C_GS,GS_2018_C,57.89,-4.98,9,57.89,-4.98,-3.19829595426993,10.4093639451805,7.21106799091062
RD5_10_C_GS,GS_2018_C,57.89,-4.98,23,57.89,-4.98,3.80170404573003,17.4093639451806,21.2110679909106
RD7_5_C_GS,GS_2018_C,57.89,-4.98,9,57.89,-4.98,-3.19829595426993,10.4093639451805,7.21106799091062
RD8_15_C_GS,GS_2018_C,57.89,-4.98,16,57.89,-4.98,0.301704045730046,13.9093639451806,14.2110679909106
BE2_3_C_GS,GS_2019_C,57.63,-5.35,14,57.63,-5.35,-0.580281266577178,8.34565878461821,7.76537751804103
BE3_10_C_GS,GS_2019_C,57.63,-5.35,14,57.63,-5.35,-0.580281266577178,8.34565878461821,7.76537751804103
BE5_9_C_GS,GS_2019_C,57.63,-5.35,14,57.63,-5.35,-0.580281266577178,8.34565878461821,7.76537751804103
BE7_5_C_GS,GS_2019_C,57.63,-5.35,21,57.63,-5.35,2.91971873342279,11.8456587846183,14.765377518041
BE8_15_C_GS,GS_2019_C,57.63,-5.35,14,57.63,-5.35,-0.580281266577178,8.34565878461821,7.76537751804103
BE9_15_C_GS,GS_2019_C,57.63,-5.35,14,57.63,-5.35,-0.580281266577178,8.34565878461821,7.76537751804103
GA1_3_C_GS,GS_2019_C,57.27,-4.92,14,57.27,-4.92,0.706995741487376,9.63293579268277,10.3399315341701
GA5_2_C_GS,GS_2019_C,57.27,-4.92,14,57.27,-4.92,0.706995741487376,9.63293579268277,10.3399315341701
GA7_2_C_GS,GS_2019_C,57.27,-4.92,14,57.27,-4.92,0.706995741487376,9.63293579268277,10.3399315341701
GA8_15_C_GS,GS_2019_C,57.27,-4.92,14,57.27,-4.92,0.706995741487376,9.63293579268277,10.3399315341701
GA9_15_C_GS,GS_2019_C,57.27,-4.92,14,57.27,-4.92,0.706995741487376,9.63293579268277,10.3399315341701
GL1_29_C_GS,GS_2019_C,56.91,-5.13,14,56.91,-5.13,0.709306953851176,9.63524700504658,10.3445539588978
GL2_3_C_GS,GS_2019_C,56.91,-5.13,14,56.91,-5.13,0.709306953851176,9.63524700504658,10.3445539588978
GL3_22_C_GS,GS_2019_C,56.91,-5.13,0,56.91,-5.13,-6.29069304614873,2.63524700504649,-3.65544604110225
GL4_6_C_GS,GS_2019_C,56.91,-5.13,14,56.91,-5.13,0.709306953851176,9.63524700504658,10.3445539588978
GL5_5_C_GS,GS_2019_C,56.91,-5.13,14,56.91,-5.13,0.709306953851176,9.63524700504658,10.3445539588978
GL6_10_C_GS,GS_2019_C,56.91,-5.13,14,56.91,-5.13,0.709306953851176,9.63524700504658,10.3445539588978
GL8_22_C_GS,GS_2019_C,56.91,-5.13,14,56.91,-5.13,0.709306953851176,9.63524700504658,10.3445539588978
GT2_9_C_GS,GS_2019_C,57.05,-2.86,14,57.05,-2.86,0.543195689252734,9.46913574044814,10.0123314297009
GT3_10_C_GS,GS_2019_C,57.05,-2.86,14,57.05,-2.86,0.543195689252734,9.46913574044814,10.0123314297009
GT5_26_C_GS,GS_2019_C,57.05,-2.86,7,57.05,-2.86,-2.95680431074722,5.9691357404481,3.01233142970087
GT6_5_C_GS,GS_2019_C,57.05,-2.86,14,57.05,-2.86,0.543195689252734,9.46913574044814,10.0123314297009
GT7_2_C_GS,GS_2019_C,57.05,-2.86,14,57.05,-2.86,0.543195689252734,9.46913574044814,10.0123314297009
GT9_29_C_GS,GS_2019_C,57.05,-2.86,14,57.05,-2.86,0.543195689252734,9.46913574044814,10.0123314297009
RD1_10_C_GS,GS_2019_C,57.89,-4.98,14,57.89,-4.98,0.81748372565078,9.74342377684618,10.560907502497
RD10_6_C_GS,GS_2019_C,57.89,-4.98,14,57.89,-4.98,0.81748372565078,9.74342377684618,10.560907502497
RD2_2_C_GS,GS_2019_C,57.89,-4.98,14,57.89,-4.98,0.81748372565078,9.74342377684618,10.560907502497
RD3_29_C_GS,GS_2019_C,57.89,-4.98,0,57.89,-4.98,-6.18251627434913,2.74342377684609,-3.43909249750304
RD5_10_C_GS,GS_2019_C,57.89,-4.98,14,57.89,-4.98,0.81748372565078,9.74342377684618,10.560907502497
RD7_5_C_GS,GS_2019_C,57.89,-4.98,14,57.89,-4.98,0.81748372565078,9.74342377684618,10.560907502497
RD8_15_C_GS,GS_2019_C,57.89,-4.98,14,57.89,-4.98,0.81748372565078,9.74342377684618,10.560907502497
BE10_19_D_GS,GS_2015_D,57.63,-5.35,14,57.63,-5.35,0.502914963065306,14.5902856104931,15.0932005735584
BE2_15_D_GS,GS_2015_D,57.63,-5.35,14,57.63,-5.35,0.502914963065306,14.5902856104931,15.0932005735584
BE3_29_D_GS,GS_2015_D,57.63,-5.35,28,57.63,-5.35,7.50291496306527,21.5902856104931,29.0932005735584
BE4_6_D_GS,GS_2015_D,57.63,-5.35,7,57.63,-5.35,-2.99708503693467,11.090285610493,8.09320057355836
BE7_26_D_GS,GS_2015_D,57.63,-5.35,7,57.63,-5.35,-2.99708503693467,11.090285610493,8.09320057355836
BE8_22_D_GS,GS_2015_D,57.63,-5.35,7,57.63,-5.35,-2.99708503693467,11.090285610493,8.09320057355836
BE9_29_D_GS,GS_2015_D,57.63,-5.35,14,57.63,-5.35,0.502914963065306,14.5902856104931,15.0932005735584
GA1_26_D_GS,GS_2015_D,57.27,-4.92,20,57.27,-4.92,3.13412554544815,17.2214961928759,20.3556217383241
GA10_22_D_GS,GS_2015_D,57.27,-4.92,14,57.27,-4.92,0.134125545448173,14.2214961928759,14.3556217383241
GA3_29_D_GS,GS_2015_D,57.27,-4.92,14,57.27,-4.92,0.134125545448173,14.2214961928759,14.3556217383241
GA5_6_D_GS,GS_2015_D,57.27,-4.92,14,57.27,-4.92,0.134125545448173,14.2214961928759,14.3556217383241
GA6_5_D_GS,GS_2015_D,57.27,-4.92,14,57.27,-4.92,0.134125545448173,14.2214961928759,14.3556217383241
GA7_26_D_GS,GS_2015_D,57.27,-4.92,14,57.27,-4.92,0.134125545448173,14.2214961928759,14.3556217383241
GA8_29_D_GS,GS_2015_D,57.27,-4.92,14,57.27,-4.92,0.134125545448173,14.2214961928759,14.3556217383241
GL3_26_D_GS,GS_2015_D,56.91,-5.13,7,56.91,-5.13,-2.5534699322248,11.5339007152029,8.98043078297811
GL4_3_D_GS,GS_2015_D,56.91,-5.13,7,56.91,-5.13,-2.5534699322248,11.5339007152029,8.98043078297811
GL6_15_D_GS,GS_2015_D,56.91,-5.13,14,56.91,-5.13,0.946530067775173,15.0339007152029,15.9804307829781
GL7_15_D_GS,GS_2015_D,56.91,-5.13,14,56.91,-5.13,0.946530067775173,15.0339007152029,15.9804307829781
GL8_15_D_GS,GS_2015_D,56.91,-5.13,14,56.91,-5.13,0.946530067775173,15.0339007152029,15.9804307829781
GT2_26_D_GS,GS_2015_D,57.05,-2.86,14,57.05,-2.86,1.07721927296842,15.1645899203962,16.2418091933646
GT6_29_D_GS,GS_2015_D,57.05,-2.86,14,57.05,-2.86,1.07721927296842,15.1645899203962,16.2418091933646
GT8_22_D_GS,GS_2015_D,57.05,-2.86,7,57.05,-2.86,-2.42278072703156,11.6645899203962,9.24180919336461
RD10_10_D_GS,GS_2015_D,57.89,-4.98,14,57.89,-4.98,0.429401380437566,14.5167720278653,14.9461734083029
RD2_9_D_GS,GS_2015_D,57.89,-4.98,7,57.89,-4.98,-3.07059861956241,11.0167720278653,7.94617340830288
RD3_2_D_GS,GS_2015_D,57.89,-4.98,14,57.89,-4.98,0.429401380437566,14.5167720278653,14.9461734083029
RD5_6_D_GS,GS_2015_D,57.89,-4.98,7,57.89,-4.98,-3.07059861956241,11.0167720278653,7.94617340830288
RD8_22_D_GS,GS_2015_D,57.89,-4.98,14,57.89,-4.98,0.429401380437566,14.5167720278653,14.9461734083029
RD9_6_D_GS,GS_2015_D,57.89,-4.98,20,57.89,-4.98,3.42940138043753,17.5167720278653,20.9461734083029
BE10_19_D_GS,GS_2016_D,57.63,-5.35,9,57.63,-5.35,0.000977698913489533,9.96147371122566,9.96245141013915
BE2_15_D_GS,GS_2016_D,57.63,-5.35,9,57.63,-5.35,0.000977698913489533,9.96147371122566,9.96245141013915
BE3_29_D_GS,GS_2016_D,57.63,-5.35,9,57.63,-5.35,0.000977698913489533,9.96147371122566,9.96245141013915
BE4_6_D_GS,GS_2016_D,57.63,-5.35,9,57.63,-5.35,0.000977698913489533,9.96147371122566,9.96245141013915
BE7_26_D_GS,GS_2016_D,57.63,-5.35,9,57.63,-5.35,0.000977698913489533,9.96147371122566,9.96245141013915
BE8_22_D_GS,GS_2016_D,57.63,-5.35,9,57.63,-5.35,0.000977698913489533,9.96147371122566,9.96245141013915
BE9_29_D_GS,GS_2016_D,57.63,-5.35,9,57.63,-5.35,0.000977698913489533,9.96147371122566,9.96245141013915
GA1_26_D_GS,GS_2016_D,57.27,-4.92,9,57.27,-4.92,0.188732484016123,10.1492284963283,10.3379609803444
GA10_22_D_GS,GS_2016_D,57.27,-4.92,9,57.27,-4.92,0.188732484016123,10.1492284963283,10.3379609803444
GA3_29_D_GS,GS_2016_D,57.27,-4.92,9,57.27,-4.92,0.188732484016123,10.1492284963283,10.3379609803444
GA5_6_D_GS,GS_2016_D,57.27,-4.92,9,57.27,-4.92,0.188732484016123,10.1492284963283,10.3379609803444
GA6_5_D_GS,GS_2016_D,57.27,-4.92,9,57.27,-4.92,0.188732484016123,10.1492284963283,10.3379609803444
GA7_26_D_GS,GS_2016_D,57.27,-4.92,9,57.27,-4.92,0.188732484016123,10.1492284963283,10.3379609803444
GA8_29_D_GS,GS_2016_D,57.27,-4.92,9,57.27,-4.92,0.188732484016123,10.1492284963283,10.3379609803444
GL3_26_D_GS,GS_2016_D,56.91,-5.13,0,56.91,-5.13,-3.75209697348104,6.20839903883101,2.45630206534997
GL4_3_D_GS,GS_2016_D,56.91,-5.13,9,56.91,-5.13,0.747903026518868,10.7083990388311,11.45630206535
GL6_15_D_GS,GS_2016_D,56.91,-5.13,9,56.91,-5.13,0.747903026518868,10.7083990388311,11.45630206535
GL7_15_D_GS,GS_2016_D,56.91,-5.13,9,56.91,-5.13,0.747903026518868,10.7083990388311,11.45630206535
GL8_15_D_GS,GS_2016_D,56.91,-5.13,9,56.91,-5.13,0.747903026518868,10.7083990388311,11.45630206535
GT2_26_D_GS,GS_2016_D,57.05,-2.86,9,57.05,-2.86,-0.0300012788068287,9.93049473350534,9.90049345469852
GT6_29_D_GS,GS_2016_D,57.05,-2.86,9,57.05,-2.86,-0.0300012788068287,9.93049473350534,9.90049345469852
GT8_22_D_GS,GS_2016_D,57.05,-2.86,9,57.05,-2.86,-0.0300012788068287,9.93049473350534,9.90049345469852
RD10_10_D_GS,GS_2016_D,57.89,-4.98,9,57.89,-4.98,-0.66291376278004,9.2975822495321,8.63466848675206
RD2_9_D_GS,GS_2016_D,57.89,-4.98,9,57.89,-4.98,-0.66291376278004,9.2975822495321,8.63466848675206
RD3_2_D_GS,GS_2016_D,57.89,-4.98,9,57.89,-4.98,-0.66291376278004,9.2975822495321,8.63466848675206
RD5_6_D_GS,GS_2016_D,57.89,-4.98,9,57.89,-4.98,-0.66291376278004,9.2975822495321,8.63466848675206
RD8_22_D_GS,GS_2016_D,57.89,-4.98,9,57.89,-4.98,-0.66291376278004,9.2975822495321,8.63466848675206
RD9_6_D_GS,GS_2016_D,57.89,-4.98,16,57.89,-4.98,2.8370862372199,12.7975822495322,15.6346684867521
BE10_19_D_GS,GS_2017_D,57.63,-5.35,15,57.63,-5.35,-0.640274526361491,18.7514590632575,18.111184536896
BE2_15_D_GS,GS_2017_D,57.63,-5.35,20,57.63,-5.35,1.85972547363852,21.2514590632575,23.111184536896
BE3_29_D_GS,GS_2017_D,57.63,-5.35,19,57.63,-5.35,1.35972547363852,20.7514590632575,22.111184536896
BE4_6_D_GS,GS_2017_D,57.63,-5.35,15,57.63,-5.35,-0.640274526361491,18.7514590632575,18.111184536896
BE7_26_D_GS,GS_2017_D,57.63,-5.35,15,57.63,-5.35,-0.640274526361491,18.7514590632575,18.111184536896
BE8_22_D_GS,GS_2017_D,57.63,-5.35,15,57.63,-5.35,-0.640274526361491,18.7514590632575,18.111184536896
BE9_29_D_GS,GS_2017_D,57.63,-5.35,15,57.63,-5.35,-0.640274526361491,18.7514590632575,18.111184536896
GA1_26_D_GS,GS_2017_D,57.27,-4.92,19,57.27,-4.92,0.141398789719492,19.5331323793385,19.674531169058
GA10_22_D_GS,GS_2017_D,57.27,-4.92,20,57.27,-4.92,0.641398789719489,20.0331323793385,20.674531169058
GA3_29_D_GS,GS_2017_D,57.27,-4.92,29,57.27,-4.92,5.14139878971949,24.5331323793385,29.674531169058
GA5_6_D_GS,GS_2017_D,57.27,-4.92,20,57.27,-4.92,0.641398789719489,20.0331323793385,20.674531169058
GA6_5_D_GS,GS_2017_D,57.27,-4.92,15,57.27,-4.92,-1.8586012102805,17.5331323793385,15.674531169058
GA7_26_D_GS,GS_2017_D,57.27,-4.92,15,57.27,-4.92,-1.8586012102805,17.5331323793385,15.674531169058
GA8_29_D_GS,GS_2017_D,57.27,-4.92,20,57.27,-4.92,0.641398789719489,20.0331323793385,20.674531169058
GL3_26_D_GS,GS_2017_D,56.91,-5.13,8,56.91,-5.13,-3.70176801591614,15.6899655737029,11.9881975577867
GL4_3_D_GS,GS_2017_D,56.91,-5.13,15,56.91,-5.13,-0.201768015916132,19.1899655737029,18.9881975577867
GL6_15_D_GS,GS_2017_D,56.91,-5.13,15,56.91,-5.13,-0.201768015916132,19.1899655737029,18.9881975577867
GL7_15_D_GS,GS_2017_D,56.91,-5.13,20,56.91,-5.13,2.29823198408387,21.6899655737029,23.9881975577867
GL8_15_D_GS,GS_2017_D,56.91,-5.13,15,56.91,-5.13,-0.201768015916132,19.1899655737029,18.9881975577867
GT2_26_D_GS,GS_2017_D,57.05,-2.86,19,57.05,-2.86,1.75408419388388,21.1458177835029,22.8999019773867
GT6_29_D_GS,GS_2017_D,57.05,-2.86,19,57.05,-2.86,1.75408419388388,21.1458177835029,22.8999019773867
GT8_22_D_GS,GS_2017_D,57.05,-2.86,8,57.05,-2.86,-3.74591580611614,15.6458177835028,11.8999019773867
RD10_10_D_GS,GS_2017_D,57.89,-4.98,15,57.89,-4.98,-0.543547057595884,18.8481865320231,18.3046394744272
RD2_9_D_GS,GS_2017_D,57.89,-4.98,0,57.89,-4.98,-8.04354705759587,11.3481865320231,3.30463947442721
RD3_2_D_GS,GS_2017_D,57.89,-4.98,20,57.89,-4.98,1.95645294240408,21.3481865320231,23.3046394744272
RD5_6_D_GS,GS_2017_D,57.89,-4.98,15,57.89,-4.98,-0.543547057595884,18.8481865320231,18.3046394744272
RD8_22_D_GS,GS_2017_D,57.89,-4.98,15,57.89,-4.98,-0.543547057595884,18.8481865320231,18.3046394744272
RD9_6_D_GS,GS_2017_D,57.89,-4.98,29,57.89,-4.98,6.45645294240407,25.8481865320231,32.3046394744272
BE10_19_D_GS,GS_2018_D,57.63,-5.35,16,57.63,-5.35,1.00176182184604,23.4065240841373,24.4082859059833
BE2_15_D_GS,GS_2018_D,57.63,-5.35,16,57.63,-5.35,1.00176182184604,23.4065240841373,24.4082859059833
BE3_29_D_GS,GS_2018_D,57.63,-5.35,23,57.63,-5.35,4.50176182184598,26.9065240841373,31.4082859059833
BE4_6_D_GS,GS_2018_D,57.63,-5.35,16,57.63,-5.35,1.00176182184604,23.4065240841373,24.4082859059833
BE7_26_D_GS,GS_2018_D,57.63,-5.35,9,57.63,-5.35,-2.49823817815392,19.9065240841373,17.4082859059833
BE8_22_D_GS,GS_2018_D,57.63,-5.35,9,57.63,-5.35,-2.49823817815392,19.9065240841373,17.4082859059833
BE9_29_D_GS,GS_2018_D,57.63,-5.35,9,57.63,-5.35,-2.49823817815392,19.9065240841373,17.4082859059833
GA1_26_D_GS,GS_2018_D,57.27,-4.92,23,57.27,-4.92,2.34009755862337,24.7448598209147,27.0849573795381
GA10_22_D_GS,GS_2018_D,57.27,-4.92,16,57.27,-4.92,-1.1599024413766,21.2448598209147,20.0849573795381
GA3_29_D_GS,GS_2018_D,57.27,-4.92,23,57.27,-4.92,2.34009755862337,24.7448598209147,27.0849573795381
GA5_6_D_GS,GS_2018_D,57.27,-4.92,23,57.27,-4.92,2.34009755862337,24.7448598209147,27.0849573795381
GA6_5_D_GS,GS_2018_D,57.27,-4.92,9,57.27,-4.92,-4.65990244137654,17.7448598209146,13.0849573795381
GA7_26_D_GS,GS_2018_D,57.27,-4.92,16,57.27,-4.92,-1.1599024413766,21.2448598209147,20.0849573795381
GA8_29_D_GS,GS_2018_D,57.27,-4.92,23,57.27,-4.92,2.34009755862337,24.7448598209147,27.0849573795381
GL3_26_D_GS,GS_2018_D,56.91,-5.13,16,56.91,-5.13,1.12591994629435,23.5306822085856,24.65660215488
GL4_3_D_GS,GS_2018_D,56.91,-5.13,9,56.91,-5.13,-2.37408005370562,20.0306822085856,17.65660215488
GL6_15_D_GS,GS_2018_D,56.91,-5.13,9,56.91,-5.13,-2.37408005370562,20.0306822085856,17.65660215488
GL7_15_D_GS,GS_2018_D,56.91,-5.13,16,56.91,-5.13,1.12591994629435,23.5306822085856,24.65660215488
GL8_15_D_GS,GS_2018_D,56.91,-5.13,16,56.91,-5.13,1.12591994629435,23.5306822085856,24.65660215488
GT2_26_D_GS,GS_2018_D,57.05,-2.86,16,57.05,-2.86,-0.0540625623142716,22.350699699977,22.2966371376627
GT6_29_D_GS,GS_2018_D,57.05,-2.86,16,57.05,-2.86,-0.0540625623142716,22.350699699977,22.2966371376627
GT8_22_D_GS,GS_2018_D,57.05,-2.86,16,57.05,-2.86,-0.0540625623142716,22.350699699977,22.2966371376627
RD10_10_D_GS,GS_2018_D,57.89,-4.98,16,57.89,-4.98,-0.143404617971715,22.2613576443195,22.1179530263478
RD2_9_D_GS,GS_2018_D,57.89,-4.98,9,57.89,-4.98,-3.64340461797167,18.7613576443195,15.1179530263478
RD3_2_D_GS,GS_2018_D,57.89,-4.98,16,57.89,-4.98,-0.143404617971715,22.2613576443195,22.1179530263478
RD5_6_D_GS,GS_2018_D,57.89,-4.98,16,57.89,-4.98,-0.143404617971715,22.2613576443195,22.1179530263478
RD8_22_D_GS,GS_2018_D,57.89,-4.98,16,57.89,-4.98,-0.143404617971715,22.2613576443195,22.1179530263478
RD9_6_D_GS,GS_2018_D,57.89,-4.98,23,57.89,-4.98,3.35659538202825,25.7613576443196,29.1179530263478
BE10_19_D_GS,GS_2019_D,57.63,-5.35,14,57.63,-5.35,-0.498104554276448,11.721053504386,11.2229489501096
BE2_15_D_GS,GS_2019_D,57.63,-5.35,21,57.63,-5.35,3.00189544572354,15.221053504386,18.2229489501096
BE3_29_D_GS,GS_2019_D,57.63,-5.35,14,57.63,-5.35,-0.498104554276448,11.721053504386,11.2229489501096
BE4_6_D_GS,GS_2019_D,57.63,-5.35,14,57.63,-5.35,-0.498104554276448,11.721053504386,11.2229489501096
BE7_26_D_GS,GS_2019_D,57.63,-5.35,14,57.63,-5.35,-0.498104554276448,11.721053504386,11.2229489501096
BE8_22_D_GS,GS_2019_D,57.63,-5.35,14,57.63,-5.35,-0.498104554276448,11.721053504386,11.2229489501096
BE9_29_D_GS,GS_2019_D,57.63,-5.35,14,57.63,-5.35,-0.498104554276448,11.721053504386,11.2229489501096
GA1_26_D_GS,GS_2019_D,57.27,-4.92,14,57.27,-4.92,0.365891968093894,12.5850500267564,12.9509419948503
GA10_22_D_GS,GS_2019_D,57.27,-4.92,14,57.27,-4.92,0.365891968093894,12.5850500267564,12.9509419948503
GA3_29_D_GS,GS_2019_D,57.27,-4.92,14,57.27,-4.92,0.365891968093894,12.5850500267564,12.9509419948503
GA5_6_D_GS,GS_2019_D,57.27,-4.92,14,57.27,-4.92,0.365891968093894,12.5850500267564,12.9509419948503
GA6_5_D_GS,GS_2019_D,57.27,-4.92,14,57.27,-4.92,0.365891968093894,12.5850500267564,12.9509419948503
GA7_26_D_GS,GS_2019_D,57.27,-4.92,14,57.27,-4.92,0.365891968093894,12.5850500267564,12.9509419948503
GA8_29_D_GS,GS_2019_D,57.27,-4.92,14,57.27,-4.92,0.365891968093894,12.5850500267564,12.9509419948503
GL3_26_D_GS,GS_2019_D,56.91,-5.13,0,56.91,-5.13,-5.89486742178093,6.32429063688152,0.429423215100589
GL4_3_D_GS,GS_2019_D,56.91,-5.13,14,56.91,-5.13,1.10513257821906,13.3242906368815,14.4294232151006
GL6_15_D_GS,GS_2019_D,56.91,-5.13,14,56.91,-5.13,1.10513257821906,13.3242906368815,14.4294232151006
GL7_15_D_GS,GS_2019_D,56.91,-5.13,14,56.91,-5.13,1.10513257821906,13.3242906368815,14.4294232151006
GL8_15_D_GS,GS_2019_D,56.91,-5.13,14,56.91,-5.13,1.10513257821906,13.3242906368815,14.4294232151006
GT2_26_D_GS,GS_2019_D,57.05,-2.86,14,57.05,-2.86,-0.0581628912761545,12.1609951673863,12.1028322761101
GT6_29_D_GS,GS_2019_D,57.05,-2.86,14,57.05,-2.86,-0.0581628912761545,12.1609951673863,12.1028322761101
GT8_22_D_GS,GS_2019_D,57.05,-2.86,14,57.05,-2.86,-0.0581628912761545,12.1609951673863,12.1028322761101
RD10_10_D_GS,GS_2019_D,57.89,-4.98,14,57.89,-4.98,-0.154281018997459,12.064877039665,11.9105960206675
RD2_9_D_GS,GS_2019_D,57.89,-4.98,14,57.89,-4.98,-0.154281018997459,12.064877039665,11.9105960206675
RD3_2_D_GS,GS_2019_D,57.89,-4.98,14,57.89,-4.98,-0.154281018997459,12.064877039665,11.9105960206675
RD5_6_D_GS,GS_2019_D,57.89,-4.98,14,57.89,-4.98,-0.154281018997459,12.064877039665,11.9105960206675
RD8_22_D_GS,GS_2019_D,57.89,-4.98,14,57.89,-4.98,-0.154281018997459,12.064877039665,11.9105960206675
RD9_6_D_GS,GS_2019_D,57.89,-4.98,14,57.89,-4.98,-0.154281018997459,12.064877039665,11.9105960206675
BE10_22_B_GS,GS_2015_B,57.63,-5.35,14,57.63,-5.35,-1.75176968514615,1.42426627138016,-0.327503413765992
BE3_22_B_GS,GS_2015_B,57.63,-5.35,28,57.63,-5.35,5.24823031485369,8.42426627138032,13.672496586234
BE5_5_B_GS,GS_2015_B,57.63,-5.35,14,57.63,-5.35,-1.75176968514615,1.42426627138016,-0.327503413765992
BE8_5_B_GS,GS_2015_B,57.63,-5.35,14,57.63,-5.35,-1.75176968514615,1.42426627138016,-0.327503413765992
GA3_22_B_GS,GS_2015_B,57.27,-4.92,14,57.27,-4.92,1.82670762425227,5.00274358077873,6.829451205031
GA5_9_B_GS,GS_2015_B,57.27,-4.92,14,57.27,-4.92,1.82670762425227,5.00274358077873,6.829451205031
GA6_3_B_GS,GS_2015_B,57.27,-4.92,7,57.27,-4.92,-1.67329237574765,1.50274358077865,-0.170548794968994
GA7_15_B_GS,GS_2015_B,57.27,-4.92,7,57.27,-4.92,-1.67329237574765,1.50274358077865,-0.170548794968994
GA9_29_B_GS,GS_2015_B,57.27,-4.92,7,57.27,-4.92,-1.67329237574765,1.50274358077865,-0.170548794968994
GL1_22_B_GS,GS_2015_B,56.91,-5.13,7,56.91,-5.13,-0.904473030630664,2.27156292589567,1.36708989526501
GL2_15_B_GS,GS_2015_B,56.91,-5.13,14,56.91,-5.13,2.59552696936924,5.77156292589575,8.36708989526499
GL3_10_B_GS,GS_2015_B,56.91,-5.13,7,56.91,-5.13,-0.904473030630664,2.27156292589567,1.36708989526501
GT1_6_B_GS,GS_2015_B,57.05,-2.86,14,57.05,-2.86,0.511636539795113,3.68767249632155,4.19930903611666
GT2_2_B_GS,GS_2015_B,57.05,-2.86,14,57.05,-2.86,0.511636539795113,3.68767249632155,4.19930903611666
GT3_2_B_GS,GS_2015_B,57.05,-2.86,14,57.05,-2.86,0.511636539795113,3.68767249632155,4.19930903611666
GT5_2_B_GS,GS_2015_B,57.05,-2.86,7,57.05,-2.86,-2.98836346020481,0.187672496321468,-2.80069096388334
GT6_10_B_GS,GS_2015_B,57.05,-2.86,14,57.05,-2.86,0.511636539795113,3.68767249632155,4.19930903611666
GT7_22_B_GS,GS_2015_B,57.05,-2.86,14,57.05,-2.86,0.511636539795113,3.68767249632155,4.19930903611666
GT8_5_B_GS,GS_2015_B,57.05,-2.86,20,57.05,-2.86,3.51163653979507,6.68767249632161,10.1993090361167
GT9_15_B_GS,GS_2015_B,57.05,-2.86,7,57.05,-2.86,-2.98836346020481,0.187672496321468,-2.80069096388334
RD10_22_B_GS,GS_2015_B,57.89,-4.98,14,57.89,-4.98,0.798773478570556,3.97480943509698,4.77358291366754
RD3_26_B_GS,GS_2015_B,57.89,-4.98,7,57.89,-4.98,-2.70122652142937,0.474809435096902,-2.22641708633247
RD7_15_B_GS,GS_2015_B,57.89,-4.98,14,57.89,-4.98,0.798773478570556,3.97480943509698,4.77358291366754
RD8_29_B_GS,GS_2015_B,57.89,-4.98,14,57.89,-4.98,0.798773478570556,3.97480943509698,4.77358291366754
RD9_5_B_GS,GS_2015_B,57.89,-4.98,14,57.89,-4.98,0.798773478570556,3.97480943509698,4.77358291366754
BE10_22_B_GS,GS_2016_B,57.63,-5.35,9,57.63,-5.35,-1.74983594501944,0.728856636067581,-1.02097930895186
BE3_22_B_GS,GS_2016_B,57.63,-5.35,16,57.63,-5.35,1.75016405498053,4.22885663606762,5.97902069104814
BE5_5_B_GS,GS_2016_B,57.63,-5.35,9,57.63,-5.35,-1.74983594501944,0.728856636067581,-1.02097930895186
BE8_5_B_GS,GS_2016_B,57.63,-5.35,16,57.63,-5.35,1.75016405498053,4.22885663606762,5.97902069104814
GA3_22_B_GS,GS_2016_B,57.27,-4.92,9,57.27,-4.92,0.825335001261564,3.30402758234863,4.1293625836102
GA5_9_B_GS,GS_2016_B,57.27,-4.92,9,57.27,-4.92,0.825335001261564,3.30402758234863,4.1293625836102
GA6_3_B_GS,GS_2016_B,57.27,-4.92,9,57.27,-4.92,0.825335001261564,3.30402758234863,4.1293625836102
GA7_15_B_GS,GS_2016_B,57.27,-4.92,5,57.27,-4.92,-1.17466499873842,1.30402758234861,0.129362583610194
GA9_29_B_GS,GS_2016_B,57.27,-4.92,5,57.27,-4.92,-1.17466499873842,1.30402758234861,0.129362583610194
GL1_22_B_GS,GS_2016_B,56.91,-5.13,9,56.91,-5.13,1.47569388431886,3.95438646540594,5.4300803497248
GL2_15_B_GS,GS_2016_B,56.91,-5.13,9,56.91,-5.13,1.47569388431886,3.95438646540594,5.4300803497248
GL3_10_B_GS,GS_2016_B,56.91,-5.13,0,56.91,-5.13,-3.02430611568109,-0.545613534594106,-3.5699196502752
GT1_6_B_GS,GS_2016_B,57.05,-2.86,9,57.05,-2.86,-0.438578741218628,2.04011383986841,1.60153509864978
GT2_2_B_GS,GS_2016_B,57.05,-2.86,9,57.05,-2.86,-0.438578741218628,2.04011383986841,1.60153509864978
GT3_2_B_GS,GS_2016_B,57.05,-2.86,9,57.05,-2.86,-0.438578741218628,2.04011383986841,1.60153509864978
GT5_2_B_GS,GS_2016_B,57.05,-2.86,9,57.05,-2.86,-0.438578741218628,2.04011383986841,1.60153509864978
GT6_10_B_GS,GS_2016_B,57.05,-2.86,9,57.05,-2.86,-0.438578741218628,2.04011383986841,1.60153509864978
GT7_22_B_GS,GS_2016_B,57.05,-2.86,9,57.05,-2.86,-0.438578741218628,2.04011383986841,1.60153509864978
GT8_5_B_GS,GS_2016_B,57.05,-2.86,16,57.05,-2.86,3.06142125878134,5.54011383986845,8.60153509864978
GT9_15_B_GS,GS_2016_B,57.05,-2.86,9,57.05,-2.86,-0.438578741218628,2.04011383986841,1.60153509864978
RD10_22_B_GS,GS_2016_B,57.89,-4.98,9,57.89,-4.98,-0.00915658988792067,2.46953599119913,2.46037940131121
RD3_26_B_GS,GS_2016_B,57.89,-4.98,9,57.89,-4.98,-0.00915658988792067,2.46953599119913,2.46037940131121
RD7_15_B_GS,GS_2016_B,57.89,-4.98,9,57.89,-4.98,-0.00915658988792067,2.46953599119913,2.46037940131121
RD8_29_B_GS,GS_2016_B,57.89,-4.98,9,57.89,-4.98,-0.00915658988792067,2.46953599119913,2.46037940131121
RD9_5_B_GS,GS_2016_B,57.89,-4.98,9,57.89,-4.98,-0.00915658988792067,2.46953599119913,2.46037940131121
BE10_22_B_GS,GS_2017_B,57.63,-5.35,20,57.63,-5.35,0.630113521347127,12.5413313043515,13.1714448256986
BE3_22_B_GS,GS_2017_B,57.63,-5.35,20,57.63,-5.35,0.630113521347127,12.5413313043515,13.1714448256986
BE5_5_B_GS,GS_2017_B,57.63,-5.35,15,57.63,-5.35,-1.86988647865286,10.0413313043514,8.17144482569858
BE8_5_B_GS,GS_2017_B,57.63,-5.35,20,57.63,-5.35,0.630113521347127,12.5413313043515,13.1714448256986
GA3_22_B_GS,GS_2017_B,57.27,-4.92,20,57.27,-4.92,2.8896808087462,14.8008985917506,17.6905794004968
GA5_9_B_GS,GS_2017_B,57.27,-4.92,29,57.27,-4.92,7.38968080874617,19.3008985917506,26.6905794004968
GA6_3_B_GS,GS_2017_B,57.27,-4.92,15,57.27,-4.92,0.389680808746229,12.3008985917506,12.6905794004968
GA7_15_B_GS,GS_2017_B,57.27,-4.92,0,57.27,-4.92,-7.11031919125371,4.8008985917505,-2.30942059950321
GA9_29_B_GS,GS_2017_B,57.27,-4.92,15,57.27,-4.92,0.389680808746229,12.3008985917506,12.6905794004968
GL1_22_B_GS,GS_2017_B,56.91,-5.13,8,56.91,-5.13,-1.92427756593365,9.98694021707064,8.062662651137
GL2_15_B_GS,GS_2017_B,56.91,-5.13,15,56.91,-5.13,1.57572243406633,13.4869402170707,15.062662651137
GL3_10_B_GS,GS_2017_B,56.91,-5.13,8,56.91,-5.13,-1.92427756593365,9.98694021707064,8.062662651137
GT1_6_B_GS,GS_2017_B,57.05,-2.86,20,57.05,-2.86,1.09137611228176,13.0025938952861,14.0939700075678
GT2_2_B_GS,GS_2017_B,57.05,-2.86,15,57.05,-2.86,-1.40862388771822,10.5025938952861,9.09397000756784
GT3_2_B_GS,GS_2017_B,57.05,-2.86,20,57.05,-2.86,1.09137611228176,13.0025938952861,14.0939700075678
GT5_2_B_GS,GS_2017_B,57.05,-2.86,8,57.05,-2.86,-4.90862388771822,7.00259389528603,2.09397000756782
GT6_10_B_GS,GS_2017_B,57.05,-2.86,29,57.05,-2.86,5.59137611228172,17.5025938952861,23.0939700075678
GT7_22_B_GS,GS_2017_B,57.05,-2.86,15,57.05,-2.86,-1.40862388771822,10.5025938952861,9.09397000756784
GT8_5_B_GS,GS_2017_B,57.05,-2.86,20,57.05,-2.86,1.09137611228176,13.0025938952861,14.0939700075678
GT9_15_B_GS,GS_2017_B,57.05,-2.86,15,57.05,-2.86,-1.40862388771822,10.5025938952861,9.09397000756784
RD10_22_B_GS,GS_2017_B,57.89,-4.98,20,57.89,-4.98,1.31459313408572,13.2258109170901,14.5404040511758
RD3_26_B_GS,GS_2017_B,57.89,-4.98,19,57.89,-4.98,0.81459313408573,12.7258109170901,13.5404040511758
RD7_15_B_GS,GS_2017_B,57.89,-4.98,15,57.89,-4.98,-1.18540686591426,10.7258109170901,9.5404040511758
RD8_29_B_GS,GS_2017_B,57.89,-4.98,15,57.89,-4.98,-1.18540686591426,10.7258109170901,9.5404040511758
RD9_5_B_GS,GS_2017_B,57.89,-4.98,15,57.89,-4.98,-1.18540686591426,10.7258109170901,9.5404040511758
BE10_22_B_GS,GS_2018_B,57.63,-5.35,23,57.63,-5.35,1.75422047327663,12.3602687134711,14.1144891867477
BE3_22_B_GS,GS_2018_B,57.63,-5.35,23,57.63,-5.35,1.75422047327663,12.3602687134711,14.1144891867477
BE5_5_B_GS,GS_2018_B,57.63,-5.35,16,57.63,-5.35,-1.74577952672336,8.86026871347106,7.1144891867477
BE8_5_B_GS,GS_2018_B,57.63,-5.35,16,57.63,-5.35,-1.74577952672336,8.86026871347106,7.1144891867477
GA3_22_B_GS,GS_2018_B,57.27,-4.92,16,57.27,-4.92,0.651767446443335,11.2578156866378,11.9095831330811
GA5_9_B_GS,GS_2018_B,57.27,-4.92,23,57.27,-4.92,4.15176744644332,14.7578156866378,18.9095831330811
GA6_3_B_GS,GS_2018_B,57.27,-4.92,16,57.27,-4.92,0.651767446443335,11.2578156866378,11.9095831330811
GA7_15_B_GS,GS_2018_B,57.27,-4.92,9,57.27,-4.92,-2.84823255355665,7.75781568663776,4.90958313308111
GA9_29_B_GS,GS_2018_B,57.27,-4.92,16,57.27,-4.92,0.651767446443335,11.2578156866378,11.9095831330811
GL1_22_B_GS,GS_2018_B,56.91,-5.13,9,56.91,-5.13,-0.625298368332699,9.98074987186174,9.35545150352904
GL2_15_B_GS,GS_2018_B,56.91,-5.13,9,56.91,-5.13,-0.625298368332699,9.98074987186174,9.35545150352904
GL3_10_B_GS,GS_2018_B,56.91,-5.13,9,56.91,-5.13,-0.625298368332699,9.98074987186174,9.35545150352904
GT1_6_B_GS,GS_2018_B,57.05,-2.86,16,57.05,-2.86,-0.0277516626915251,10.578296577503,10.5505449148114
GT2_2_B_GS,GS_2018_B,57.05,-2.86,16,57.05,-2.86,-0.0277516626915251,10.578296577503,10.5505449148114
GT3_2_B_GS,GS_2018_B,57.05,-2.86,16,57.05,-2.86,-0.0277516626915251,10.578296577503,10.5505449148114
GT5_2_B_GS,GS_2018_B,57.05,-2.86,9,57.05,-2.86,-3.52775166269148,7.07829657750294,3.55054491481146
GT6_10_B_GS,GS_2018_B,57.05,-2.86,23,57.05,-2.86,3.47224833730846,14.078296577503,17.5505449148114
GT7_22_B_GS,GS_2018_B,57.05,-2.86,16,57.05,-2.86,-0.0277516626915251,10.578296577503,10.5505449148114
GT8_5_B_GS,GS_2018_B,57.05,-2.86,23,57.05,-2.86,3.47224833730846,14.078296577503,17.5505449148114
GT9_15_B_GS,GS_2018_B,57.05,-2.86,9,57.05,-2.86,-3.52775166269148,7.07829657750294,3.55054491481146
RD10_22_B_GS,GS_2018_B,57.89,-4.98,16,57.89,-4.98,-0.23556214376049,10.370486096434,10.1349239526735
RD3_26_B_GS,GS_2018_B,57.89,-4.98,23,57.89,-4.98,3.2644378562395,13.870486096434,17.1349239526735
RD7_15_B_GS,GS_2018_B,57.89,-4.98,9,57.89,-4.98,-3.73556214376047,6.87048609643396,3.13492395267349
RD8_29_B_GS,GS_2018_B,57.89,-4.98,9,57.89,-4.98,-3.73556214376047,6.87048609643396,3.13492395267349
RD9_5_B_GS,GS_2018_B,57.89,-4.98,23,57.89,-4.98,3.2644378562395,13.870486096434,17.1349239526735
BE10_22_B_GS,GS_2019_B,57.63,-5.35,14,57.63,-5.35,-0.874868102813485,10.5963960330751,9.72152793026164
BE3_22_B_GS,GS_2019_B,57.63,-5.35,21,57.63,-5.35,2.62513189718645,14.0963960330752,16.7215279302616
BE5_5_B_GS,GS_2019_B,57.63,-5.35,14,57.63,-5.35,-0.874868102813485,10.5963960330751,9.72152793026164
BE8_5_B_GS,GS_2019_B,57.63,-5.35,14,57.63,-5.35,-0.874868102813485,10.5963960330751,9.72152793026164
GA3_22_B_GS,GS_2019_B,57.27,-4.92,14,57.27,-4.92,0.0203688749766133,11.4916330108653,11.5120018858419
GA5_9_B_GS,GS_2019_B,57.27,-4.92,14,57.27,-4.92,0.0203688749766133,11.4916330108653,11.5120018858419
GA6_3_B_GS,GS_2019_B,57.27,-4.92,14,57.27,-4.92,0.0203688749766133,11.4916330108653,11.5120018858419
GA7_15_B_GS,GS_2019_B,57.27,-4.92,14,57.27,-4.92,0.0203688749766133,11.4916330108653,11.5120018858419
GA9_29_B_GS,GS_2019_B,57.27,-4.92,14,57.27,-4.92,0.0203688749766133,11.4916330108653,11.5120018858419
GL1_22_B_GS,GS_2019_B,56.91,-5.13,14,56.91,-5.13,-0.0195416698963857,11.4517224659922,11.4321807960959
GL2_15_B_GS,GS_2019_B,56.91,-5.13,14,56.91,-5.13,-0.0195416698963857,11.4517224659922,11.4321807960959
GL3_10_B_GS,GS_2019_B,56.91,-5.13,14,56.91,-5.13,-0.0195416698963857,11.4517224659922,11.4321807960959
GT1_6_B_GS,GS_2019_B,57.05,-2.86,14,57.05,-2.86,0.436632711903837,11.9078968477925,12.3445295596963
GT2_2_B_GS,GS_2019_B,57.05,-2.86,14,57.05,-2.86,0.436632711903837,11.9078968477925,12.3445295596963
GT3_2_B_GS,GS_2019_B,57.05,-2.86,14,57.05,-2.86,0.436632711903837,11.9078968477925,12.3445295596963
GT5_2_B_GS,GS_2019_B,57.05,-2.86,14,57.05,-2.86,0.436632711903837,11.9078968477925,12.3445295596963
GT6_10_B_GS,GS_2019_B,57.05,-2.86,14,57.05,-2.86,0.436632711903837,11.9078968477925,12.3445295596963
GT7_22_B_GS,GS_2019_B,57.05,-2.86,14,57.05,-2.86,0.436632711903837,11.9078968477925,12.3445295596963
GT8_5_B_GS,GS_2019_B,57.05,-2.86,14,57.05,-2.86,0.436632711903837,11.9078968477925,12.3445295596963
GT9_15_B_GS,GS_2019_B,57.05,-2.86,7,57.05,-2.86,-3.06336728809611,8.40789684779242,5.3445295596963
RD10_22_B_GS,GS_2019_B,57.89,-4.98,14,57.89,-4.98,-0.00736172983468997,11.4639024060539,11.4565406762193
RD3_26_B_GS,GS_2019_B,57.89,-4.98,14,57.89,-4.98,-0.00736172983468997,11.4639024060539,11.4565406762193
RD7_15_B_GS,GS_2019_B,57.89,-4.98,14,57.89,-4.98,-0.00736172983468997,11.4639024060539,11.4565406762193
RD8_29_B_GS,GS_2019_B,57.89,-4.98,14,57.89,-4.98,-0.00736172983468997,11.4639024060539,11.4565406762193
RD9_5_B_GS,GS_2019_B,57.89,-4.98,14,57.89,-4.98,-0.00736172983468997,11.4639024060539,11.4565406762193
BE2_1_C_YA,YA_2015_C,57.63,-5.35,20,57.63,-5.35,4.99836589475875,19.0570166029074,24.0553824976662
BE3_20_C_YA,YA_2015_C,57.63,-5.35,6,57.63,-5.35,-2.00163410524128,12.0570166029074,10.0553824976662
BE4_23_C_YA,YA_2015_C,57.63,-5.35,6,57.63,-5.35,-2.00163410524128,12.0570166029074,10.0553824976662
BE5_19_C_YA,YA_2015_C,57.63,-5.35,20,57.63,-5.35,4.99836589475875,19.0570166029074,24.0553824976662
BE7_6_C_YA,YA_2015_C,57.63,-5.35,6,57.63,-5.35,-2.00163410524128,12.0570166029074,10.0553824976662
BE8_19_C_YA,YA_2015_C,57.63,-5.35,6,57.63,-5.35,-2.00163410524128,12.0570166029074,10.0553824976662
BE9_21_C_YA,YA_2015_C,57.63,-5.35,6,57.63,-5.35,-2.00163410524128,12.0570166029074,10.0553824976662
GA10_27_C_YA,YA_2015_C,57.27,-4.92,0,57.27,-4.92,-5.78468405249314,8.27396665565561,2.48928260316247
GA3_27_C_YA,YA_2015_C,57.27,-4.92,13,57.27,-4.92,0.715315947506893,14.7739666556556,15.4892826031625
GA5_23_C_YA,YA_2015_C,57.27,-4.92,20,57.27,-4.92,4.21531594750691,18.2739666556556,22.4892826031625
GA6_27_C_YA,YA_2015_C,57.27,-4.92,20,57.27,-4.92,4.21531594750691,18.2739666556556,22.4892826031625
GA7_23_C_YA,YA_2015_C,57.27,-4.92,6,57.27,-4.92,-2.78468405249312,11.2739666556556,8.48928260316248
GA9_12_C_YA,YA_2015_C,57.27,-4.92,6,57.27,-4.92,-2.78468405249312,11.2739666556556,8.48928260316248
GL2_1_C_YA,YA_2015_C,56.91,-5.13,6,56.91,-5.13,-2.64578834224619,11.4128623659025,8.76707402365633
GL3_12_C_YA,YA_2015_C,56.91,-5.13,20,56.91,-5.13,4.35421165775384,18.4128623659025,22.7670740236563
GL4_5_C_YA,YA_2015_C,56.91,-5.13,20,56.91,-5.13,4.35421165775384,18.4128623659025,22.7670740236563
GL7_10_C_YA,YA_2015_C,56.91,-5.13,13,56.91,-5.13,0.854211657753821,14.9128623659025,15.7670740236563
GL8_19_C_YA,YA_2015_C,56.91,-5.13,0,56.91,-5.13,-5.6457883422462,8.41286236590253,2.76707402365633
GT2_18_C_YA,YA_2015_C,57.05,-2.86,6,57.05,-2.86,-3.4623923738633,10.5962583342854,7.13386596042214
GT6_30_C_YA,YA_2015_C,57.05,-2.86,20,57.05,-2.86,3.53760762613672,17.5962583342854,21.1338659604221
GT7_12_C_YA,YA_2015_C,57.05,-2.86,20,57.05,-2.86,3.53760762613672,17.5962583342854,21.1338659604221
GT8_19_C_YA,YA_2015_C,57.05,-2.86,6,57.05,-2.86,-3.4623923738633,10.5962583342854,7.13386596042214
RD1_23_C_YA,YA_2015_C,57.89,-4.98,20,57.89,-4.98,4.13300904305583,18.1916597512045,22.3246687942603
RD2_22_C_YA,YA_2015_C,57.89,-4.98,6,57.89,-4.98,-2.86699095694419,11.1916597512045,8.32466879426032
RD3_4_C_YA,YA_2015_C,57.89,-4.98,20,57.89,-4.98,4.13300904305583,18.1916597512045,22.3246687942603
RD5_30_C_YA,YA_2015_C,57.89,-4.98,0,57.89,-4.98,-5.86699095694422,8.19165975120453,2.32466879426031
RD7_12_C_YA,YA_2015_C,57.89,-4.98,13,57.89,-4.98,0.633009043055822,14.6916597512045,15.3246687942603
RD9_18_C_YA,YA_2015_C,57.89,-4.98,13,57.89,-4.98,0.633009043055822,14.6916597512045,15.3246687942603
BE2_1_C_YA,YA_2016_C,57.63,-5.35,14,57.63,-5.35,0.787049306546253,13.3434846040158,14.1305339105621
BE3_20_C_YA,YA_2016_C,57.63,-5.35,7,57.63,-5.35,-2.71295069345375,9.84348460401584,7.13053391056209
BE4_23_C_YA,YA_2016_C,57.63,-5.35,7,57.63,-5.35,-2.71295069345375,9.84348460401584,7.13053391056209
BE5_19_C_YA,YA_2016_C,57.63,-5.35,24,57.63,-5.35,5.78704930654624,18.3434846040158,24.1305339105621
BE7_6_C_YA,YA_2016_C,57.63,-5.35,14,57.63,-5.35,0.787049306546253,13.3434846040158,14.1305339105621
BE8_19_C_YA,YA_2016_C,57.63,-5.35,14,57.63,-5.35,0.787049306546253,13.3434846040158,14.1305339105621
BE9_21_C_YA,YA_2016_C,57.63,-5.35,7,57.63,-5.35,-2.71295069345375,9.84348460401584,7.13053391056209
GA10_27_C_YA,YA_2016_C,57.27,-4.92,7,57.27,-4.92,-2.86600618032769,9.69042911714189,6.8244229368142
GA3_27_C_YA,YA_2016_C,57.27,-4.92,14,57.27,-4.92,0.633993819672314,13.1904291171419,13.8244229368142
GA5_23_C_YA,YA_2016_C,57.27,-4.92,14,57.27,-4.92,0.633993819672314,13.1904291171419,13.8244229368142
GA6_27_C_YA,YA_2016_C,57.27,-4.92,24,57.27,-4.92,5.63399381967232,18.1904291171419,23.8244229368142
GA7_23_C_YA,YA_2016_C,57.27,-4.92,7,57.27,-4.92,-2.86600618032769,9.69042911714189,6.8244229368142
GA9_12_C_YA,YA_2016_C,57.27,-4.92,14,57.27,-4.92,0.633993819672314,13.1904291171419,13.8244229368142
GL2_1_C_YA,YA_2016_C,56.91,-5.13,14,56.91,-5.13,0.492315788337415,13.048751085807,13.5410668741444
GL3_12_C_YA,YA_2016_C,56.91,-5.13,14,56.91,-5.13,0.492315788337415,13.048751085807,13.5410668741444
GL4_5_C_YA,YA_2016_C,56.91,-5.13,14,56.91,-5.13,0.492315788337415,13.048751085807,13.5410668741444
GL7_10_C_YA,YA_2016_C,56.91,-5.13,14,56.91,-5.13,0.492315788337415,13.048751085807,13.5410668741444
GL8_19_C_YA,YA_2016_C,56.91,-5.13,7,56.91,-5.13,-3.00768421166259,9.548751085807,6.54106687414442
GT2_18_C_YA,YA_2016_C,57.05,-2.86,14,57.05,-2.86,-0.405724437485222,12.1507108599844,11.7449864224991
GT6_30_C_YA,YA_2016_C,57.05,-2.86,24,57.05,-2.86,4.59427556251482,17.1507108599844,21.7449864224992
GT7_12_C_YA,YA_2016_C,57.05,-2.86,14,57.05,-2.86,-0.405724437485222,12.1507108599844,11.7449864224991
GT8_19_C_YA,YA_2016_C,57.05,-2.86,7,57.05,-2.86,-3.90572443748522,8.65071085998436,4.74498642249914
RD1_23_C_YA,YA_2016_C,57.89,-4.98,14,57.89,-4.98,1.05800179073192,13.6144370882015,14.6724388789334
RD2_22_C_YA,YA_2016_C,57.89,-4.98,14,57.89,-4.98,1.05800179073192,13.6144370882015,14.6724388789334
RD3_4_C_YA,YA_2016_C,57.89,-4.98,14,57.89,-4.98,1.05800179073192,13.6144370882015,14.6724388789334
RD5_30_C_YA,YA_2016_C,57.89,-4.98,7,57.89,-4.98,-2.44199820926808,10.1144370882015,7.67243887893343
RD7_12_C_YA,YA_2016_C,57.89,-4.98,14,57.89,-4.98,1.05800179073192,13.6144370882015,14.6724388789334
RD9_18_C_YA,YA_2016_C,57.89,-4.98,7,57.89,-4.98,-2.44199820926808,10.1144370882015,7.67243887893343
BE2_1_C_YA,YA_2017_C,57.63,-5.35,12,57.63,-5.35,3.71517519539088,3.58671671025018,7.30189190564106
BE3_20_C_YA,YA_2017_C,57.63,-5.35,0,57.63,-5.35,-2.28482480460912,-2.41328328974981,-4.69810809435893
BE4_23_C_YA,YA_2017_C,57.63,-5.35,0,57.63,-5.35,-2.28482480460912,-2.41328328974981,-4.69810809435893
BE5_19_C_YA,YA_2017_C,57.63,-5.35,10,57.63,-5.35,2.71517519539088,2.58671671025019,5.30189190564107
BE7_6_C_YA,YA_2017_C,57.63,-5.35,5,57.63,-5.35,0.215175195390879,0.0867167102501858,0.301891905641065
BE8_19_C_YA,YA_2017_C,57.63,-5.35,5,57.63,-5.35,0.215175195390879,0.0867167102501858,0.301891905641065
BE9_21_C_YA,YA_2017_C,57.63,-5.35,0,57.63,-5.35,-2.28482480460912,-2.41328328974981,-4.69810809435893
GA10_27_C_YA,YA_2017_C,57.27,-4.92,0,57.27,-4.92,-1.63301299732415,-1.76147148246484,-3.39448447978899
GA3_27_C_YA,YA_2017_C,57.27,-4.92,5,57.27,-4.92,0.866987002675851,0.738528517535156,1.60551552021101
GA5_23_C_YA,YA_2017_C,57.27,-4.92,5,57.27,-4.92,0.866987002675851,0.738528517535156,1.60551552021101
GA6_27_C_YA,YA_2017_C,57.27,-4.92,12,57.27,-4.92,4.36698700267585,4.23852851753516,8.60551552021101
GA7_23_C_YA,YA_2017_C,57.27,-4.92,0,57.27,-4.92,-1.63301299732415,-1.76147148246484,-3.39448447978899
GA9_12_C_YA,YA_2017_C,57.27,-4.92,0,57.27,-4.92,-1.63301299732415,-1.76147148246484,-3.39448447978899
GL2_1_C_YA,YA_2017_C,56.91,-5.13,5,56.91,-5.13,0.361626741942373,0.233168256801674,0.594794998744047
GL3_12_C_YA,YA_2017_C,56.91,-5.13,5,56.91,-5.13,0.361626741942373,0.233168256801674,0.594794998744047
GL4_5_C_YA,YA_2017_C,56.91,-5.13,5,56.91,-5.13,0.361626741942373,0.233168256801674,0.594794998744047
GL7_10_C_YA,YA_2017_C,56.91,-5.13,5,56.91,-5.13,0.361626741942373,0.233168256801674,0.594794998744047
GL8_19_C_YA,YA_2017_C,56.91,-5.13,0,56.91,-5.13,-2.13837325805763,-2.26683174319833,-4.40520500125596
GT2_18_C_YA,YA_2017_C,57.05,-2.86,0,57.05,-2.86,-1.27047069675063,-1.39892918189133,-2.66939987864196
GT6_30_C_YA,YA_2017_C,57.05,-2.86,5,57.05,-2.86,1.22952930324937,1.10107081810867,2.33060012135804
GT7_12_C_YA,YA_2017_C,57.05,-2.86,5,57.05,-2.86,1.22952930324937,1.10107081810867,2.33060012135804
GT8_19_C_YA,YA_2017_C,57.05,-2.86,0,57.05,-2.86,-1.27047069675063,-1.39892918189133,-2.66939987864196
RD1_23_C_YA,YA_2017_C,57.89,-4.98,5,57.89,-4.98,1.59426678225004,1.46580829710935,3.06007507935939
RD2_22_C_YA,YA_2017_C,57.89,-4.98,0,57.89,-4.98,-0.905733217749958,-1.03419170289065,-1.93992492064061
RD3_4_C_YA,YA_2017_C,57.89,-4.98,0,57.89,-4.98,-0.905733217749958,-1.03419170289065,-1.93992492064061
RD5_30_C_YA,YA_2017_C,57.89,-4.98,0,57.89,-4.98,-0.905733217749958,-1.03419170289065,-1.93992492064061
RD7_12_C_YA,YA_2017_C,57.89,-4.98,5,57.89,-4.98,1.59426678225004,1.46580829710935,3.06007507935939
RD9_18_C_YA,YA_2017_C,57.89,-4.98,0,57.89,-4.98,-0.905733217749958,-1.03419170289065,-1.93992492064061
BE2_1_C_YA,YA_2018_C,57.63,-5.35,15,57.63,-5.35,3.00110195093044,10.7032926523205,13.7043946032509
BE3_20_C_YA,YA_2018_C,57.63,-5.35,8,57.63,-5.35,-0.498898049069547,7.20329265232044,6.70439460325089
BE4_23_C_YA,YA_2018_C,57.63,-5.35,8,57.63,-5.35,-0.498898049069547,7.20329265232044,6.70439460325089
BE5_19_C_YA,YA_2018_C,57.63,-5.35,8,57.63,-5.35,-0.498898049069547,7.20329265232044,6.70439460325089
BE7_6_C_YA,YA_2018_C,57.63,-5.35,8,57.63,-5.35,-0.498898049069547,7.20329265232044,6.70439460325089
BE8_19_C_YA,YA_2018_C,57.63,-5.35,8,57.63,-5.35,-0.498898049069547,7.20329265232044,6.70439460325089
BE9_21_C_YA,YA_2018_C,57.63,-5.35,8,57.63,-5.35,-0.498898049069547,7.20329265232044,6.70439460325089
GA10_27_C_YA,YA_2018_C,57.27,-4.92,8,57.27,-4.92,-0.335162597181503,7.36702810420848,7.03186550702698
GA3_27_C_YA,YA_2018_C,57.27,-4.92,8,57.27,-4.92,-0.335162597181503,7.36702810420848,7.03186550702698
GA5_23_C_YA,YA_2018_C,57.27,-4.92,8,57.27,-4.92,-0.335162597181503,7.36702810420848,7.03186550702698
GA6_27_C_YA,YA_2018_C,57.27,-4.92,15,57.27,-4.92,3.16483740281849,10.8670281042085,14.031865507027
GA7_23_C_YA,YA_2018_C,57.27,-4.92,8,57.27,-4.92,-0.335162597181503,7.36702810420848,7.03186550702698
GA9_12_C_YA,YA_2018_C,57.27,-4.92,8,57.27,-4.92,-0.335162597181503,7.36702810420848,7.03186550702698
GL2_1_C_YA,YA_2018_C,56.91,-5.13,8,56.91,-5.13,-0.171426396340715,7.53076430504928,7.35933790870857
GL3_12_C_YA,YA_2018_C,56.91,-5.13,8,56.91,-5.13,-0.171426396340715,7.53076430504928,7.35933790870857
GL4_5_C_YA,YA_2018_C,56.91,-5.13,8,56.91,-5.13,-0.171426396340715,7.53076430504928,7.35933790870857
GL7_10_C_YA,YA_2018_C,56.91,-5.13,8,56.91,-5.13,-0.171426396340715,7.53076430504928,7.35933790870857
GL8_19_C_YA,YA_2018_C,56.91,-5.13,8,56.91,-5.13,-0.171426396340715,7.53076430504928,7.35933790870857
GT2_18_C_YA,YA_2018_C,57.05,-2.86,8,57.05,-2.86,-0.0253605199718177,7.67683018141819,7.65146966144637
GT6_30_C_YA,YA_2018_C,57.05,-2.86,8,57.05,-2.86,-0.0253605199718177,7.67683018141819,7.65146966144637
GT7_12_C_YA,YA_2018_C,57.05,-2.86,8,57.05,-2.86,-0.0253605199718177,7.67683018141819,7.65146966144637
GT8_19_C_YA,YA_2018_C,57.05,-2.86,8,57.05,-2.86,-0.0253605199718177,7.67683018141819,7.65146966144637
RD1_23_C_YA,YA_2018_C,57.89,-4.98,8,57.89,-4.98,-0.0896940019717754,7.61249669941824,7.52280269744646
RD2_22_C_YA,YA_2018_C,57.89,-4.98,8,57.89,-4.98,-0.0896940019717754,7.61249669941824,7.52280269744646
RD3_4_C_YA,YA_2018_C,57.89,-4.98,8,57.89,-4.98,-0.0896940019717754,7.61249669941824,7.52280269744646
RD5_30_C_YA,YA_2018_C,57.89,-4.98,8,57.89,-4.98,-0.0896940019717754,7.61249669941824,7.52280269744646
RD7_12_C_YA,YA_2018_C,57.89,-4.98,8,57.89,-4.98,-0.0896940019717754,7.61249669941824,7.52280269744646
RD9_18_C_YA,YA_2018_C,57.89,-4.98,8,57.89,-4.98,-0.0896940019717754,7.61249669941824,7.52280269744646
BE2_1_C_YA,YA_2019_C,57.63,-5.35,17,57.63,-5.35,-0.49809681656151,19.0829110036478,18.5848141870863
BE3_20_C_YA,YA_2019_C,57.63,-5.35,21,57.63,-5.35,1.5019031834385,21.0829110036478,22.5848141870863
BE4_23_C_YA,YA_2019_C,57.63,-5.35,14,57.63,-5.35,-1.99809681656152,17.5829110036478,15.5848141870863
BE5_19_C_YA,YA_2019_C,57.63,-5.35,21,57.63,-5.35,1.5019031834385,21.0829110036478,22.5848141870863
BE7_6_C_YA,YA_2019_C,57.63,-5.35,18,57.63,-5.35,0.00190318343848972,19.5829110036478,19.5848141870863
BE8_19_C_YA,YA_2019_C,57.63,-5.35,21,57.63,-5.35,1.5019031834385,21.0829110036478,22.5848141870863
BE9_21_C_YA,YA_2019_C,57.63,-5.35,14,57.63,-5.35,-1.99809681656152,17.5829110036478,15.5848141870863
GA10_27_C_YA,YA_2019_C,57.27,-4.92,6,57.27,-4.92,-5.73805009034159,13.8429577298678,8.1049076395262
GA3_27_C_YA,YA_2019_C,57.27,-4.92,21,57.27,-4.92,1.76194990965845,21.3429577298677,23.1049076395262
GA5_23_C_YA,YA_2019_C,57.27,-4.92,21,57.27,-4.92,1.76194990965845,21.3429577298677,23.1049076395262
GA6_27_C_YA,YA_2019_C,57.27,-4.92,27,57.27,-4.92,4.76194990965847,24.3429577298677,29.1049076395262
GA7_23_C_YA,YA_2019_C,57.27,-4.92,21,57.27,-4.92,1.76194990965845,21.3429577298677,23.1049076395262
GA9_12_C_YA,YA_2019_C,57.27,-4.92,14,57.27,-4.92,-1.73805009034156,17.8429577298678,16.1049076395262
GL2_1_C_YA,YA_2019_C,56.91,-5.13,14,56.91,-5.13,-0.896071149366836,18.6849366708425,17.7888655214757
GL3_12_C_YA,YA_2019_C,56.91,-5.13,21,56.91,-5.13,2.60392885063318,22.1849366708425,24.7888655214757
GL4_5_C_YA,YA_2019_C,56.91,-5.13,14,56.91,-5.13,-0.896071149366836,18.6849366708425,17.7888655214757
GL7_10_C_YA,YA_2019_C,56.91,-5.13,21,56.91,-5.13,2.60392885063318,22.1849366708425,24.7888655214757
GL8_19_C_YA,YA_2019_C,56.91,-5.13,6,56.91,-5.13,-4.89607114936686,14.6849366708425,9.78886552147567
GT2_18_C_YA,YA_2019_C,57.05,-2.86,14,57.05,-2.86,-1.79380024580115,17.7872075744082,15.993407328607
GT6_30_C_YA,YA_2019_C,57.05,-2.86,21,57.05,-2.86,1.70619975419885,21.2872075744082,22.993407328607
GT7_12_C_YA,YA_2019_C,57.05,-2.86,21,57.05,-2.86,1.70619975419885,21.2872075744082,22.993407328607
GT8_19_C_YA,YA_2019_C,57.05,-2.86,14,57.05,-2.86,-1.79380024580115,17.7872075744082,15.993407328607
RD1_23_C_YA,YA_2019_C,57.89,-4.98,21,57.89,-4.98,0.428422498001677,20.009430318211,20.4378528162127
RD2_22_C_YA,YA_2019_C,57.89,-4.98,21,57.89,-4.98,0.428422498001677,20.009430318211,20.4378528162127
RD3_4_C_YA,YA_2019_C,57.89,-4.98,17,57.89,-4.98,-1.57157750199833,18.009430318211,16.4378528162127
RD5_30_C_YA,YA_2019_C,57.89,-4.98,21,57.89,-4.98,0.428422498001677,20.009430318211,20.4378528162127
RD7_12_C_YA,YA_2019_C,57.89,-4.98,18,57.89,-4.98,-1.07157750199833,18.509430318211,17.4378528162127
RD9_18_C_YA,YA_2019_C,57.89,-4.98,21,57.89,-4.98,0.428422498001677,20.009430318211,20.4378528162127
BE2_11_B_YA,YA_2015_B,57.63,-5.35,6,57.63,-5.35,-2.09765446301736,18.3594801185993,16.2618256555819
BE4_20_B_YA,YA_2015_B,57.63,-5.35,6,57.63,-5.35,-2.09765446301736,18.3594801185993,16.2618256555819
BE5_27_B_YA,YA_2015_B,57.63,-5.35,20,57.63,-5.35,4.90234553698255,25.3594801185993,30.2618256555819
BE7_12_B_YA,YA_2015_B,57.63,-5.35,6,57.63,-5.35,-2.09765446301736,18.3594801185993,16.2618256555819
BE8_4_B_YA,YA_2015_B,57.63,-5.35,13,57.63,-5.35,1.40234553698259,21.8594801185993,23.2618256555819
GA10_20_B_YA,YA_2015_B,57.27,-4.92,13,57.27,-4.92,-2.34722357273756,18.1099110088791,15.7626874361415
GA3_18_B_YA,YA_2015_B,57.27,-4.92,20,57.27,-4.92,1.15277642726241,21.6099110088791,22.7626874361415
GA5_30_B_YA,YA_2015_B,57.27,-4.92,20,57.27,-4.92,1.15277642726241,21.6099110088791,22.7626874361415
GA6_25_B_YA,YA_2015_B,57.27,-4.92,20,57.27,-4.92,1.15277642726241,21.6099110088791,22.7626874361415
GA7_10_B_YA,YA_2015_B,57.27,-4.92,20,57.27,-4.92,1.15277642726241,21.6099110088791,22.7626874361415
GL3_1_B_YA,YA_2015_B,56.91,-5.13,0,56.91,-5.13,-3.46063317160158,16.996501410015,13.5358682384135
GL4_27_B_YA,YA_2015_B,56.91,-5.13,13,56.91,-5.13,3.03936682839835,23.4965014100151,26.5358682384135
GL6_23_B_YA,YA_2015_B,56.91,-5.13,13,56.91,-5.13,3.03936682839835,23.4965014100151,26.5358682384135
GL7_14_B_YA,YA_2015_B,56.91,-5.13,6,56.91,-5.13,-0.460633171601624,19.9965014100151,19.5358682384134
GL8_4_B_YA,YA_2015_B,56.91,-5.13,0,56.91,-5.13,-3.46063317160158,16.996501410015,13.5358682384135
GT2_27_B_YA,YA_2015_B,57.05,-2.86,20,57.05,-2.86,3.44858984851102,23.9057244301278,27.3543142786388
GT5_18_B_YA,YA_2015_B,57.05,-2.86,6,57.05,-2.86,-3.55141015148889,16.9057244301277,13.3543142786388
GT9_18_B_YA,YA_2015_B,57.05,-2.86,13,57.05,-2.86,-0.0514101514889234,20.4057244301278,20.3543142786388
RD10_11_B_YA,YA_2015_B,57.89,-4.98,6,57.89,-4.98,-1.76364270175112,18.6934918798655,16.9298491781144
RD2_11_B_YA,YA_2015_B,57.89,-4.98,0,57.89,-4.98,-4.7636427017511,15.6934918798655,10.9298491781144
RD7_7_B_YA,YA_2015_B,57.89,-4.98,0,57.89,-4.98,-4.7636427017511,15.6934918798655,10.9298491781144
RD8_11_B_YA,YA_2015_B,57.89,-4.98,20,57.89,-4.98,5.23635729824881,25.6934918798656,30.9298491781144
RD9_4_B_YA,YA_2015_B,57.89,-4.98,20,57.89,-4.98,5.23635729824881,25.6934918798656,30.9298491781144
BE2_11_B_YA,YA_2016_B,57.63,-5.35,14,57.63,-5.35,1.10401765589264,21.5591568956992,22.6631745515918
BE4_20_B_YA,YA_2016_B,57.63,-5.35,7,57.63,-5.35,-2.39598234410734,18.0591568956992,15.6631745515918
BE5_27_B_YA,YA_2016_B,57.63,-5.35,24,57.63,-5.35,6.10401765589263,26.5591568956992,32.6631745515919
BE7_12_B_YA,YA_2016_B,57.63,-5.35,7,57.63,-5.35,-2.39598234410734,18.0591568956992,15.6631745515918
BE8_4_B_YA,YA_2016_B,57.63,-5.35,7,57.63,-5.35,-2.39598234410734,18.0591568956992,15.6631745515918
GA10_20_B_YA,YA_2016_B,57.27,-4.92,7,57.27,-4.92,-5.02444203835624,15.4306972014502,10.406255163094
GA3_18_B_YA,YA_2016_B,57.27,-4.92,24,57.27,-4.92,3.4755579616437,23.9306972014503,27.406255163094
GA5_30_B_YA,YA_2016_B,57.27,-4.92,24,57.27,-4.92,3.4755579616437,23.9306972014503,27.406255163094
GA6_25_B_YA,YA_2016_B,57.27,-4.92,24,57.27,-4.92,3.4755579616437,23.9306972014503,27.406255163094
GA7_10_B_YA,YA_2016_B,57.27,-4.92,14,57.27,-4.92,-1.52444203835626,18.9306972014503,17.406255163094
GL3_1_B_YA,YA_2016_B,56.91,-5.13,7,56.91,-5.13,-2.14643695901925,18.3087022807873,16.162265321768
GL4_27_B_YA,YA_2016_B,56.91,-5.13,7,56.91,-5.13,-2.14643695901925,18.3087022807873,16.162265321768
GL6_23_B_YA,YA_2016_B,56.91,-5.13,24,56.91,-5.13,6.35356304098069,26.8087022807873,33.162265321768
GL7_14_B_YA,YA_2016_B,56.91,-5.13,7,56.91,-5.13,-2.14643695901925,18.3087022807873,16.162265321768
GL8_4_B_YA,YA_2016_B,56.91,-5.13,7,56.91,-5.13,-2.14643695901925,18.3087022807873,16.162265321768
GT2_27_B_YA,YA_2016_B,57.05,-2.86,14,57.05,-2.86,0.578606533905614,21.0337457737122,21.6123523076178
GT5_18_B_YA,YA_2016_B,57.05,-2.86,0,57.05,-2.86,-6.42139346609434,14.0337457737121,7.61235230761777
GT9_18_B_YA,YA_2016_B,57.05,-2.86,24,57.05,-2.86,5.57860653390559,26.0337457737122,31.6123523076178
RD10_11_B_YA,YA_2016_B,57.89,-4.98,14,57.89,-4.98,0.419697421140743,20.8748366609473,21.294534082088
RD2_11_B_YA,YA_2016_B,57.89,-4.98,14,57.89,-4.98,0.419697421140743,20.8748366609473,21.294534082088
RD7_7_B_YA,YA_2016_B,57.89,-4.98,7,57.89,-4.98,-3.08030257885924,17.3748366609473,14.294534082088
RD8_11_B_YA,YA_2016_B,57.89,-4.98,14,57.89,-4.98,0.419697421140743,20.8748366609473,21.294534082088
RD9_4_B_YA,YA_2016_B,57.89,-4.98,14,57.89,-4.98,0.419697421140743,20.8748366609473,21.294534082088
BE2_11_B_YA,YA_2017_B,57.63,-5.35,12,57.63,-5.35,2.80213769000491,13.8350584267387,16.6371961167436
BE4_20_B_YA,YA_2017_B,57.63,-5.35,0,57.63,-5.35,-3.19786230999507,7.83505842673864,4.63719611674358
BE5_27_B_YA,YA_2017_B,57.63,-5.35,10,57.63,-5.35,1.80213769000492,12.8350584267387,14.6371961167436
BE7_12_B_YA,YA_2017_B,57.63,-5.35,5,57.63,-5.35,-0.697862309995079,10.3350584267387,9.63719611674357
BE8_4_B_YA,YA_2017_B,57.63,-5.35,5,57.63,-5.35,-0.697862309995079,10.3350584267387,9.63719611674357
GA10_20_B_YA,YA_2017_B,57.27,-4.92,5,57.27,-4.92,-1.98734581867092,9.04557491806279,7.05822909939188
GA3_18_B_YA,YA_2017_B,57.27,-4.92,5,57.27,-4.92,-1.98734581867092,9.04557491806279,7.05822909939188
GA5_30_B_YA,YA_2017_B,57.27,-4.92,5,57.27,-4.92,-1.98734581867092,9.04557491806279,7.05822909939188
GA6_25_B_YA,YA_2017_B,57.27,-4.92,12,57.27,-4.92,1.51265418132906,12.5455749180628,14.0582290993919
GA7_10_B_YA,YA_2017_B,57.27,-4.92,22,57.27,-4.92,6.51265418132905,17.5455749180628,24.0582290993919
GL4_27_B_YA,YA_2017_B,56.91,-5.13,0,56.91,-5.13,-0.296921840388991,10.7359988963447,10.4390770559558
GL6_23_B_YA,YA_2017_B,56.91,-5.13,0,56.91,-5.13,-0.296921840388991,10.7359988963447,10.4390770559558
GL7_14_B_YA,YA_2017_B,56.91,-5.13,0,56.91,-5.13,-0.296921840388991,10.7359988963447,10.4390770559558
GL8_4_B_YA,YA_2017_B,56.91,-5.13,0,56.91,-5.13,-0.296921840388991,10.7359988963447,10.4390770559558
GT2_27_B_YA,YA_2017_B,57.05,-2.86,5,57.05,-2.86,0.786478831426878,11.8193995681606,12.6058783995875
GT5_18_B_YA,YA_2017_B,57.05,-2.86,0,57.05,-2.86,-1.71352116857311,9.31939956816061,7.6058783995875
GT9_18_B_YA,YA_2017_B,57.05,-2.86,5,57.05,-2.86,0.786478831426878,11.8193995681606,12.6058783995875
RD10_11_B_YA,YA_2017_B,57.89,-4.98,12,57.89,-4.98,2.35085830211973,13.3837790388535,15.7346373409732
RD2_11_B_YA,YA_2017_B,57.89,-4.98,0,57.89,-4.98,-3.64914169788024,7.38377903885347,3.73463734097322
RD7_7_B_YA,YA_2017_B,57.89,-4.98,0,57.89,-4.98,-3.64914169788024,7.38377903885347,3.73463734097322
RD8_11_B_YA,YA_2017_B,57.89,-4.98,13,57.89,-4.98,2.85085830211972,13.8837790388535,16.7346373409732
RD9_4_B_YA,YA_2017_B,57.89,-4.98,10,57.89,-4.98,1.35085830211973,12.3837790388535,13.7346373409732
BE2_11_B_YA,YA_2018_B,57.63,-5.35,14,57.63,-5.35,1.80002191076223,6.54052969547288,8.34055160623511
BE4_20_B_YA,YA_2018_B,57.63,-5.35,8,57.63,-5.35,-1.19997808923776,3.54052969547287,2.34055160623511
BE5_27_B_YA,YA_2018_B,57.63,-5.35,14,57.63,-5.35,1.80002191076223,6.54052969547288,8.34055160623511
BE7_12_B_YA,YA_2018_B,57.63,-5.35,8,57.63,-5.35,-1.19997808923776,3.54052969547287,2.34055160623511
BE8_4_B_YA,YA_2018_B,57.63,-5.35,8,57.63,-5.35,-1.19997808923776,3.54052969547287,2.34055160623511
GA10_20_B_YA,YA_2018_B,57.27,-4.92,8,57.27,-4.92,0.00422959720360083,4.74473738191424,4.74896697911784
GA3_18_B_YA,YA_2018_B,57.27,-4.92,8,57.27,-4.92,0.00422959720360083,4.74473738191424,4.74896697911784
GA5_30_B_YA,YA_2018_B,57.27,-4.92,8,57.27,-4.92,0.00422959720360083,4.74473738191424,4.74896697911784
GA6_25_B_YA,YA_2018_B,57.27,-4.92,8,57.27,-4.92,0.00422959720360083,4.74473738191424,4.74896697911784
GA7_10_B_YA,YA_2018_B,57.27,-4.92,8,57.27,-4.92,0.00422959720360083,4.74473738191424,4.74896697911784
GL3_1_B_YA,YA_2018_B,56.91,-5.13,8,56.91,-5.13,-0.00243469683383246,4.73807308787681,4.73563839104297
GL4_27_B_YA,YA_2018_B,56.91,-5.13,8,56.91,-5.13,-0.00243469683383246,4.73807308787681,4.73563839104297
GL6_23_B_YA,YA_2018_B,56.91,-5.13,8,56.91,-5.13,-0.00243469683383246,4.73807308787681,4.73563839104297
GL7_14_B_YA,YA_2018_B,56.91,-5.13,8,56.91,-5.13,-0.00243469683383246,4.73807308787681,4.73563839104297
GL8_4_B_YA,YA_2018_B,56.91,-5.13,8,56.91,-5.13,-0.00243469683383246,4.73807308787681,4.73563839104297
GT2_27_B_YA,YA_2018_B,57.05,-2.86,8,57.05,-2.86,-0.000480246364077175,4.74002753834656,4.73954729198249
GT5_18_B_YA,YA_2018_B,57.05,-2.86,8,57.05,-2.86,-0.000480246364077175,4.74002753834656,4.73954729198249
GT9_18_B_YA,YA_2018_B,57.05,-2.86,8,57.05,-2.86,-0.000480246364077175,4.74002753834656,4.73954729198249
RD10_11_B_YA,YA_2018_B,57.89,-4.98,8,57.89,-4.98,-0.00152866331384338,4.73897912139679,4.73745045808295
RD2_11_B_YA,YA_2018_B,57.89,-4.98,8,57.89,-4.98,-0.00152866331384338,4.73897912139679,4.73745045808295
RD7_7_B_YA,YA_2018_B,57.89,-4.98,8,57.89,-4.98,-0.00152866331384338,4.73897912139679,4.73745045808295
RD8_11_B_YA,YA_2018_B,57.89,-4.98,8,57.89,-4.98,-0.00152866331384338,4.73897912139679,4.73745045808295
RD9_4_B_YA,YA_2018_B,57.89,-4.98,8,57.89,-4.98,-0.00152866331384338,4.73897912139679,4.73745045808295
BE2_11_B_YA,YA_2019_B,57.63,-5.35,8,57.63,-5.35,-3.39871096780214,23.866213425134,20.4675024573319
BE4_20_B_YA,YA_2019_B,57.63,-5.35,14,57.63,-5.35,-0.398710967802085,26.866213425134,26.4675024573319
BE5_27_B_YA,YA_2019_B,57.63,-5.35,20,57.63,-5.35,2.60128903219797,29.8662134251339,32.4675024573319
BE7_12_B_YA,YA_2019_B,57.63,-5.35,18,57.63,-5.35,1.60128903219795,28.8662134251339,30.4675024573319
BE8_4_B_YA,YA_2019_B,57.63,-5.35,14,57.63,-5.35,-0.398710967802085,26.866213425134,26.4675024573319
GA10_20_B_YA,YA_2019_B,57.27,-4.92,21,57.27,-4.92,0.248831460616888,27.5137558535529,27.7625873141698
GA3_18_B_YA,YA_2019_B,57.27,-4.92,21,57.27,-4.92,0.248831460616888,27.5137558535529,27.7625873141698
GA5_30_B_YA,YA_2019_B,57.27,-4.92,21,57.27,-4.92,0.248831460616888,27.5137558535529,27.7625873141698
GA6_25_B_YA,YA_2019_B,57.27,-4.92,21,57.27,-4.92,0.248831460616888,27.5137558535529,27.7625873141698
GA7_10_B_YA,YA_2019_B,57.27,-4.92,21,57.27,-4.92,0.248831460616888,27.5137558535529,27.7625873141698
GL3_1_B_YA,YA_2019_B,56.91,-5.13,11,56.91,-5.13,-0.84323566526218,26.4216887276739,25.5784530624117
GL4_27_B_YA,YA_2019_B,56.91,-5.13,14,56.91,-5.13,0.656764334737844,27.9216887276739,28.5784530624117
GL6_23_B_YA,YA_2019_B,56.91,-5.13,17,56.91,-5.13,2.15676433473785,29.4216887276738,31.5784530624117
GL7_14_B_YA,YA_2019_B,56.91,-5.13,14,56.91,-5.13,0.656764334737844,27.9216887276739,28.5784530624117
GL8_4_B_YA,YA_2019_B,56.91,-5.13,6,56.91,-5.13,-3.34323566526222,23.9216887276739,20.5784530624117
GT2_27_B_YA,YA_2019_B,57.05,-2.86,21,57.05,-2.86,2.30507995635631,29.5700043492923,31.8750843056486
GT5_18_B_YA,YA_2019_B,57.05,-2.86,14,57.05,-2.86,-1.19492004364377,26.0700043492923,24.8750843056485
GT9_18_B_YA,YA_2019_B,57.05,-2.86,14,57.05,-2.86,-1.19492004364377,26.0700043492923,24.8750843056485
RD10_11_B_YA,YA_2019_B,57.89,-4.98,21,57.89,-4.98,0.910067198633904,28.1749915915699,29.0850587902038
RD2_11_B_YA,YA_2019_B,57.89,-4.98,21,57.89,-4.98,0.910067198633904,28.1749915915699,29.0850587902038
RD7_7_B_YA,YA_2019_B,57.89,-4.98,11,57.89,-4.98,-4.08993280136616,23.17499159157,19.0850587902039
RD8_11_B_YA,YA_2019_B,57.89,-4.98,21,57.89,-4.98,0.910067198633904,28.1749915915699,29.0850587902038
RD9_4_B_YA,YA_2019_B,57.89,-4.98,21,57.89,-4.98,0.910067198633904,28.1749915915699,29.0850587902038
BE5_1_A_YA,YA_2015_A,57.63,-5.35,6,57.63,-5.35,-3.51251490607491,12.4815689999594,8.9690540938845
BE9_30_A_YA,YA_2015_A,57.63,-5.35,20,57.63,-5.35,3.48748509392497,19.4815689999595,22.9690540938845
GA1_23_A_YA,YA_2015_A,57.27,-4.92,13,57.27,-4.92,-0.805281761810788,15.1888021442236,14.3835203824128
GA3_15_A_YA,YA_2015_A,57.27,-4.92,13,57.27,-4.92,-0.805281761810788,15.1888021442236,14.3835203824128
GA5_19_A_YA,YA_2015_A,57.27,-4.92,6,57.27,-4.92,-4.30528176181073,11.6888021442236,7.38352038241282
GA7_20_A_YA,YA_2015_A,57.27,-4.92,20,57.27,-4.92,2.69471823818916,18.6888021442237,21.3835203824128
GA8_20_A_YA,YA_2015_A,57.27,-4.92,13,57.27,-4.92,-0.805281761810788,15.1888021442236,14.3835203824128
GA9_11_A_YA,YA_2015_A,57.27,-4.92,13,57.27,-4.92,-0.805281761810788,15.1888021442236,14.3835203824128
GL1_11_A_YA,YA_2015_A,56.91,-5.13,20,56.91,-5.13,2.21354696705691,18.2076308730914,20.4211778401483
GL2_12_A_YA,YA_2015_A,56.91,-5.13,20,56.91,-5.13,2.21354696705691,18.2076308730914,20.4211778401483
GL3_18_A_YA,YA_2015_A,56.91,-5.13,13,56.91,-5.13,-1.28645303294303,14.7076308730914,13.4211778401483
GL4_30_A_YA,YA_2015_A,56.91,-5.13,13,56.91,-5.13,-1.28645303294303,14.7076308730914,13.4211778401483
GL6_27_A_YA,YA_2015_A,56.91,-5.13,13,56.91,-5.13,-1.28645303294303,14.7076308730914,13.4211778401483
GL7_12_A_YA,YA_2015_A,56.91,-5.13,20,56.91,-5.13,2.21354696705691,18.2076308730914,20.4211778401483
GT1_11_A_YA,YA_2015_A,57.05,-2.86,20,57.05,-2.86,1.80486105928471,17.7989449653192,19.6038060246039
GT5_20_A_YA,YA_2015_A,57.05,-2.86,13,57.05,-2.86,-1.69513894071523,14.2989449653191,12.6038060246039
GT6_27_A_YA,YA_2015_A,57.05,-2.86,20,57.05,-2.86,1.80486105928471,17.7989449653192,19.6038060246039
GT7_11_A_YA,YA_2015_A,57.05,-2.86,20,57.05,-2.86,1.80486105928471,17.7989449653192,19.6038060246039
GT8_1_A_YA,YA_2015_A,57.05,-2.86,13,57.05,-2.86,-1.69513894071523,14.2989449653191,12.6038060246039
GT9_4_A_YA,YA_2015_A,57.05,-2.86,13,57.05,-2.86,-1.69513894071523,14.2989449653191,12.6038060246039
RD1_2_A_YA,YA_2015_A,57.89,-4.98,6,57.89,-4.98,-3.85074555500792,12.1433383510264,8.29259279601847
RD10_30_A_YA,YA_2015_A,57.89,-4.98,20,57.89,-4.98,3.14925444499199,19.1433383510265,22.2925927960185
RD2_20_A_YA,YA_2015_A,57.89,-4.98,20,57.89,-4.98,3.14925444499199,19.1433383510265,22.2925927960185
RD3_23_A_YA,YA_2015_A,57.89,-4.98,20,57.89,-4.98,3.14925444499199,19.1433383510265,22.2925927960185
RD5_18_A_YA,YA_2015_A,57.89,-4.98,6,57.89,-4.98,-3.85074555500792,12.1433383510264,8.29259279601847
BE5_1_A_YA,YA_2016_A,57.63,-5.35,14,57.63,-5.35,-0.00831943499689913,14.2652431424154,14.2569237074185
BE9_30_A_YA,YA_2016_A,57.63,-5.35,14,57.63,-5.35,-0.00831943499689913,14.2652431424154,14.2569237074185
GA1_23_A_YA,YA_2016_A,57.27,-4.92,24,57.27,-4.92,4.96467922079055,19.2382417982031,24.2029210189936
GA3_15_A_YA,YA_2016_A,57.27,-4.92,14,57.27,-4.92,-0.0353207792093215,14.238241798203,14.2029210189936
GA5_19_A_YA,YA_2016_A,57.27,-4.92,7,57.27,-4.92,-3.53532077920924,10.7382417982029,7.20292101899364
GA7_20_A_YA,YA_2016_A,57.27,-4.92,12,57.27,-4.92,-1.0353207792093,13.2382417982029,12.2029210189936
GA8_20_A_YA,YA_2016_A,57.27,-4.92,7,57.27,-4.92,-3.53532077920924,10.7382417982029,7.20292101899364
GA9_11_A_YA,YA_2016_A,57.27,-4.92,14,57.27,-4.92,-0.0353207792093215,14.238241798203,14.2029210189936
GL1_11_A_YA,YA_2016_A,56.91,-5.13,14,56.91,-5.13,0.0581484461364195,14.3317110235487,14.3898594696851
GL2_12_A_YA,YA_2016_A,56.91,-5.13,14,56.91,-5.13,0.0581484461364195,14.3317110235487,14.3898594696851
GL3_18_A_YA,YA_2016_A,56.91,-5.13,14,56.91,-5.13,0.0581484461364195,14.3317110235487,14.3898594696851
GL4_30_A_YA,YA_2016_A,56.91,-5.13,14,56.91,-5.13,0.0581484461364195,14.3317110235487,14.3898594696851
GL6_27_A_YA,YA_2016_A,56.91,-5.13,7,56.91,-5.13,-3.4418515538635,10.8317110235486,7.38985946968512
GL7_12_A_YA,YA_2016_A,56.91,-5.13,24,56.91,-5.13,5.05814844613629,19.3317110235488,24.3898594696851
GT1_11_A_YA,YA_2016_A,57.05,-2.86,24,57.05,-2.86,3.28646955189848,17.5600321293109,20.8465016812094
GT5_20_A_YA,YA_2016_A,57.05,-2.86,7,57.05,-2.86,-5.21353044810133,9.06003212931071,3.84650168120938
GT6_27_A_YA,YA_2016_A,57.05,-2.86,24,57.05,-2.86,3.28646955189848,17.5600321293109,20.8465016812094
GT7_11_A_YA,YA_2016_A,57.05,-2.86,19,57.05,-2.86,0.786469551898534,15.0600321293109,15.8465016812094
GT8_1_A_YA,YA_2016_A,57.05,-2.86,24,57.05,-2.86,3.28646955189848,17.5600321293109,20.8465016812094
GT9_4_A_YA,YA_2016_A,57.05,-2.86,7,57.05,-2.86,-5.21353044810133,9.06003212931071,3.84650168120938
RD1_2_A_YA,YA_2016_A,57.89,-4.98,14,57.89,-4.98,0.132171111407327,14.4057336888196,14.5379048002269
RD10_30_A_YA,YA_2016_A,57.89,-4.98,14,57.89,-4.98,0.132171111407327,14.4057336888196,14.5379048002269
RD2_20_A_YA,YA_2016_A,57.89,-4.98,24,57.89,-4.98,5.13217111140722,19.4057336888197,24.537904800227
RD3_23_A_YA,YA_2016_A,57.89,-4.98,12,57.89,-4.98,-0.867828888592648,13.4057336888196,12.5379048002269
RD5_18_A_YA,YA_2016_A,57.89,-4.98,7,57.89,-4.98,-3.36782888859259,10.9057336888195,7.53790480022694
BE5_1_A_YA,YA_2017_A,57.63,-5.35,0,57.63,-5.35,-1.25961587250363,7.17622145481504,5.91660558231141
BE9_30_A_YA,YA_2017_A,57.63,-5.35,5,57.63,-5.35,1.24038412749634,9.67622145481507,10.9166055823114
GA1_23_A_YA,YA_2017_A,57.27,-4.92,0,57.27,-4.92,-1.61874110001195,6.81709622730671,5.19835512729477
GA3_15_A_YA,YA_2017_A,57.27,-4.92,12,57.27,-4.92,4.38125889998797,12.8170962273068,17.1983551272948
GA5_19_A_YA,YA_2017_A,57.27,-4.92,0,57.27,-4.92,-1.61874110001195,6.81709622730671,5.19835512729477
GA7_20_A_YA,YA_2017_A,57.27,-4.92,0,57.27,-4.92,-1.61874110001195,6.81709622730671,5.19835512729477
GA8_20_A_YA,YA_2017_A,57.27,-4.92,0,57.27,-4.92,-1.61874110001195,6.81709622730671,5.19835512729477
GA9_11_A_YA,YA_2017_A,57.27,-4.92,0,57.27,-4.92,-1.61874110001195,6.81709622730671,5.19835512729477
GL1_11_A_YA,YA_2017_A,56.91,-5.13,0,56.91,-5.13,-2.47716537584855,5.95867195147009,3.48150657562154
GL2_12_A_YA,YA_2017_A,56.91,-5.13,12,56.91,-5.13,3.52283462415138,11.9586719514702,15.4815065756215
GL3_18_A_YA,YA_2017_A,56.91,-5.13,0,56.91,-5.13,-2.47716537584855,5.95867195147009,3.48150657562154
GL4_30_A_YA,YA_2017_A,56.91,-5.13,5,56.91,-5.13,0.0228346241514217,8.45867195147012,8.48150657562154
GL6_27_A_YA,YA_2017_A,56.91,-5.13,12,56.91,-5.13,3.52283462415138,11.9586719514702,15.4815065756215
GL7_12_A_YA,YA_2017_A,56.91,-5.13,5,56.91,-5.13,0.0228346241514217,8.45867195147012,8.48150657562154
GT1_11_A_YA,YA_2017_A,57.05,-2.86,12,57.05,-2.86,1.04215268963004,9.47799001694876,10.5201427065788
GT5_20_A_YA,YA_2017_A,57.05,-2.86,0,57.05,-2.86,-4.95784731036989,3.47799001694869,-1.4798572934212
GT6_27_A_YA,YA_2017_A,57.05,-2.86,12,57.05,-2.86,1.04215268963004,9.47799001694876,10.5201427065788
GT7_11_A_YA,YA_2017_A,57.05,-2.86,12,57.05,-2.86,1.04215268963004,9.47799001694876,10.5201427065788
GT8_1_A_YA,YA_2017_A,57.05,-2.86,12,57.05,-2.86,1.04215268963004,9.47799001694876,10.5201427065788
GT9_4_A_YA,YA_2017_A,57.05,-2.86,12,57.05,-2.86,1.04215268963004,9.47799001694876,10.5201427065788
RD1_2_A_YA,YA_2017_A,57.89,-4.98,0,57.89,-4.98,-3.43164910752125,5.00418821979736,1.57253911227611
RD10_30_A_YA,YA_2017_A,57.89,-4.98,12,57.89,-4.98,2.56835089247869,11.0041882197974,13.5725391122761
RD2_20_A_YA,YA_2017_A,57.89,-4.98,20,57.89,-4.98,6.56835089247864,15.0041882197975,21.5725391122761
RD3_23_A_YA,YA_2017_A,57.89,-4.98,5,57.89,-4.98,-0.931649107521286,7.50418821979739,6.57253911227611
RD5_18_A_YA,YA_2017_A,57.89,-4.98,0,57.89,-4.98,-3.43164910752125,5.00418821979736,1.57253911227611
BE5_1_A_YA,YA_2018_A,57.63,-5.35,0,57.63,-5.35,-3.50989658514884,17.9329060249836,14.4230094398348
BE9_30_A_YA,YA_2018_A,57.63,-5.35,14,57.63,-5.35,3.49010341485097,24.9329060249838,28.4230094398348
GA1_23_A_YA,YA_2018_A,57.27,-4.92,15,57.27,-4.92,1.19652955093019,22.6393321610629,23.8358617119931
GA3_15_A_YA,YA_2018_A,57.27,-4.92,8,57.27,-4.92,-2.30347044906971,19.1393321610628,16.8358617119931
GA5_19_A_YA,YA_2018_A,57.27,-4.92,8,57.27,-4.92,-2.30347044906971,19.1393321610628,16.8358617119931
GA7_20_A_YA,YA_2018_A,57.27,-4.92,8,57.27,-4.92,-2.30347044906971,19.1393321610628,16.8358617119931
GA8_20_A_YA,YA_2018_A,57.27,-4.92,15,57.27,-4.92,1.19652955093019,22.6393321610629,23.8358617119931
GA9_11_A_YA,YA_2018_A,57.27,-4.92,14,57.27,-4.92,0.696529550930205,22.1393321610629,22.8358617119931
GL1_11_A_YA,YA_2018_A,56.91,-5.13,8,56.91,-5.13,-2.13343456173707,19.3093680483954,17.1759334866584
GL2_12_A_YA,YA_2018_A,56.91,-5.13,14,56.91,-5.13,0.866565438262846,22.3093680483955,23.1759334866584
GL3_18_A_YA,YA_2018_A,56.91,-5.13,14,56.91,-5.13,0.866565438262846,22.3093680483955,23.1759334866584
GL4_30_A_YA,YA_2018_A,56.91,-5.13,14,56.91,-5.13,0.866565438262846,22.3093680483955,23.1759334866584
GL6_27_A_YA,YA_2018_A,56.91,-5.13,14,56.91,-5.13,0.866565438262846,22.3093680483955,23.1759334866584
GL7_12_A_YA,YA_2018_A,56.91,-5.13,14,56.91,-5.13,0.866565438262846,22.3093680483955,23.1759334866584
GT1_11_A_YA,YA_2018_A,57.05,-2.86,15,57.05,-2.86,-0.373283429002521,21.0695191811301,20.6962357521276
GT5_20_A_YA,YA_2018_A,57.05,-2.86,15,57.05,-2.86,-0.373283429002521,21.0695191811301,20.6962357521276
GT6_27_A_YA,YA_2018_A,57.05,-2.86,21,57.05,-2.86,2.6267165709974,24.0695191811302,26.6962357521276
GT7_11_A_YA,YA_2018_A,57.05,-2.86,15,57.05,-2.86,-0.373283429002521,21.0695191811301,20.6962357521276
GT8_1_A_YA,YA_2018_A,57.05,-2.86,15,57.05,-2.86,-0.373283429002521,21.0695191811301,20.6962357521276
GT9_4_A_YA,YA_2018_A,57.05,-2.86,14,57.05,-2.86,-0.873283429002507,20.5695191811301,19.6962357521276
RD1_2_A_YA,YA_2018_A,57.89,-4.98,8,57.89,-4.98,-2.72381523816959,18.7189873719629,15.9951721337933
RD10_30_A_YA,YA_2018_A,57.89,-4.98,15,57.89,-4.98,0.776184761830313,22.218987371963,22.9951721337933
RD2_20_A_YA,YA_2018_A,57.89,-4.98,18,57.89,-4.98,2.27618476183028,23.718987371963,25.9951721337933
RD3_23_A_YA,YA_2018_A,57.89,-4.98,21,57.89,-4.98,3.77618476183028,25.2189873719631,28.9951721337934
RD5_18_A_YA,YA_2018_A,57.89,-4.98,8,57.89,-4.98,-2.72381523816959,18.7189873719629,15.9951721337933
BE5_1_A_YA,YA_2019_A,57.63,-5.35,14,57.63,-5.35,1.50033681214338,21.8400981336877,23.3404349458311
BE9_30_A_YA,YA_2019_A,57.63,-5.35,8,57.63,-5.35,-1.4996631878566,18.8400981336877,17.3404349458311
GA1_23_A_YA,YA_2019_A,57.27,-4.92,18,57.27,-4.92,1.02167245000303,21.3614337715474,22.3831062215504
GA3_15_A_YA,YA_2019_A,57.27,-4.92,14,57.27,-4.92,-0.978327549996953,19.3614337715474,18.3831062215504
GA5_19_A_YA,YA_2019_A,57.27,-4.92,14,57.27,-4.92,-0.978327549996953,19.3614337715474,18.3831062215504
GA7_20_A_YA,YA_2019_A,57.27,-4.92,21,57.27,-4.92,2.52167245000302,22.8614337715474,25.3831062215504
GA8_20_A_YA,YA_2019_A,57.27,-4.92,11,57.27,-4.92,-2.47832754999694,17.8614337715474,15.3831062215504
GA9_11_A_YA,YA_2019_A,57.27,-4.92,18,57.27,-4.92,1.02167245000303,21.3614337715474,22.3831062215504
GL1_11_A_YA,YA_2019_A,56.91,-5.13,21,56.91,-5.13,1.90419128358493,22.2439526051293,24.1481438887142
GL2_12_A_YA,YA_2019_A,56.91,-5.13,18,56.91,-5.13,0.40419128358494,20.7439526051293,21.1481438887142
GL3_18_A_YA,YA_2019_A,56.91,-5.13,14,56.91,-5.13,-1.59580871641505,18.7439526051293,17.1481438887142
GL4_30_A_YA,YA_2019_A,56.91,-5.13,18,56.91,-5.13,0.40419128358494,20.7439526051293,21.1481438887142
GL6_27_A_YA,YA_2019_A,56.91,-5.13,11,56.91,-5.13,-3.09580871641504,17.2439526051292,14.1481438887142
GL7_12_A_YA,YA_2019_A,56.91,-5.13,21,56.91,-5.13,1.90419128358493,22.2439526051293,24.1481438887142
GT1_11_A_YA,YA_2019_A,57.05,-2.86,21,57.05,-2.86,0.66519019765844,21.0049515192028,21.6701417168612
GT5_20_A_YA,YA_2019_A,57.05,-2.86,14,57.05,-2.86,-2.83480980234154,17.5049515192028,14.6701417168612
GT6_27_A_YA,YA_2019_A,57.05,-2.86,21,57.05,-2.86,0.66519019765844,21.0049515192028,21.6701417168612
GT7_11_A_YA,YA_2019_A,57.05,-2.86,21,57.05,-2.86,0.66519019765844,21.0049515192028,21.6701417168612
GT8_1_A_YA,YA_2019_A,57.05,-2.86,27,57.05,-2.86,3.66519019765842,24.0049515192028,27.6701417168612
GT9_4_A_YA,YA_2019_A,57.05,-2.86,14,57.05,-2.86,-2.83480980234154,17.5049515192028,14.6701417168612
RD1_2_A_YA,YA_2019_A,57.89,-4.98,14,57.89,-4.98,0.390600557647336,20.7303618791917,21.120962436839
RD10_30_A_YA,YA_2019_A,57.89,-4.98,21,57.89,-4.98,3.89060055764732,24.2303618791917,28.120962436839
RD2_20_A_YA,YA_2019_A,57.89,-4.98,14,57.89,-4.98,0.390600557647336,20.7303618791917,21.120962436839
RD3_23_A_YA,YA_2019_A,57.89,-4.98,11,57.89,-4.98,-1.10939944235265,19.2303618791917,18.120962436839
RD5_18_A_YA,YA_2019_A,57.89,-4.98,6,57.89,-4.98,-3.60939944235264,16.7303618791916,13.120962436839
BE2_30_D_YA,YA_2015_D,57.63,-5.35,20,57.63,-5.35,1.405675617874,4.08961111429588,5.49528673216988
BE3_27_D_YA,YA_2015_D,57.63,-5.35,6,57.63,-5.35,-5.59432438212597,-2.91038888570416,-8.50471326783013
BE4_27_D_YA,YA_2015_D,57.63,-5.35,20,57.63,-5.35,1.405675617874,4.08961111429588,5.49528673216988
BE7_20_D_YA,YA_2015_D,57.63,-5.35,20,57.63,-5.35,1.405675617874,4.08961111429588,5.49528673216988
BE9_12_D_YA,YA_2015_D,57.63,-5.35,20,57.63,-5.35,1.405675617874,4.08961111429588,5.49528673216988
GA1_12_D_YA,YA_2015_D,57.27,-4.92,20,57.27,-4.92,4.74450834876421,7.42844384518613,12.1729521939503
GA10_1_D_YA,YA_2015_D,57.27,-4.92,13,57.27,-4.92,1.24450834876422,3.92844384518611,5.17295219395033
GA8_23_D_YA,YA_2015_D,57.27,-4.92,20,57.27,-4.92,4.74450834876421,7.42844384518613,12.1729521939503
GA9_1_D_YA,YA_2015_D,57.27,-4.92,0,57.27,-4.92,-5.25549165123573,-2.57155615481392,-7.82704780604966
GL1_20_D_YA,YA_2015_D,56.91,-5.13,0,56.91,-5.13,-4.78833455758503,-2.1043990611632,-6.89273361874823
GL2_27_D_YA,YA_2015_D,56.91,-5.13,20,56.91,-5.13,5.21166544241492,7.89560093883685,13.1072663812518
GL6_18_D_YA,YA_2015_D,56.91,-5.13,6,56.91,-5.13,-1.78833455758505,0.895600938836815,-0.892733618748231
GL8_30_D_YA,YA_2015_D,56.91,-5.13,6,56.91,-5.13,-1.78833455758505,0.895600938836815,-0.892733618748231
GT1_23_D_YA,YA_2015_D,57.05,-2.86,20,57.05,-2.86,2.27113342412048,4.95506892054237,7.22620234466285
GT2_23_D_YA,YA_2015_D,57.05,-2.86,20,57.05,-2.86,2.27113342412048,4.95506892054237,7.22620234466285
GT5_1_D_YA,YA_2015_D,57.05,-2.86,6,57.05,-2.86,-4.7288665758795,-2.04493107945767,-6.77379765533717
GT6_4_D_YA,YA_2015_D,57.05,-2.86,20,57.05,-2.86,2.27113342412048,4.95506892054237,7.22620234466285
GT8_11_D_YA,YA_2015_D,57.05,-2.86,6,57.05,-2.86,-4.7288665758795,-2.04493107945767,-6.77379765533717
GT9_30_D_YA,YA_2015_D,57.05,-2.86,20,57.05,-2.86,2.27113342412048,4.95506892054237,7.22620234466285
RD1_12_D_YA,YA_2015_D,57.89,-4.98,6,57.89,-4.98,-2.49597475976132,0.187960736660528,-2.30801402310079
RD3_19_D_YA,YA_2015_D,57.89,-4.98,13,57.89,-4.98,1.00402524023866,3.68796073666055,4.69198597689921
RD5_17_D_YA,YA_2015_D,57.89,-4.98,6,57.89,-4.98,-2.49597475976132,0.187960736660528,-2.30801402310079
RD7_14_D_YA,YA_2015_D,57.89,-4.98,6,57.89,-4.98,-2.49597475976132,0.187960736660528,-2.30801402310079
RD9_30_D_YA,YA_2015_D,57.89,-4.98,20,57.89,-4.98,4.50402524023864,7.18796073666057,11.6919859768992
BE2_30_D_YA,YA_2016_D,57.63,-5.35,24,57.63,-5.35,3.40593658260725,15.405358417946,18.8112950005533
BE3_27_D_YA,YA_2016_D,57.63,-5.35,7,57.63,-5.35,-5.0940634173928,6.90535841794607,1.81129500055327
BE4_27_D_YA,YA_2016_D,57.63,-5.35,7,57.63,-5.35,-5.0940634173928,6.90535841794607,1.81129500055327
BE7_20_D_YA,YA_2016_D,57.63,-5.35,24,57.63,-5.35,3.40593658260725,15.405358417946,18.8112950005533
BE9_12_D_YA,YA_2016_D,57.63,-5.35,24,57.63,-5.35,3.40593658260725,15.405358417946,18.8112950005533
GA1_12_D_YA,YA_2016_D,57.27,-4.92,24,57.27,-4.92,4.807478300083,16.8069001354218,21.6143784355048
GA10_1_D_YA,YA_2016_D,57.27,-4.92,14,57.27,-4.92,-0.192521699916991,11.8069001354218,11.6143784355049
GA8_23_D_YA,YA_2016_D,57.27,-4.92,24,57.27,-4.92,4.807478300083,16.8069001354218,21.6143784355048
GA9_1_D_YA,YA_2016_D,57.27,-4.92,7,57.27,-4.92,-3.69252169991701,8.30690013542187,4.61437843550485
GL1_20_D_YA,YA_2016_D,56.91,-5.13,7,56.91,-5.13,-2.94958215604587,9.04983967929298,6.1002575232471
GL2_27_D_YA,YA_2016_D,56.91,-5.13,24,56.91,-5.13,5.55041784395416,17.5498396792929,23.1002575232471
GL6_18_D_YA,YA_2016_D,56.91,-5.13,7,56.91,-5.13,-2.94958215604587,9.04983967929298,6.1002575232471
GL8_30_D_YA,YA_2016_D,56.91,-5.13,7,56.91,-5.13,-2.94958215604587,9.04983967929298,6.1002575232471
GT1_23_D_YA,YA_2016_D,57.05,-2.86,24,57.05,-2.86,2.43494014089403,14.4343619762328,16.8693021171268
GT2_23_D_YA,YA_2016_D,57.05,-2.86,24,57.05,-2.86,2.43494014089403,14.4343619762328,16.8693021171268
GT5_1_D_YA,YA_2016_D,57.05,-2.86,14,57.05,-2.86,-2.565059859106,9.43436197623282,6.86930211712682
GT6_4_D_YA,YA_2016_D,57.05,-2.86,24,57.05,-2.86,2.43494014089403,14.4343619762328,16.8693021171268
GT8_11_D_YA,YA_2016_D,57.05,-2.86,14,57.05,-2.86,-2.565059859106,9.43436197623282,6.86930211712682
GT9_30_D_YA,YA_2016_D,57.05,-2.86,14,57.05,-2.86,-2.565059859106,9.43436197623282,6.86930211712682
RD1_12_D_YA,YA_2016_D,57.89,-4.98,7,57.89,-4.98,-4.01418166691057,7.9852401684283,3.97105850151773
RD3_19_D_YA,YA_2016_D,57.89,-4.98,12,57.89,-4.98,-1.51418166691055,10.4852401684283,8.97105850151774
RD5_17_D_YA,YA_2016_D,57.89,-4.98,14,57.89,-4.98,-0.514181666910549,11.4852401684283,10.9710585015177
RD7_14_D_YA,YA_2016_D,57.89,-4.98,14,57.89,-4.98,-0.514181666910549,11.4852401684283,10.9710585015177
RD9_30_D_YA,YA_2016_D,57.89,-4.98,24,57.89,-4.98,4.48581833308948,16.4852401684283,20.9710585015177
BE2_30_D_YA,YA_2017_D,57.63,-5.35,10,57.63,-5.35,1.2996613277835,4.90133717452887,6.20099850231237
BE3_27_D_YA,YA_2017_D,57.63,-5.35,0,57.63,-5.35,-3.70033867221653,-0.0986628254710995,-3.79900149768763
BE4_27_D_YA,YA_2017_D,57.63,-5.35,5,57.63,-5.35,-1.20033867221652,2.40133717452888,1.20099850231236
BE7_20_D_YA,YA_2017_D,57.63,-5.35,10,57.63,-5.35,1.2996613277835,4.90133717452887,6.20099850231237
BE9_12_D_YA,YA_2017_D,57.63,-5.35,12,57.63,-5.35,2.29966132778351,5.90133717452886,8.20099850231237
GA1_12_D_YA,YA_2017_D,57.27,-4.92,10,57.27,-4.92,2.41827948285044,6.01995532959579,8.43823481244622
GA10_1_D_YA,YA_2017_D,57.27,-4.92,5,57.27,-4.92,-0.0817205171495834,3.5199553295958,3.43823481244622
GA8_23_D_YA,YA_2017_D,57.27,-4.92,0,57.27,-4.92,-2.58172051714959,1.01995532959582,-1.56176518755377
GA9_1_D_YA,YA_2017_D,57.27,-4.92,5,57.27,-4.92,-0.0817205171495834,3.5199553295958,3.43823481244622
GL1_20_D_YA,YA_2017_D,56.91,-5.13,0,56.91,-5.13,-2.07795895217362,1.52371689457178,-0.554242057601838
GL2_27_D_YA,YA_2017_D,56.91,-5.13,12,56.91,-5.13,3.92204104782642,7.52371689457174,11.4457579423982
GL6_18_D_YA,YA_2017_D,56.91,-5.13,5,56.91,-5.13,0.422041047826391,4.02371689457177,4.44575794239816
GL8_30_D_YA,YA_2017_D,56.91,-5.13,0,56.91,-5.13,-2.07795895217362,1.52371689457178,-0.554242057601838
GT1_23_D_YA,YA_2017_D,57.05,-2.86,12,57.05,-2.86,1.17037822399436,4.77205407073973,5.94243229473409
GT2_23_D_YA,YA_2017_D,57.05,-2.86,12,57.05,-2.86,1.17037822399436,4.77205407073973,5.94243229473409
GT5_1_D_YA,YA_2017_D,57.05,-2.86,0,57.05,-2.86,-4.82962177600568,-1.22794592926023,-6.05756770526591
GT6_4_D_YA,YA_2017_D,57.05,-2.86,10,57.05,-2.86,0.170378223994355,3.77205407073974,3.94243229473409
GT8_11_D_YA,YA_2017_D,57.05,-2.86,12,57.05,-2.86,1.17037822399436,4.77205407073973,5.94243229473409
GT9_30_D_YA,YA_2017_D,57.05,-2.86,12,57.05,-2.86,1.17037822399436,4.77205407073973,5.94243229473409
RD1_12_D_YA,YA_2017_D,57.89,-4.98,0,57.89,-4.98,-2.97637162111877,0.625304225626653,-2.35106739549212
RD3_19_D_YA,YA_2017_D,57.89,-4.98,0,57.89,-4.98,-2.97637162111877,0.625304225626653,-2.35106739549212
RD5_17_D_YA,YA_2017_D,57.89,-4.98,5,57.89,-4.98,-0.476371621118751,3.12530422562664,2.64893260450788
RD7_14_D_YA,YA_2017_D,57.89,-4.98,5,57.89,-4.98,-0.476371621118751,3.12530422562664,2.64893260450788
RD9_30_D_YA,YA_2017_D,57.89,-4.98,20,57.89,-4.98,7.0236283788813,10.6253042256266,17.6489326045079
BE2_30_D_YA,YA_2018_D,57.63,-5.35,15,57.63,-5.35,1.60256272073152,10.2402678026563,11.8428305233879
BE3_27_D_YA,YA_2018_D,57.63,-5.35,8,57.63,-5.35,-1.89743727926855,6.74026780265642,4.84283052338787
BE4_27_D_YA,YA_2018_D,57.63,-5.35,8,57.63,-5.35,-1.89743727926855,6.74026780265642,4.84283052338787
BE7_20_D_YA,YA_2018_D,57.63,-5.35,14,57.63,-5.35,1.10256272073151,9.74026780265636,10.8428305233879
BE9_12_D_YA,YA_2018_D,57.63,-5.35,14,57.63,-5.35,1.10256272073151,9.74026780265636,10.8428305233879
GA1_12_D_YA,YA_2018_D,57.27,-4.92,14,57.27,-4.92,2.11837627466459,10.7560813565894,12.874457631254
GA10_1_D_YA,YA_2018_D,57.27,-4.92,8,57.27,-4.92,-0.881623725335469,7.75608135658947,6.874457631254
GA8_23_D_YA,YA_2018_D,57.27,-4.92,14,57.27,-4.92,2.11837627466459,10.7560813565894,12.874457631254
GA9_1_D_YA,YA_2018_D,57.27,-4.92,8,57.27,-4.92,-0.881623725335469,7.75608135658947,6.874457631254
GL1_20_D_YA,YA_2018_D,56.91,-5.13,8,56.91,-5.13,-0.355957951880258,8.28174713004467,7.92578917816441
GL2_27_D_YA,YA_2018_D,56.91,-5.13,8,56.91,-5.13,-0.355957951880258,8.28174713004467,7.92578917816441
GL6_18_D_YA,YA_2018_D,56.91,-5.13,8,56.91,-5.13,-0.355957951880258,8.28174713004467,7.92578917816441
GL8_30_D_YA,YA_2018_D,56.91,-5.13,8,56.91,-5.13,-0.355957951880258,8.28174713004467,7.92578917816441
GT1_23_D_YA,YA_2018_D,57.05,-2.86,15,57.05,-2.86,1.30524810977237,9.94295319169723,11.2482013014696
GT2_23_D_YA,YA_2018_D,57.05,-2.86,15,57.05,-2.86,1.30524810977237,9.94295319169723,11.2482013014696
GT5_1_D_YA,YA_2018_D,57.05,-2.86,8,57.05,-2.86,-2.1947518902277,6.4429531916973,4.24820130146959
GT6_4_D_YA,YA_2018_D,57.05,-2.86,14,57.05,-2.86,0.805248109772355,9.44295319169724,10.2482013014696
GT8_11_D_YA,YA_2018_D,57.05,-2.86,14,57.05,-2.86,0.805248109772355,9.44295319169724,10.2482013014696
GT9_30_D_YA,YA_2018_D,57.05,-2.86,8,57.05,-2.86,-2.1947518902277,6.4429531916973,4.24820130146959
RD1_12_D_YA,YA_2018_D,57.89,-4.98,8,57.89,-4.98,-1.47879511068584,7.15890997123913,5.68011486055329
RD3_19_D_YA,YA_2018_D,57.89,-4.98,8,57.89,-4.98,-1.47879511068584,7.15890997123913,5.68011486055329
RD5_17_D_YA,YA_2018_D,57.89,-4.98,8,57.89,-4.98,-1.47879511068584,7.15890997123913,5.68011486055329
RD7_14_D_YA,YA_2018_D,57.89,-4.98,8,57.89,-4.98,-1.47879511068584,7.15890997123913,5.68011486055329
RD9_30_D_YA,YA_2018_D,57.89,-4.98,21,57.89,-4.98,5.02120488931429,13.658909971239,18.6801148605533
BE2_30_D_YA,YA_2019_D,57.63,-5.35,21,57.63,-5.35,0.00186686676562786,18.1154093801662,18.1172762469318
BE3_27_D_YA,YA_2019_D,57.63,-5.35,21,57.63,-5.35,0.00186686676562786,18.1154093801662,18.1172762469318
BE4_27_D_YA,YA_2019_D,57.63,-5.35,21,57.63,-5.35,0.00186686676562786,18.1154093801662,18.1172762469318
BE7_20_D_YA,YA_2019_D,57.63,-5.35,21,57.63,-5.35,0.00186686676562786,18.1154093801662,18.1172762469318
BE9_12_D_YA,YA_2019_D,57.63,-5.35,21,57.63,-5.35,0.00186686676562786,18.1154093801662,18.1172762469318
GA1_12_D_YA,YA_2019_D,57.27,-4.92,21,57.27,-4.92,0.825468949495086,18.9390114628957,19.7644804123908
GA10_1_D_YA,YA_2019_D,57.27,-4.92,21,57.27,-4.92,0.825468949495086,18.9390114628957,19.7644804123908
GA8_23_D_YA,YA_2019_D,57.27,-4.92,21,57.27,-4.92,0.825468949495086,18.9390114628957,19.7644804123908
GA9_1_D_YA,YA_2019_D,57.27,-4.92,18,57.27,-4.92,-0.674531050504918,17.4390114628957,16.7644804123908
GL1_20_D_YA,YA_2019_D,56.91,-5.13,14,56.91,-5.13,-1.13430491064505,16.9792376027555,15.8449326921105
GL2_27_D_YA,YA_2019_D,56.91,-5.13,21,56.91,-5.13,2.36569508935495,20.4792376027555,22.8449326921105
GL6_18_D_YA,YA_2019_D,56.91,-5.13,14,56.91,-5.13,-1.13430491064505,16.9792376027555,15.8449326921105
GL8_30_D_YA,YA_2019_D,56.91,-5.13,14,56.91,-5.13,-1.13430491064505,16.9792376027555,15.8449326921105
GT1_23_D_YA,YA_2019_D,57.05,-2.86,21,57.05,-2.86,-0.520459260278756,17.5930832531218,17.0726239928431
GT2_23_D_YA,YA_2019_D,57.05,-2.86,21,57.05,-2.86,-0.520459260278756,17.5930832531218,17.0726239928431
GT5_1_D_YA,YA_2019_D,57.05,-2.86,21,57.05,-2.86,-0.520459260278756,17.5930832531218,17.0726239928431
GT6_4_D_YA,YA_2019_D,57.05,-2.86,27,57.05,-2.86,2.47954073972125,20.5930832531218,23.0726239928431
GT8_11_D_YA,YA_2019_D,57.05,-2.86,21,57.05,-2.86,-0.520459260278756,17.5930832531218,17.0726239928431
GT9_30_D_YA,YA_2019_D,57.05,-2.86,21,57.05,-2.86,-0.520459260278756,17.5930832531218,17.0726239928431
RD1_12_D_YA,YA_2019_D,57.89,-4.98,21,57.89,-4.98,0.669753014490652,18.7832955278912,19.4530485423819
RD3_19_D_YA,YA_2019_D,57.89,-4.98,21,57.89,-4.98,0.669753014490652,18.7832955278912,19.4530485423819
RD5_17_D_YA,YA_2019_D,57.89,-4.98,14,57.89,-4.98,-2.83024698550935,15.2832955278913,12.4530485423819
RD7_14_D_YA,YA_2019_D,57.89,-4.98,14,57.89,-4.98,-2.83024698550935,15.2832955278913,12.4530485423819
RD9_30_D_YA,YA_2019_D,57.89,-4.98,27,57.89,-4.98,3.66975301449066,21.7832955278912,25.4530485423819
