Genotype,Envir,Latitude,Longitude,T5,Lat,Lon,T5_spats_residuals,T5_spats_geno_pred_values,T5_spats_adj_pheno
BE10_6_A_GS,GS_2015_A,57.63,-5.35,28,57.63,-5.35,0.0989139207670036,17.7813182270071,17.8802321477742
BE2_26_A_GS,GS_2015_A,57.63,-5.35,20,57.63,-5.35,-3.90108607923295,13.7813182270071,9.88023214777416
BE4_10_A_GS,GS_2015_A,57.63,-5.35,35,57.63,-5.35,3.59891392076697,21.2813182270072,24.8802321477742
BE5_2_A_GS,GS_2015_A,57.63,-5.35,28,57.63,-5.35,0.0989139207670036,17.7813182270071,17.8802321477742
BE7_29_A_GS,GS_2015_A,57.63,-5.35,28,57.63,-5.35,0.0989139207670036,17.7813182270071,17.8802321477742
GA1_6_A_GS,GS_2015_A,57.27,-4.92,20,57.27,-4.92,-2.26206742764266,15.4203368785974,13.1582694509548
GA10_15_A_GS,GS_2015_A,57.27,-4.92,20,57.27,-4.92,-2.26206742764266,15.4203368785974,13.1582694509548
GA6_15_A_GS,GS_2015_A,57.27,-4.92,28,57.27,-4.92,1.73793257235729,19.4203368785975,21.1582694509548
GA9_6_A_GS,GS_2015_A,57.27,-4.92,28,57.27,-4.92,1.73793257235729,19.4203368785975,21.1582694509548
GL1_26_A_GS,GS_2015_A,56.91,-5.13,20,56.91,-5.13,-3.05665444106802,14.6257498651721,11.569095424104
GL2_2_A_GS,GS_2015_A,56.91,-5.13,28,56.91,-5.13,0.943345558931934,18.6257498651721,19.569095424104
GL4_10_A_GS,GS_2015_A,56.91,-5.13,28,56.91,-5.13,0.943345558931934,18.6257498651721,19.569095424104
GL5_6_A_GS,GS_2015_A,56.91,-5.13,28,56.91,-5.13,0.943345558931934,18.6257498651721,19.569095424104
GL6_2_A_GS,GS_2015_A,56.91,-5.13,20,56.91,-5.13,-3.05665444106802,14.6257498651721,11.569095424104
GL7_2_A_GS,GS_2015_A,56.91,-5.13,35,56.91,-5.13,4.4433455589319,22.1257498651722,26.5690954241041
GL8_29_A_GS,GS_2015_A,56.91,-5.13,25,56.91,-5.13,-0.556654441068051,17.1257498651721,16.569095424104
GT1_22_A_GS,GS_2015_A,57.05,-2.86,28,57.05,-2.86,3.61428299744634,21.2966873036866,24.9109703011329
GT5_6_A_GS,GS_2015_A,57.05,-2.86,14,57.05,-2.86,-3.38571700255358,14.2966873036865,10.9109703011329
GT7_5_A_GS,GS_2015_A,57.05,-2.86,20,57.05,-2.86,-0.385717002553616,17.2966873036865,16.9109703011329
GT8_29_A_GS,GS_2015_A,57.05,-2.86,14,57.05,-2.86,-3.38571700255358,14.2966873036865,10.9109703011329
GT9_9_A_GS,GS_2015_A,57.05,-2.86,28,57.05,-2.86,3.61428299744634,21.2966873036866,24.9109703011329
RD1_6_A_GS,GS_2015_A,57.89,-4.98,35,57.89,-4.98,6.12628873565622,23.8086930418965,29.9349817775527
RD5_5_A_GS,GS_2015_A,57.89,-4.98,14,57.89,-4.98,-4.37371126434367,13.3086930418964,8.9349817775527
RD7_29_A_GS,GS_2015_A,57.89,-4.98,20,57.89,-4.98,-1.3737112643437,16.3086930418964,14.9349817775527
BE10_6_A_GS,GS_2016_A,57.63,-5.35,16,57.63,-5.35,-1.09714250095504,-0.423275625657768,-1.52041812661281
BE2_26_A_GS,GS_2016_A,57.63,-5.35,11,57.63,-5.35,-3.59714250095501,-2.9232756256578,-6.52041812661281
BE4_10_A_GS,GS_2016_A,57.63,-5.35,32,57.63,-5.35,6.90285749904486,7.57672437434233,14.4795818733872
BE5_2_A_GS,GS_2016_A,57.63,-5.35,16,57.63,-5.35,-1.09714250095504,-0.423275625657768,-1.52041812661281
BE7_29_A_GS,GS_2016_A,57.63,-5.35,16,57.63,-5.35,-1.09714250095504,-0.423275625657768,-1.52041812661281
GA1_6_A_GS,GS_2016_A,57.27,-4.92,11,57.27,-4.92,-0.560494665823896,0.113372209473386,-0.44712245635051
GA10_15_A_GS,GS_2016_A,57.27,-4.92,16,57.27,-4.92,1.93950533417607,2.61337220947342,4.55287754364949
GA6_15_A_GS,GS_2016_A,57.27,-4.92,16,57.27,-4.92,1.93950533417607,2.61337220947342,4.55287754364949
GA9_6_A_GS,GS_2016_A,57.27,-4.92,11,57.27,-4.92,-0.560494665823896,0.113372209473386,-0.44712245635051
GL1_26_A_GS,GS_2016_A,56.91,-5.13,11,56.91,-5.13,-1.58394411680085,-0.91007724150358,-2.49402135830443
GL2_2_A_GS,GS_2016_A,56.91,-5.13,11,56.91,-5.13,-1.58394411680085,-0.91007724150358,-2.49402135830443
GL4_10_A_GS,GS_2016_A,56.91,-5.13,11,56.91,-5.13,-1.58394411680085,-0.91007724150358,-2.49402135830443
GL5_6_A_GS,GS_2016_A,56.91,-5.13,11,56.91,-5.13,-1.58394411680085,-0.91007724150358,-2.49402135830443
GL6_2_A_GS,GS_2016_A,56.91,-5.13,11,56.91,-5.13,-1.58394411680085,-0.91007724150358,-2.49402135830443
GL7_2_A_GS,GS_2016_A,56.91,-5.13,25,56.91,-5.13,5.4160558831991,6.08992275849651,11.5059786416956
GL8_29_A_GS,GS_2016_A,56.91,-5.13,16,56.91,-5.13,0.916055883199125,1.58992275849645,2.50597864169558
GT1_22_A_GS,GS_2016_A,57.05,-2.86,16,57.05,-2.86,2.96242111041412,3.63628798571149,6.59870909612562
GT5_6_A_GS,GS_2016_A,57.05,-2.86,8,57.05,-2.86,-1.03757888958583,-0.363712014288557,-1.40129090387438
GT7_5_A_GS,GS_2016_A,57.05,-2.86,11,57.05,-2.86,0.462421110414155,1.13628798571146,1.59870909612562
GT8_29_A_GS,GS_2016_A,57.05,-2.86,11,57.05,-2.86,0.462421110414155,1.13628798571146,1.59870909612562
GT9_9_A_GS,GS_2016_A,57.05,-2.86,4,57.05,-2.86,-3.03757888958581,-2.36371201428858,-5.4012909038744
RD1_6_A_GS,GS_2016_A,57.89,-4.98,11,57.89,-4.98,0.83439814453461,1.50826501983193,2.34266316436654
RD5_5_A_GS,GS_2016_A,57.89,-4.98,11,57.89,-4.98,0.83439814453461,1.50826501983193,2.34266316436654
RD7_29_A_GS,GS_2016_A,57.89,-4.98,4,57.89,-4.98,-2.66560185546535,-1.99173498016812,-4.65733683563347
BE10_6_A_GS,GS_2017_A,57.63,-5.35,14,57.63,-5.35,-2.80076648581846,3.76201724090185,0.961250755083389
BE2_26_A_GS,GS_2017_A,57.63,-5.35,14,57.63,-5.35,-2.80076648581846,3.76201724090185,0.961250755083389
BE4_10_A_GS,GS_2017_A,57.63,-5.35,28,57.63,-5.35,4.19923351418157,10.7620172409018,14.9612507550834
BE5_2_A_GS,GS_2017_A,57.63,-5.35,21,57.63,-5.35,0.699233514181557,7.26201724090183,7.96125075508339
BE7_29_A_GS,GS_2017_A,57.63,-5.35,21,57.63,-5.35,0.699233514181557,7.26201724090183,7.96125075508339
GA1_6_A_GS,GS_2017_A,57.27,-4.92,14,57.27,-4.92,-0.184950564020575,6.3778331626997,6.19288259867913
GA10_15_A_GS,GS_2017_A,57.27,-4.92,14,57.27,-4.92,-0.184950564020575,6.3778331626997,6.19288259867913
GA6_15_A_GS,GS_2017_A,57.27,-4.92,14,57.27,-4.92,-0.184950564020575,6.3778331626997,6.19288259867913
GA9_6_A_GS,GS_2017_A,57.27,-4.92,14,57.27,-4.92,-0.184950564020575,6.3778331626997,6.19288259867913
GL1_26_A_GS,GS_2017_A,56.91,-5.13,14,56.91,-5.13,-0.439163602056567,6.12362012466374,5.68445652260718
GL2_2_A_GS,GS_2017_A,56.91,-5.13,14,56.91,-5.13,-0.439163602056567,6.12362012466374,5.68445652260718
GL4_10_A_GS,GS_2017_A,56.91,-5.13,14,56.91,-5.13,-0.439163602056567,6.12362012466374,5.68445652260718
GL5_6_A_GS,GS_2017_A,56.91,-5.13,14,56.91,-5.13,-0.439163602056567,6.12362012466374,5.68445652260718
GL6_2_A_GS,GS_2017_A,56.91,-5.13,14,56.91,-5.13,-0.439163602056567,6.12362012466374,5.68445652260718
GL7_2_A_GS,GS_2017_A,56.91,-5.13,21,56.91,-5.13,3.06083639794344,9.62362012466373,12.6844565226072
GL8_29_A_GS,GS_2017_A,56.91,-5.13,14,56.91,-5.13,-0.439163602056567,6.12362012466374,5.68445652260718
GT1_22_A_GS,GS_2017_A,57.05,-2.86,14,57.05,-2.86,0.310080033437545,6.87286376015782,7.18294379359537
GT5_6_A_GS,GS_2017_A,57.05,-2.86,4,57.05,-2.86,-4.68991996656247,1.87286376015784,-2.81705620640463
GT7_5_A_GS,GS_2017_A,57.05,-2.86,14,57.05,-2.86,0.310080033437545,6.87286376015782,7.18294379359537
GT8_29_A_GS,GS_2017_A,57.05,-2.86,14,57.05,-2.86,0.310080033437545,6.87286376015782,7.18294379359537
GT9_9_A_GS,GS_2017_A,57.05,-2.86,21,57.05,-2.86,3.81008003343753,10.3728637601578,14.1829437935953
RD1_6_A_GS,GS_2017_A,57.89,-4.98,14,57.89,-4.98,0.0891265774578418,6.65191030417812,6.74103688163596
RD5_5_A_GS,GS_2017_A,57.89,-4.98,14,57.89,-4.98,0.0891265774578418,6.65191030417812,6.74103688163596
RD7_29_A_GS,GS_2017_A,57.89,-4.98,14,57.89,-4.98,0.0891265774578418,6.65191030417812,6.74103688163596
BE10_6_A_GS,GS_2018_A,57.63,-5.35,14,57.63,-5.35,0.876005061163527,2.74839922140017,3.6244042825637
BE2_26_A_GS,GS_2018_A,57.63,-5.35,7,57.63,-5.35,-2.62399493883651,-0.751600778599788,-3.3755957174363
BE5_2_A_GS,GS_2018_A,57.63,-5.35,14,57.63,-5.35,0.876005061163527,2.74839922140017,3.6244042825637
BE7_29_A_GS,GS_2018_A,57.63,-5.35,14,57.63,-5.35,0.876005061163527,2.74839922140017,3.6244042825637
GA1_6_A_GS,GS_2018_A,57.27,-4.92,7,57.27,-4.92,-0.680985577624945,1.19140858261174,0.510423004986798
GA10_15_A_GS,GS_2018_A,57.27,-4.92,14,57.27,-4.92,2.8190144223751,4.69140858261171,7.51042300498681
GA6_15_A_GS,GS_2018_A,57.27,-4.92,7,57.27,-4.92,-0.680985577624945,1.19140858261174,0.510423004986798
GA9_6_A_GS,GS_2018_A,57.27,-4.92,7,57.27,-4.92,-0.680985577624945,1.19140858261174,0.510423004986798
GL1_26_A_GS,GS_2018_A,56.91,-5.13,7,56.91,-5.13,-1.0638178027139,0.808576357522801,-0.255241445191095
GL2_2_A_GS,GS_2018_A,56.91,-5.13,7,56.91,-5.13,-1.0638178027139,0.808576357522801,-0.255241445191095
GL4_10_A_GS,GS_2018_A,56.91,-5.13,7,56.91,-5.13,-1.0638178027139,0.808576357522801,-0.255241445191095
GL5_6_A_GS,GS_2018_A,56.91,-5.13,14,56.91,-5.13,2.43618219728614,4.30857635752276,6.7447585548089
GL6_2_A_GS,GS_2018_A,56.91,-5.13,7,56.91,-5.13,-1.0638178027139,0.808576357522801,-0.255241445191095
GL7_2_A_GS,GS_2018_A,56.91,-5.13,14,56.91,-5.13,2.43618219728614,4.30857635752276,6.7447585548089
GL8_29_A_GS,GS_2018_A,56.91,-5.13,7,56.91,-5.13,-1.0638178027139,0.808576357522801,-0.255241445191095
GT1_22_A_GS,GS_2018_A,57.05,-2.86,14,57.05,-2.86,2.78942597512302,4.66182013535964,7.45124611048265
GT5_6_A_GS,GS_2018_A,57.05,-2.86,7,57.05,-2.86,-0.710574024877022,1.16182013535967,0.45124611048265
GT7_5_A_GS,GS_2018_A,57.05,-2.86,7,57.05,-2.86,-0.710574024877022,1.16182013535967,0.45124611048265
GT8_29_A_GS,GS_2018_A,57.05,-2.86,7,57.05,-2.86,-0.710574024877022,1.16182013535967,0.45124611048265
GT9_9_A_GS,GS_2018_A,57.05,-2.86,7,57.05,-2.86,-0.710574024877022,1.16182013535967,0.45124611048265
RD1_6_A_GS,GS_2018_A,57.89,-4.98,7,57.89,-4.98,-0.0934943969240196,1.77889976331266,1.68540536638864
RD5_5_A_GS,GS_2018_A,57.89,-4.98,7,57.89,-4.98,-0.0934943969240196,1.77889976331266,1.68540536638864
RD7_29_A_GS,GS_2018_A,57.89,-4.98,7,57.89,-4.98,-0.0934943969240196,1.77889976331266,1.68540536638864
BE10_6_A_GS,GS_2019_A,57.63,-5.35,10,57.63,-5.35,-0.870620821698484,14.5276708747344,13.6570500530359
BE2_26_A_GS,GS_2019_A,57.63,-5.35,10,57.63,-5.35,-0.870620821698484,14.5276708747344,13.6570500530359
BE5_2_A_GS,GS_2019_A,57.63,-5.35,17,57.63,-5.35,2.62937917830153,18.0276708747344,20.6570500530359
BE7_29_A_GS,GS_2019_A,57.63,-5.35,10,57.63,-5.35,-0.870620821698484,14.5276708747344,13.6570500530359
GA1_6_A_GS,GS_2019_A,57.27,-4.92,10,57.27,-4.92,-1.77965468212299,13.6186370143098,11.8389823321869
GA10_15_A_GS,GS_2019_A,57.27,-4.92,24,57.27,-4.92,5.22034531787699,20.6186370143098,25.8389823321868
GA6_15_A_GS,GS_2019_A,57.27,-4.92,17,57.27,-4.92,1.72034531787702,17.1186370143098,18.8389823321868
GA9_6_A_GS,GS_2019_A,57.27,-4.92,10,57.27,-4.92,-1.77965468212299,13.6186370143098,11.8389823321869
GL1_26_A_GS,GS_2019_A,56.91,-5.13,10,56.91,-5.13,-1.56377650428981,13.834515192143,12.2707386878532
GL2_2_A_GS,GS_2019_A,56.91,-5.13,10,56.91,-5.13,-1.56377650428981,13.834515192143,12.2707386878532
GL4_10_A_GS,GS_2019_A,56.91,-5.13,10,56.91,-5.13,-1.56377650428981,13.834515192143,12.2707386878532
GL5_6_A_GS,GS_2019_A,56.91,-5.13,17,56.91,-5.13,1.9362234957102,17.334515192143,19.2707386878532
GL6_2_A_GS,GS_2019_A,56.91,-5.13,10,56.91,-5.13,-1.56377650428981,13.834515192143,12.2707386878532
GL7_2_A_GS,GS_2019_A,56.91,-5.13,21,56.91,-5.13,3.93622349571022,19.334515192143,23.2707386878532
GL8_29_A_GS,GS_2019_A,56.91,-5.13,10,56.91,-5.13,-1.56377650428981,13.834515192143,12.2707386878532
GT1_22_A_GS,GS_2019_A,57.05,-2.86,17,57.05,-2.86,2.75392763944303,18.1522193358758,20.9061469753189
GT5_6_A_GS,GS_2019_A,57.05,-2.86,10,57.05,-2.86,-0.746072360556983,14.6522193358759,13.9061469753189
GT7_5_A_GS,GS_2019_A,57.05,-2.86,10,57.05,-2.86,-0.746072360556983,14.6522193358759,13.9061469753189
GT8_29_A_GS,GS_2019_A,57.05,-2.86,10,57.05,-2.86,-0.746072360556983,14.6522193358759,13.9061469753189
GT9_9_A_GS,GS_2019_A,57.05,-2.86,10,57.05,-2.86,-0.746072360556983,14.6522193358759,13.9061469753189
RD1_6_A_GS,GS_2019_A,57.89,-4.98,17,57.89,-4.98,1.92596644936629,17.3242581457991,19.2502245951654
RD5_5_A_GS,GS_2019_A,57.89,-4.98,10,57.89,-4.98,-1.57403355063372,13.8242581457991,12.2502245951654
RD7_29_A_GS,GS_2019_A,57.89,-4.98,10,57.89,-4.98,-1.57403355063372,13.8242581457991,12.2502245951654
BE2_3_C_GS,GS_2015_C,57.63,-5.35,20,57.63,-5.35,-2.49742909992788,28.5931886439631,26.0957595440352
BE3_10_C_GS,GS_2015_C,57.63,-5.35,14,57.63,-5.35,-5.49742909992784,25.593188643963,20.0957595440352
BE5_9_C_GS,GS_2015_C,57.63,-5.35,35,57.63,-5.35,5.00257090007202,36.0931886439632,41.0957595440352
BE7_5_C_GS,GS_2015_C,57.63,-5.35,28,57.63,-5.35,1.50257090007207,32.5931886439631,34.0957595440352
BE8_15_C_GS,GS_2015_C,57.63,-5.35,25,57.63,-5.35,0.0025709000720866,31.0931886439631,31.0957595440352
BE9_15_C_GS,GS_2015_C,57.63,-5.35,28,57.63,-5.35,1.50257090007207,32.5931886439631,34.0957595440352
GA1_3_C_GS,GS_2015_C,57.27,-4.92,28,57.27,-4.92,-0.10446407367159,30.9861536702194,30.8816895965478
GA5_2_C_GS,GS_2015_C,57.27,-4.92,28,57.27,-4.92,-0.10446407367159,30.9861536702194,30.8816895965478
GA7_2_C_GS,GS_2015_C,57.27,-4.92,35,57.27,-4.92,3.39553592632836,34.4861536702194,37.8816895965478
GA8_15_C_GS,GS_2015_C,57.27,-4.92,28,57.27,-4.92,-0.10446407367159,30.9861536702194,30.8816895965478
GA9_15_C_GS,GS_2015_C,57.27,-4.92,28,57.27,-4.92,-0.10446407367159,30.9861536702194,30.8816895965478
GL1_29_C_GS,GS_2015_C,56.91,-5.13,20,56.91,-5.13,-2.10200734833703,28.9886103955539,26.8866030472169
GL2_3_C_GS,GS_2015_C,56.91,-5.13,28,56.91,-5.13,1.89799265166291,32.988610395554,34.8866030472169
GL3_22_C_GS,GS_2015_C,56.91,-5.13,20,56.91,-5.13,-2.10200734833703,28.9886103955539,26.8866030472169
GL4_6_C_GS,GS_2015_C,56.91,-5.13,28,56.91,-5.13,1.89799265166291,32.988610395554,34.8866030472169
GL5_5_C_GS,GS_2015_C,56.91,-5.13,28,56.91,-5.13,1.89799265166291,32.988610395554,34.8866030472169
GL6_10_C_GS,GS_2015_C,56.91,-5.13,14,56.91,-5.13,-5.10200734833699,25.9886103955539,20.8866030472169
GL8_22_C_GS,GS_2015_C,56.91,-5.13,28,56.91,-5.13,1.89799265166291,32.988610395554,34.8866030472169
GT2_9_C_GS,GS_2015_C,57.05,-2.86,28,57.05,-2.86,1.71619016544877,32.8068079093398,34.5229980747886
GT3_10_C_GS,GS_2015_C,57.05,-2.86,28,57.05,-2.86,1.71619016544877,32.8068079093398,34.5229980747886
GT5_26_C_GS,GS_2015_C,57.05,-2.86,14,57.05,-2.86,-5.28380983455115,25.8068079093397,20.5229980747886
GT6_5_C_GS,GS_2015_C,57.05,-2.86,28,57.05,-2.86,1.71619016544877,32.8068079093398,34.5229980747886
GT7_2_C_GS,GS_2015_C,57.05,-2.86,28,57.05,-2.86,1.71619016544877,32.8068079093398,34.5229980747886
GT9_29_C_GS,GS_2015_C,57.05,-2.86,21,57.05,-2.86,-1.7838098345512,29.3068079093398,27.5229980747886
RD1_10_C_GS,GS_2015_C,57.89,-4.98,28,57.89,-4.98,0.63197220194176,31.7225899458328,32.3545621477745
RD10_6_C_GS,GS_2015_C,57.89,-4.98,28,57.89,-4.98,0.63197220194176,31.7225899458328,32.3545621477745
RD2_2_C_GS,GS_2015_C,57.89,-4.98,28,57.89,-4.98,0.63197220194176,31.7225899458328,32.3545621477745
RD3_29_C_GS,GS_2015_C,57.89,-4.98,28,57.89,-4.98,0.63197220194176,31.7225899458328,32.3545621477745
RD5_10_C_GS,GS_2015_C,57.89,-4.98,28,57.89,-4.98,0.63197220194176,31.7225899458328,32.3545621477745
RD7_5_C_GS,GS_2015_C,57.89,-4.98,20,57.89,-4.98,-3.36802779805819,27.7225899458327,24.3545621477745
RD8_15_C_GS,GS_2015_C,57.89,-4.98,25,57.89,-4.98,-0.868027798058218,30.2225899458328,29.3545621477745
BE2_3_C_GS,GS_2016_C,57.63,-5.35,11,57.63,-5.35,-3.91423815325624,9.22968810293076,5.31544994967452
BE3_10_C_GS,GS_2016_C,57.63,-5.35,11,57.63,-5.35,-3.91423815325624,9.22968810293076,5.31544994967452
BE5_9_C_GS,GS_2016_C,57.63,-5.35,25,57.63,-5.35,3.08576184674375,16.2296881029308,19.3154499496745
BE7_5_C_GS,GS_2016_C,57.63,-5.35,25,57.63,-5.35,3.08576184674375,16.2296881029308,19.3154499496745
BE8_15_C_GS,GS_2016_C,57.63,-5.35,25,57.63,-5.35,3.08576184674375,16.2296881029308,19.3154499496745
BE9_15_C_GS,GS_2016_C,57.63,-5.35,16,57.63,-5.35,-1.41423815325625,11.7296881029308,10.3154499496745
GA1_3_C_GS,GS_2016_C,57.27,-4.92,16,57.27,-4.92,0.162552780408108,13.3064790365951,13.4690318170032
GA5_2_C_GS,GS_2016_C,57.27,-4.92,16,57.27,-4.92,0.162552780408108,13.3064790365951,13.4690318170032
GA7_2_C_GS,GS_2016_C,57.27,-4.92,25,57.27,-4.92,4.66255278040812,17.8064790365951,22.4690318170032
GA8_15_C_GS,GS_2016_C,57.27,-4.92,16,57.27,-4.92,0.162552780408108,13.3064790365951,13.4690318170032
GA9_15_C_GS,GS_2016_C,57.27,-4.92,11,57.27,-4.92,-2.33744721959189,10.8064790365951,8.46903181700322
GL1_29_C_GS,GS_2016_C,56.91,-5.13,11,56.91,-5.13,-1.87416006557725,11.2697661906098,9.3956061250325
GL2_3_C_GS,GS_2016_C,56.91,-5.13,16,56.91,-5.13,0.625839934422745,13.7697661906098,14.3956061250325
GL3_22_C_GS,GS_2016_C,56.91,-5.13,0,56.91,-5.13,-7.37416006557724,5.76976619060975,-1.60439387496749
GL4_6_C_GS,GS_2016_C,56.91,-5.13,16,56.91,-5.13,0.625839934422745,13.7697661906098,14.3956061250325
GL5_5_C_GS,GS_2016_C,56.91,-5.13,25,56.91,-5.13,5.12583993442273,18.2697661906098,23.3956061250325
GL6_10_C_GS,GS_2016_C,56.91,-5.13,16,56.91,-5.13,0.625839934422745,13.7697661906098,14.3956061250325
GL8_22_C_GS,GS_2016_C,56.91,-5.13,16,56.91,-5.13,0.625839934422745,13.7697661906098,14.3956061250325
GT2_9_C_GS,GS_2016_C,57.05,-2.86,11,57.05,-2.86,-0.948603978239603,12.1953222779474,11.2467182997078
GT3_10_C_GS,GS_2016_C,57.05,-2.86,25,57.05,-2.86,6.05139602176039,19.1953222779474,25.2467182997078
GT5_26_C_GS,GS_2016_C,57.05,-2.86,4,57.05,-2.86,-4.4486039782396,8.69532227794737,4.24671829970777
GT6_5_C_GS,GS_2016_C,57.05,-2.86,16,57.05,-2.86,1.5513960217604,14.6953222779474,16.2467182997078
GT7_2_C_GS,GS_2016_C,57.05,-2.86,11,57.05,-2.86,-0.948603978239603,12.1953222779474,11.2467182997078
GT9_29_C_GS,GS_2016_C,57.05,-2.86,10,57.05,-2.86,-1.4486039782396,11.6953222779474,10.2467182997078
RD1_10_C_GS,GS_2016_C,57.89,-4.98,11,57.89,-4.98,-3.3595129505761,9.7844133056109,6.4249003550348
RD10_6_C_GS,GS_2016_C,57.89,-4.98,11,57.89,-4.98,-3.3595129505761,9.7844133056109,6.4249003550348
RD2_2_C_GS,GS_2016_C,57.89,-4.98,11,57.89,-4.98,-3.3595129505761,9.7844133056109,6.4249003550348
RD3_29_C_GS,GS_2016_C,57.89,-4.98,16,57.89,-4.98,-0.8595129505761,12.2844133056109,11.4249003550348
RD5_10_C_GS,GS_2016_C,57.89,-4.98,25,57.89,-4.98,3.64048704942389,16.7844133056109,20.4249003550348
RD7_5_C_GS,GS_2016_C,57.89,-4.98,16,57.89,-4.98,-0.8595129505761,12.2844133056109,11.4249003550348
RD8_15_C_GS,GS_2016_C,57.89,-4.98,32,57.89,-4.98,7.14048704942389,20.2844133056109,27.4249003550348
BE2_3_C_GS,GS_2017_C,57.63,-5.35,14,57.63,-5.35,-0.583158189815043,11.5492574220866,10.9660992322716
BE3_10_C_GS,GS_2017_C,57.63,-5.35,14,57.63,-5.35,-0.583158189815043,11.5492574220866,10.9660992322716
BE5_9_C_GS,GS_2017_C,57.63,-5.35,14,57.63,-5.35,-0.583158189815043,11.5492574220866,10.9660992322716
BE7_5_C_GS,GS_2017_C,57.63,-5.35,21,57.63,-5.35,2.91684181018496,15.0492574220867,17.9660992322716
BE8_15_C_GS,GS_2017_C,57.63,-5.35,14,57.63,-5.35,-0.583158189815043,11.5492574220866,10.9660992322716
BE9_15_C_GS,GS_2017_C,57.63,-5.35,14,57.63,-5.35,-0.583158189815043,11.5492574220866,10.9660992322716
GA1_3_C_GS,GS_2017_C,57.27,-4.92,14,57.27,-4.92,0.0405711053222984,12.172986717224,12.2135578225463
GA5_2_C_GS,GS_2017_C,57.27,-4.92,14,57.27,-4.92,0.0405711053222984,12.172986717224,12.2135578225463
GA7_2_C_GS,GS_2017_C,57.27,-4.92,14,57.27,-4.92,0.0405711053222984,12.172986717224,12.2135578225463
GA8_15_C_GS,GS_2017_C,57.27,-4.92,14,57.27,-4.92,0.0405711053222984,12.172986717224,12.2135578225463
GA9_15_C_GS,GS_2017_C,57.27,-4.92,14,57.27,-4.92,0.0405711053222984,12.172986717224,12.2135578225463
GL1_29_C_GS,GS_2017_C,56.91,-5.13,14,56.91,-5.13,-0.0166814840598306,12.1157341278419,12.099052643782
GL2_3_C_GS,GS_2017_C,56.91,-5.13,21,56.91,-5.13,3.48331851594014,15.6157341278419,19.099052643782
GL3_22_C_GS,GS_2017_C,56.91,-5.13,0,56.91,-5.13,-7.01668148405981,5.11573412784182,-1.90094735621799
GL4_6_C_GS,GS_2017_C,56.91,-5.13,14,56.91,-5.13,-0.0166814840598306,12.1157341278419,12.099052643782
GL5_5_C_GS,GS_2017_C,56.91,-5.13,21,56.91,-5.13,3.48331851594014,15.6157341278419,19.099052643782
GL6_10_C_GS,GS_2017_C,56.91,-5.13,14,56.91,-5.13,-0.0166814840598306,12.1157341278419,12.099052643782
GL8_22_C_GS,GS_2017_C,56.91,-5.13,14,56.91,-5.13,-0.0166814840598306,12.1157341278419,12.099052643782
GT2_9_C_GS,GS_2017_C,57.05,-2.86,14,57.05,-2.86,0.747696692511811,12.8801123044135,13.6278089969253
GT3_10_C_GS,GS_2017_C,57.05,-2.86,14,57.05,-2.86,0.747696692511811,12.8801123044135,13.6278089969253
GT5_26_C_GS,GS_2017_C,57.05,-2.86,5,57.05,-2.86,-3.75230330748817,8.38011230441349,4.62780899692532
GT6_5_C_GS,GS_2017_C,57.05,-2.86,14,57.05,-2.86,0.747696692511811,12.8801123044135,13.6278089969253
GT7_2_C_GS,GS_2017_C,57.05,-2.86,14,57.05,-2.86,0.747696692511811,12.8801123044135,13.6278089969253
GT9_29_C_GS,GS_2017_C,57.05,-2.86,14,57.05,-2.86,0.747696692511811,12.8801123044135,13.6278089969253
RD1_10_C_GS,GS_2017_C,57.89,-4.98,14,57.89,-4.98,-0.0104737363400211,12.1219418755617,12.1114681392216
RD10_6_C_GS,GS_2017_C,57.89,-4.98,14,57.89,-4.98,-0.0104737363400211,12.1219418755617,12.1114681392216
RD2_2_C_GS,GS_2017_C,57.89,-4.98,14,57.89,-4.98,-0.0104737363400211,12.1219418755617,12.1114681392216
RD3_29_C_GS,GS_2017_C,57.89,-4.98,14,57.89,-4.98,-0.0104737363400211,12.1219418755617,12.1114681392216
RD5_10_C_GS,GS_2017_C,57.89,-4.98,14,57.89,-4.98,-0.0104737363400211,12.1219418755617,12.1114681392216
RD7_5_C_GS,GS_2017_C,57.89,-4.98,14,57.89,-4.98,-0.0104737363400211,12.1219418755617,12.1114681392216
RD8_15_C_GS,GS_2017_C,57.89,-4.98,14,57.89,-4.98,-0.0104737363400211,12.1219418755617,12.1114681392216
BE2_3_C_GS,GS_2018_C,57.63,-5.35,7,57.63,-5.35,-0.914829830888474,5.86348696634365,4.94865713545517
BE3_10_C_GS,GS_2018_C,57.63,-5.35,7,57.63,-5.35,-0.914829830888474,5.86348696634365,4.94865713545517
BE5_9_C_GS,GS_2018_C,57.63,-5.35,7,57.63,-5.35,-0.914829830888474,5.86348696634365,4.94865713545517
BE7_5_C_GS,GS_2018_C,57.63,-5.35,11,57.63,-5.35,1.08517016911152,7.86348696634367,8.94865713545519
BE8_15_C_GS,GS_2018_C,57.63,-5.35,14,57.63,-5.35,2.58517016911151,9.36348696634368,11.9486571354552
BE9_15_C_GS,GS_2018_C,57.63,-5.35,7,57.63,-5.35,-0.914829830888474,5.86348696634365,4.94865713545517
GA1_3_C_GS,GS_2018_C,57.27,-4.92,14,57.27,-4.92,3.22549366603064,10.0038104632628,13.2293041292935
GA5_2_C_GS,GS_2018_C,57.27,-4.92,7,57.27,-4.92,-0.274506333969334,6.5038104632628,6.22930412929347
GA7_2_C_GS,GS_2018_C,57.27,-4.92,7,57.27,-4.92,-0.274506333969334,6.5038104632628,6.22930412929347
GA8_15_C_GS,GS_2018_C,57.27,-4.92,7,57.27,-4.92,-0.274506333969334,6.5038104632628,6.22930412929347
GA9_15_C_GS,GS_2018_C,57.27,-4.92,7,57.27,-4.92,-0.274506333969334,6.5038104632628,6.22930412929347
GL1_29_C_GS,GS_2018_C,56.91,-5.13,7,56.91,-5.13,0.0393369237379186,6.81765372097006,6.85699064470798
GL2_3_C_GS,GS_2018_C,56.91,-5.13,4,56.91,-5.13,-1.46066307626207,5.31765372097005,3.85699064470798
GL3_22_C_GS,GS_2018_C,56.91,-5.13,0,56.91,-5.13,-3.46066307626205,3.31765372097003,-0.143009355292017
GL4_6_C_GS,GS_2018_C,56.91,-5.13,7,56.91,-5.13,0.0393369237379186,6.81765372097006,6.85699064470798
GL5_5_C_GS,GS_2018_C,56.91,-5.13,7,56.91,-5.13,0.0393369237379186,6.81765372097006,6.85699064470798
GL6_10_C_GS,GS_2018_C,56.91,-5.13,7,56.91,-5.13,0.0393369237379186,6.81765372097006,6.85699064470798
GL8_22_C_GS,GS_2018_C,56.91,-5.13,14,56.91,-5.13,3.53933692373789,10.3176537209701,13.856990644708
GT2_9_C_GS,GS_2018_C,57.05,-2.86,7,57.05,-2.86,-1.19082284233155,5.58749395490057,4.39667111256902
GT3_10_C_GS,GS_2018_C,57.05,-2.86,14,57.05,-2.86,2.30917715766842,9.0874939549006,11.396671112569
GT5_26_C_GS,GS_2018_C,57.05,-2.86,7,57.05,-2.86,-1.19082284233155,5.58749395490057,4.39667111256902
GT6_5_C_GS,GS_2018_C,57.05,-2.86,14,57.05,-2.86,2.30917715766842,9.0874939549006,11.396671112569
GT7_2_C_GS,GS_2018_C,57.05,-2.86,7,57.05,-2.86,-1.19082284233155,5.58749395490057,4.39667111256902
GT9_29_C_GS,GS_2018_C,57.05,-2.86,7,57.05,-2.86,-1.19082284233155,5.58749395490057,4.39667111256902
RD1_10_C_GS,GS_2018_C,57.89,-4.98,7,57.89,-4.98,-0.609844393857014,6.16847240337511,5.55862800951809
RD10_6_C_GS,GS_2018_C,57.89,-4.98,7,57.89,-4.98,-0.609844393857014,6.16847240337511,5.55862800951809
RD2_2_C_GS,GS_2018_C,57.89,-4.98,7,57.89,-4.98,-0.609844393857014,6.16847240337511,5.55862800951809
RD3_29_C_GS,GS_2018_C,57.89,-4.98,7,57.89,-4.98,-0.609844393857014,6.16847240337511,5.55862800951809
RD5_10_C_GS,GS_2018_C,57.89,-4.98,14,57.89,-4.98,2.89015560614295,9.66847240337514,12.5586280095181
RD7_5_C_GS,GS_2018_C,57.89,-4.98,7,57.89,-4.98,-0.609844393857014,6.16847240337511,5.55862800951809
RD8_15_C_GS,GS_2018_C,57.89,-4.98,7,57.89,-4.98,-0.609844393857014,6.16847240337511,5.55862800951809
BE2_3_C_GS,GS_2019_C,57.63,-5.35,10,57.63,-5.35,-2.91546618600841,2.99693933955319,0.0814731535447786
BE3_10_C_GS,GS_2019_C,57.63,-5.35,10,57.63,-5.35,-2.91546618600841,2.99693933955319,0.0814731535447786
BE5_9_C_GS,GS_2019_C,57.63,-5.35,24,57.63,-5.35,4.08453381399151,9.99693933955325,14.0814731535448
BE7_5_C_GS,GS_2019_C,57.63,-5.35,17,57.63,-5.35,0.584533813991538,6.49693933955322,7.08147315354476
BE8_15_C_GS,GS_2019_C,57.63,-5.35,17,57.63,-5.35,0.584533813991538,6.49693933955322,7.08147315354476
BE9_15_C_GS,GS_2019_C,57.63,-5.35,17,57.63,-5.35,0.584533813991538,6.49693933955322,7.08147315354476
GA1_3_C_GS,GS_2019_C,57.27,-4.92,17,57.27,-4.92,2.37808523903425,8.29049076459596,10.6685760036302
GA5_2_C_GS,GS_2019_C,57.27,-4.92,10,57.27,-4.92,-1.12191476096572,4.79049076459593,3.66857600363021
GA7_2_C_GS,GS_2019_C,57.27,-4.92,10,57.27,-4.92,-1.12191476096572,4.79049076459593,3.66857600363021
GA8_15_C_GS,GS_2019_C,57.27,-4.92,17,57.27,-4.92,2.37808523903425,8.29049076459596,10.6685760036302
GA9_15_C_GS,GS_2019_C,57.27,-4.92,10,57.27,-4.92,-1.12191476096572,4.79049076459593,3.66857600363021
GL1_29_C_GS,GS_2019_C,56.91,-5.13,10,56.91,-5.13,-1.6143393665338,4.29806615902783,2.68372679249403
GL2_3_C_GS,GS_2019_C,56.91,-5.13,17,56.91,-5.13,1.88566063346617,7.79806615902786,9.68372679249403
GL3_22_C_GS,GS_2019_C,56.91,-5.13,3,56.91,-5.13,-5.11433936653377,0.798066159027799,-4.31627320750597
GL4_6_C_GS,GS_2019_C,56.91,-5.13,10,56.91,-5.13,-1.6143393665338,4.29806615902783,2.68372679249403
GL5_5_C_GS,GS_2019_C,56.91,-5.13,17,56.91,-5.13,1.88566063346617,7.79806615902786,9.68372679249403
GL6_10_C_GS,GS_2019_C,56.91,-5.13,17,56.91,-5.13,1.88566063346617,7.79806615902786,9.68372679249403
GL8_22_C_GS,GS_2019_C,56.91,-5.13,17,56.91,-5.13,1.88566063346617,7.79806615902786,9.68372679249403
GT2_9_C_GS,GS_2019_C,57.05,-2.86,10,57.05,-2.86,-0.0157874873829531,5.89661803817869,5.88083055079574
GT3_10_C_GS,GS_2019_C,57.05,-2.86,17,57.05,-2.86,3.48421251261702,9.39661803817872,12.8808305507957
GT5_26_C_GS,GS_2019_C,57.05,-2.86,3,57.05,-2.86,-3.51578748738293,2.39661803817866,-1.11916944920426
GT6_5_C_GS,GS_2019_C,57.05,-2.86,10,57.05,-2.86,-0.0157874873829531,5.89661803817869,5.88083055079574
GT7_2_C_GS,GS_2019_C,57.05,-2.86,10,57.05,-2.86,-0.0157874873829531,5.89661803817869,5.88083055079574
GT9_29_C_GS,GS_2019_C,57.05,-2.86,10,57.05,-2.86,-0.0157874873829531,5.89661803817869,5.88083055079574
RD1_10_C_GS,GS_2019_C,57.89,-4.98,10,57.89,-4.98,-0.571789798441577,5.34061572712007,4.76882592867849
RD10_6_C_GS,GS_2019_C,57.89,-4.98,17,57.89,-4.98,2.92821020155839,8.8406157271201,11.7688259286785
RD2_2_C_GS,GS_2019_C,57.89,-4.98,17,57.89,-4.98,2.92821020155839,8.8406157271201,11.7688259286785
RD3_29_C_GS,GS_2019_C,57.89,-4.98,3,57.89,-4.98,-4.07178979844154,1.84061572712004,-2.2311740713215
RD5_10_C_GS,GS_2019_C,57.89,-4.98,10,57.89,-4.98,-0.571789798441577,5.34061572712007,4.76882592867849
RD7_5_C_GS,GS_2019_C,57.89,-4.98,10,57.89,-4.98,-0.571789798441577,5.34061572712007,4.76882592867849
RD8_15_C_GS,GS_2019_C,57.89,-4.98,10,57.89,-4.98,-0.571789798441577,5.34061572712007,4.76882592867849
BE10_19_D_GS,GS_2015_D,57.63,-5.35,28,57.63,-5.35,1.07555035007972,23.0978429785179,24.1733933285976
BE2_15_D_GS,GS_2015_D,57.63,-5.35,28,57.63,-5.35,1.07555035007972,23.0978429785179,24.1733933285976
BE3_29_D_GS,GS_2015_D,57.63,-5.35,35,57.63,-5.35,4.57555035007968,26.597842978518,31.1733933285976
BE4_6_D_GS,GS_2015_D,57.63,-5.35,14,57.63,-5.35,-5.92444964992022,16.0978429785179,10.1733933285976
BE7_26_D_GS,GS_2015_D,57.63,-5.35,28,57.63,-5.35,1.07555035007972,23.0978429785179,24.1733933285976
BE8_22_D_GS,GS_2015_D,57.63,-5.35,20,57.63,-5.35,-2.92444964992025,19.0978429785179,16.1733933285976
BE9_29_D_GS,GS_2015_D,57.63,-5.35,28,57.63,-5.35,1.07555035007972,23.0978429785179,24.1733933285976
GA1_26_D_GS,GS_2015_D,57.27,-4.92,28,57.27,-4.92,1.43851469401599,23.4608073224542,24.8993220164702
GA10_22_D_GS,GS_2015_D,57.27,-4.92,35,57.27,-4.92,4.93851469401596,26.9608073224542,31.8993220164702
GA3_29_D_GS,GS_2015_D,57.27,-4.92,28,57.27,-4.92,1.43851469401599,23.4608073224542,24.8993220164702
GA5_6_D_GS,GS_2015_D,57.27,-4.92,20,57.27,-4.92,-2.56148530598397,19.4608073224542,16.8993220164702
GA6_5_D_GS,GS_2015_D,57.27,-4.92,28,57.27,-4.92,1.43851469401599,23.4608073224542,24.8993220164702
GA7_26_D_GS,GS_2015_D,57.27,-4.92,20,57.27,-4.92,-2.56148530598397,19.4608073224542,16.8993220164702
GA8_29_D_GS,GS_2015_D,57.27,-4.92,28,57.27,-4.92,1.43851469401599,23.4608073224542,24.8993220164702
GL3_26_D_GS,GS_2015_D,56.91,-5.13,14,56.91,-5.13,-6.24120973180305,15.781082896635,9.53987316483191
GL4_3_D_GS,GS_2015_D,56.91,-5.13,28,56.91,-5.13,0.758790268196886,22.781082896635,23.5398731648319
GL6_15_D_GS,GS_2015_D,56.91,-5.13,28,56.91,-5.13,0.758790268196886,22.781082896635,23.5398731648319
GL7_15_D_GS,GS_2015_D,56.91,-5.13,28,56.91,-5.13,0.758790268196886,22.781082896635,23.5398731648319
GL8_15_D_GS,GS_2015_D,56.91,-5.13,28,56.91,-5.13,0.758790268196886,22.781082896635,23.5398731648319
GT2_26_D_GS,GS_2015_D,57.05,-2.86,20,57.05,-2.86,-0.459812588622352,21.5624800398158,21.1026674511935
GT6_29_D_GS,GS_2015_D,57.05,-2.86,28,57.05,-2.86,3.54018741137761,25.5624800398159,29.1026674511935
GT8_22_D_GS,GS_2015_D,57.05,-2.86,14,57.05,-2.86,-3.45981258862232,18.5624800398158,15.1026674511935
RD10_10_D_GS,GS_2015_D,57.89,-4.98,28,57.89,-4.98,2.16450518603789,24.1867978144761,26.3513030005139
RD2_9_D_GS,GS_2015_D,57.89,-4.98,20,57.89,-4.98,-1.83549481396207,20.186797814476,18.3513030005139
RD3_2_D_GS,GS_2015_D,57.89,-4.98,28,57.89,-4.98,2.16450518603789,24.1867978144761,26.3513030005139
RD5_6_D_GS,GS_2015_D,57.89,-4.98,14,57.89,-4.98,-4.83549481396204,17.186797814476,12.3513030005139
RD8_22_D_GS,GS_2015_D,57.89,-4.98,20,57.89,-4.98,-1.83549481396207,20.186797814476,18.3513030005139
RD9_6_D_GS,GS_2015_D,57.89,-4.98,28,57.89,-4.98,2.16450518603789,24.1867978144761,26.3513030005139
BE10_19_D_GS,GS_2016_D,57.63,-5.35,11,57.63,-5.35,-3.07245360301797,11.8125038962818,8.74005029326378
BE2_15_D_GS,GS_2016_D,57.63,-5.35,16,57.63,-5.35,-0.572453603018005,14.3125038962818,13.7400502932638
BE3_29_D_GS,GS_2016_D,57.63,-5.35,25,57.63,-5.35,3.92754639698197,18.8125038962818,22.7400502932638
BE4_6_D_GS,GS_2016_D,57.63,-5.35,16,57.63,-5.35,-0.572453603018005,14.3125038962818,13.7400502932638
BE7_26_D_GS,GS_2016_D,57.63,-5.35,16,57.63,-5.35,-0.572453603018005,14.3125038962818,13.7400502932638
BE8_22_D_GS,GS_2016_D,57.63,-5.35,11,57.63,-5.35,-3.07245360301797,11.8125038962818,8.74005029326378
BE9_29_D_GS,GS_2016_D,57.63,-5.35,25,57.63,-5.35,3.92754639698197,18.8125038962818,22.7400502932638
GA1_26_D_GS,GS_2016_D,57.27,-4.92,16,57.27,-4.92,0.230701966560318,15.1156594658601,15.3463614324204
GA10_22_D_GS,GS_2016_D,57.27,-4.92,25,57.27,-4.92,4.73070196656029,19.6156594658601,24.3463614324204
GA3_29_D_GS,GS_2016_D,57.27,-4.92,16,57.27,-4.92,0.230701966560318,15.1156594658601,15.3463614324204
GA5_6_D_GS,GS_2016_D,57.27,-4.92,11,57.27,-4.92,-2.26929803343967,12.6156594658601,10.3463614324204
GA6_5_D_GS,GS_2016_D,57.27,-4.92,11,57.27,-4.92,-2.26929803343967,12.6156594658601,10.3463614324204
GA7_26_D_GS,GS_2016_D,57.27,-4.92,16,57.27,-4.92,0.230701966560318,15.1156594658601,15.3463614324204
GA8_29_D_GS,GS_2016_D,57.27,-4.92,11,57.27,-4.92,-2.26929803343967,12.6156594658601,10.3463614324204
GL3_26_D_GS,GS_2016_D,56.91,-5.13,11,56.91,-5.13,-1.84053965869673,13.044417840603,11.2038781819063
GL4_3_D_GS,GS_2016_D,56.91,-5.13,16,56.91,-5.13,0.659460341303257,15.544417840603,16.2038781819063
GL6_15_D_GS,GS_2016_D,56.91,-5.13,16,56.91,-5.13,0.659460341303257,15.544417840603,16.2038781819063
GL7_15_D_GS,GS_2016_D,56.91,-5.13,16,56.91,-5.13,0.659460341303257,15.544417840603,16.2038781819063
GL8_15_D_GS,GS_2016_D,56.91,-5.13,16,56.91,-5.13,0.659460341303257,15.544417840603,16.2038781819063
GT2_26_D_GS,GS_2016_D,57.05,-2.86,11,57.05,-2.86,-1.63521295625648,13.2497445430433,11.6145315867868
GT6_29_D_GS,GS_2016_D,57.05,-2.86,16,57.05,-2.86,0.864787043743503,15.7497445430433,16.6145315867868
GT8_22_D_GS,GS_2016_D,57.05,-2.86,16,57.05,-2.86,0.864787043743503,15.7497445430433,16.6145315867868
RD10_10_D_GS,GS_2016_D,57.89,-4.98,25,57.89,-4.98,3.91676643624218,18.801723935542,22.7184903717842
RD2_9_D_GS,GS_2016_D,57.89,-4.98,16,57.89,-4.98,-0.583233563757794,14.301723935542,13.7184903717842
RD3_2_D_GS,GS_2016_D,57.89,-4.98,16,57.89,-4.98,-0.583233563757794,14.301723935542,13.7184903717842
RD5_6_D_GS,GS_2016_D,57.89,-4.98,11,57.89,-4.98,-3.08323356375776,11.801723935542,8.71849037178423
RD8_22_D_GS,GS_2016_D,57.89,-4.98,11,57.89,-4.98,-3.08323356375776,11.801723935542,8.71849037178423
RD9_6_D_GS,GS_2016_D,57.89,-4.98,25,57.89,-4.98,3.91676643624218,18.801723935542,22.7184903717842
BE10_19_D_GS,GS_2017_D,57.63,-5.35,14,57.63,-5.35,0.000615938990549125,17.4446852160419,17.4453011550325
BE2_15_D_GS,GS_2017_D,57.63,-5.35,14,57.63,-5.35,0.000615938990549125,17.4446852160419,17.4453011550325
BE3_29_D_GS,GS_2017_D,57.63,-5.35,14,57.63,-5.35,0.000615938990549125,17.4446852160419,17.4453011550325
BE4_6_D_GS,GS_2017_D,57.63,-5.35,14,57.63,-5.35,0.000615938990549125,17.4446852160419,17.4453011550325
BE7_26_D_GS,GS_2017_D,57.63,-5.35,14,57.63,-5.35,0.000615938990549125,17.4446852160419,17.4453011550325
BE8_22_D_GS,GS_2017_D,57.63,-5.35,14,57.63,-5.35,0.000615938990549125,17.4446852160419,17.4453011550325
BE9_29_D_GS,GS_2017_D,57.63,-5.35,14,57.63,-5.35,0.000615938990549125,17.4446852160419,17.4453011550325
GA1_26_D_GS,GS_2017_D,57.27,-4.92,14,57.27,-4.92,-0.381100721203866,17.0629685558475,16.6818678346436
GA10_22_D_GS,GS_2017_D,57.27,-4.92,14,57.27,-4.92,-0.381100721203866,17.0629685558475,16.6818678346436
GA3_29_D_GS,GS_2017_D,57.27,-4.92,21,57.27,-4.92,3.11889927879612,20.5629685558475,23.6818678346436
GA5_6_D_GS,GS_2017_D,57.27,-4.92,14,57.27,-4.92,-0.381100721203866,17.0629685558475,16.6818678346436
GA6_5_D_GS,GS_2017_D,57.27,-4.92,14,57.27,-4.92,-0.381100721203866,17.0629685558475,16.6818678346436
GA7_26_D_GS,GS_2017_D,57.27,-4.92,14,57.27,-4.92,-0.381100721203866,17.0629685558475,16.6818678346436
GA8_29_D_GS,GS_2017_D,57.27,-4.92,14,57.27,-4.92,-0.381100721203866,17.0629685558475,16.6818678346436
GL3_26_D_GS,GS_2017_D,56.91,-5.13,5,56.91,-5.13,-4.39581933151765,13.0482499455337,8.65243061401606
GL4_3_D_GS,GS_2017_D,56.91,-5.13,14,56.91,-5.13,0.104180668482348,17.5482499455337,17.6524306140161
GL6_15_D_GS,GS_2017_D,56.91,-5.13,14,56.91,-5.13,0.104180668482348,17.5482499455337,17.6524306140161
GL7_15_D_GS,GS_2017_D,56.91,-5.13,21,56.91,-5.13,3.60418066848235,21.0482499455337,24.6524306140161
GL8_15_D_GS,GS_2017_D,56.91,-5.13,14,56.91,-5.13,0.104180668482348,17.5482499455337,17.6524306140161
GT2_26_D_GS,GS_2017_D,57.05,-2.86,14,57.05,-2.86,-0.0189004581359438,17.4251688189154,17.4062683607795
GT6_29_D_GS,GS_2017_D,57.05,-2.86,14,57.05,-2.86,-0.0189004581359438,17.4251688189154,17.4062683607795
GT8_22_D_GS,GS_2017_D,57.05,-2.86,14,57.05,-2.86,-0.0189004581359438,17.4251688189154,17.4062683607795
RD10_10_D_GS,GS_2017_D,57.89,-4.98,21,57.89,-4.98,2.28319858458113,19.7272678616325,22.0104664462136
RD2_9_D_GS,GS_2017_D,57.89,-4.98,14,57.89,-4.98,-1.21680141541889,16.2272678616324,15.0104664462136
RD3_2_D_GS,GS_2017_D,57.89,-4.98,14,57.89,-4.98,-1.21680141541889,16.2272678616324,15.0104664462136
RD5_6_D_GS,GS_2017_D,57.89,-4.98,14,57.89,-4.98,-1.21680141541889,16.2272678616324,15.0104664462136
RD8_22_D_GS,GS_2017_D,57.89,-4.98,14,57.89,-4.98,-1.21680141541889,16.2272678616324,15.0104664462136
RD9_6_D_GS,GS_2017_D,57.89,-4.98,21,57.89,-4.98,2.28319858458113,19.7272678616325,22.0104664462136
BE10_19_D_GS,GS_2018_D,57.63,-5.35,7,57.63,-5.35,-0.998784334695154,9.94821351125685,8.9494291765617
BE2_15_D_GS,GS_2018_D,57.63,-5.35,7,57.63,-5.35,-0.998784334695154,9.94821351125685,8.9494291765617
BE3_29_D_GS,GS_2018_D,57.63,-5.35,14,57.63,-5.35,2.50121566530485,13.4482135112568,15.9494291765617
BE4_6_D_GS,GS_2018_D,57.63,-5.35,14,57.63,-5.35,2.50121566530485,13.4482135112568,15.9494291765617
BE7_26_D_GS,GS_2018_D,57.63,-5.35,7,57.63,-5.35,-0.998784334695154,9.94821351125685,8.9494291765617
BE8_22_D_GS,GS_2018_D,57.63,-5.35,7,57.63,-5.35,-0.998784334695154,9.94821351125685,8.9494291765617
BE9_29_D_GS,GS_2018_D,57.63,-5.35,7,57.63,-5.35,-0.998784334695154,9.94821351125685,8.9494291765617
GA1_26_D_GS,GS_2018_D,57.27,-4.92,14,57.27,-4.92,1.94895461850918,12.8959524644612,14.8449070829704
GA10_22_D_GS,GS_2018_D,57.27,-4.92,7,57.27,-4.92,-1.55104538149082,9.39595246446118,7.84490708297036
GA3_29_D_GS,GS_2018_D,57.27,-4.92,14,57.27,-4.92,1.94895461850918,12.8959524644612,14.8449070829704
GA5_6_D_GS,GS_2018_D,57.27,-4.92,11,57.27,-4.92,0.448954618509179,11.3959524644612,11.8449070829704
GA6_5_D_GS,GS_2018_D,57.27,-4.92,7,57.27,-4.92,-1.55104538149082,9.39595246446118,7.84490708297036
GA7_26_D_GS,GS_2018_D,57.27,-4.92,7,57.27,-4.92,-1.55104538149082,9.39595246446118,7.84490708297036
GA8_29_D_GS,GS_2018_D,57.27,-4.92,14,57.27,-4.92,1.94895461850918,12.8959524644612,14.8449070829704
GL3_26_D_GS,GS_2018_D,56.91,-5.13,7,56.91,-5.13,-0.18911651742707,10.7578813285249,10.5687648110979
GL4_3_D_GS,GS_2018_D,56.91,-5.13,7,56.91,-5.13,-0.18911651742707,10.7578813285249,10.5687648110979
GL6_15_D_GS,GS_2018_D,56.91,-5.13,7,56.91,-5.13,-0.18911651742707,10.7578813285249,10.5687648110979
GL7_15_D_GS,GS_2018_D,56.91,-5.13,7,56.91,-5.13,-0.18911651742707,10.7578813285249,10.5687648110979
GL8_15_D_GS,GS_2018_D,56.91,-5.13,7,56.91,-5.13,-0.18911651742707,10.7578813285249,10.5687648110979
GT2_26_D_GS,GS_2018_D,57.05,-2.86,7,57.05,-2.86,-0.0373034205515026,10.9096944254005,10.872391004849
GT6_29_D_GS,GS_2018_D,57.05,-2.86,7,57.05,-2.86,-0.0373034205515026,10.9096944254005,10.872391004849
GT8_22_D_GS,GS_2018_D,57.05,-2.86,7,57.05,-2.86,-0.0373034205515026,10.9096944254005,10.872391004849
RD10_10_D_GS,GS_2018_D,57.89,-4.98,14,57.89,-4.98,2.23438347701587,13.1813813229679,15.4157647999838
RD2_9_D_GS,GS_2018_D,57.89,-4.98,7,57.89,-4.98,-1.26561652298413,9.68138132296788,8.41576479998375
RD3_2_D_GS,GS_2018_D,57.89,-4.98,7,57.89,-4.98,-1.26561652298413,9.68138132296788,8.41576479998375
RD5_6_D_GS,GS_2018_D,57.89,-4.98,7,57.89,-4.98,-1.26561652298413,9.68138132296788,8.41576479998375
RD8_22_D_GS,GS_2018_D,57.89,-4.98,7,57.89,-4.98,-1.26561652298413,9.68138132296788,8.41576479998375
RD9_6_D_GS,GS_2018_D,57.89,-4.98,14,57.89,-4.98,2.23438347701587,13.1813813229679,15.4157647999838
BE10_19_D_GS,GS_2019_D,57.63,-5.35,17,57.63,-5.35,2.0031150104996,18.2937972618166,20.2969122723162
BE2_15_D_GS,GS_2019_D,57.63,-5.35,17,57.63,-5.35,2.0031150104996,18.2937972618166,20.2969122723162
BE3_29_D_GS,GS_2019_D,57.63,-5.35,10,57.63,-5.35,-1.49688498950039,14.7937972618166,13.2969122723162
BE4_6_D_GS,GS_2019_D,57.63,-5.35,10,57.63,-5.35,-1.49688498950039,14.7937972618166,13.2969122723162
BE7_26_D_GS,GS_2019_D,57.63,-5.35,10,57.63,-5.35,-1.49688498950039,14.7937972618166,13.2969122723162
BE8_22_D_GS,GS_2019_D,57.63,-5.35,10,57.63,-5.35,-1.49688498950039,14.7937972618166,13.2969122723162
BE9_29_D_GS,GS_2019_D,57.63,-5.35,17,57.63,-5.35,2.0031150104996,18.2937972618166,20.2969122723162
GA1_26_D_GS,GS_2019_D,57.27,-4.92,17,57.27,-4.92,1.60131361634368,17.8919958676606,19.4933094840043
GA10_22_D_GS,GS_2019_D,57.27,-4.92,17,57.27,-4.92,1.60131361634368,17.8919958676606,19.4933094840043
GA3_29_D_GS,GS_2019_D,57.27,-4.92,17,57.27,-4.92,1.60131361634368,17.8919958676606,19.4933094840043
GA5_6_D_GS,GS_2019_D,57.27,-4.92,17,57.27,-4.92,1.60131361634368,17.8919958676606,19.4933094840043
GA6_5_D_GS,GS_2019_D,57.27,-4.92,10,57.27,-4.92,-1.89868638365631,14.3919958676606,12.4933094840043
GA7_26_D_GS,GS_2019_D,57.27,-4.92,10,57.27,-4.92,-1.89868638365631,14.3919958676606,12.4933094840043
GA8_29_D_GS,GS_2019_D,57.27,-4.92,17,57.27,-4.92,1.60131361634368,17.8919958676606,19.4933094840043
GL3_26_D_GS,GS_2019_D,56.91,-5.13,0,56.91,-5.13,-5.88459056550682,10.4060916858101,4.52150112030329
GL4_3_D_GS,GS_2019_D,56.91,-5.13,10,56.91,-5.13,-0.884590565506841,15.4060916858101,14.5215011203033
GL6_15_D_GS,GS_2019_D,56.91,-5.13,10,56.91,-5.13,-0.884590565506841,15.4060916858101,14.5215011203033
GL7_15_D_GS,GS_2019_D,56.91,-5.13,17,56.91,-5.13,2.61540943449316,18.9060916858101,21.5215011203033
GL8_15_D_GS,GS_2019_D,56.91,-5.13,17,56.91,-5.13,2.61540943449316,18.9060916858101,21.5215011203033
GT2_26_D_GS,GS_2019_D,57.05,-2.86,10,57.05,-2.86,-1.26225263613263,15.0284296151843,13.7661769790517
GT6_29_D_GS,GS_2019_D,57.05,-2.86,17,57.05,-2.86,2.23774736386736,18.5284296151843,20.7661769790517
GT8_22_D_GS,GS_2019_D,57.05,-2.86,10,57.05,-2.86,-1.26225263613263,15.0284296151843,13.7661769790517
RD10_10_D_GS,GS_2019_D,57.89,-4.98,10,57.89,-4.98,-2.58688160866223,13.7038006426547,11.1169190339925
RD2_9_D_GS,GS_2019_D,57.89,-4.98,17,57.89,-4.98,0.913118391337761,17.2038006426547,18.1169190339925
RD3_2_D_GS,GS_2019_D,57.89,-4.98,17,57.89,-4.98,0.913118391337761,17.2038006426547,18.1169190339925
RD5_6_D_GS,GS_2019_D,57.89,-4.98,10,57.89,-4.98,-2.58688160866223,13.7038006426547,11.1169190339925
RD8_22_D_GS,GS_2019_D,57.89,-4.98,10,57.89,-4.98,-2.58688160866223,13.7038006426547,11.1169190339925
RD9_6_D_GS,GS_2019_D,57.89,-4.98,24,57.89,-4.98,4.41311839133775,20.7038006426547,25.1169190339925
BE10_22_B_GS,GS_2015_B,57.63,-5.35,35,57.63,-5.35,0.872342710022984,10.5153321428715,11.3876748528945
BE3_22_B_GS,GS_2015_B,57.63,-5.35,35,57.63,-5.35,0.872342710022984,10.5153321428715,11.3876748528945
BE5_5_B_GS,GS_2015_B,57.63,-5.35,28,57.63,-5.35,-2.62765728997703,7.01533214287148,4.38767485289446
BE8_5_B_GS,GS_2015_B,57.63,-5.35,35,57.63,-5.35,0.872342710022984,10.5153321428715,11.3876748528945
GA3_22_B_GS,GS_2015_B,57.27,-4.92,28,57.27,-4.92,3.78963486103251,13.4326242938811,17.2222591549136
GA5_9_B_GS,GS_2015_B,57.27,-4.92,28,57.27,-4.92,3.78963486103251,13.4326242938811,17.2222591549136
GA6_3_B_GS,GS_2015_B,57.27,-4.92,14,57.27,-4.92,-3.21036513896745,6.43262429388105,3.2222591549136
GA7_15_B_GS,GS_2015_B,57.27,-4.92,14,57.27,-4.92,-3.21036513896745,6.43262429388105,3.2222591549136
GA9_29_B_GS,GS_2015_B,57.27,-4.92,14,57.27,-4.92,-3.21036513896745,6.43262429388105,3.2222591549136
GL1_22_B_GS,GS_2015_B,56.91,-5.13,28,56.91,-5.13,1.72703303898447,11.370022471833,13.0970555108175
GL2_15_B_GS,GS_2015_B,56.91,-5.13,28,56.91,-5.13,1.72703303898447,11.370022471833,13.0970555108175
GL3_10_B_GS,GS_2015_B,56.91,-5.13,20,56.91,-5.13,-2.27296696101551,7.37002247183299,5.09705551081748
GT1_6_B_GS,GS_2015_B,57.05,-2.86,28,57.05,-2.86,1.01747297288242,10.660462405731,11.6779353786134
GT2_2_B_GS,GS_2015_B,57.05,-2.86,20,57.05,-2.86,-2.98252702711756,6.66046240573095,3.67793537861339
GT3_2_B_GS,GS_2015_B,57.05,-2.86,28,57.05,-2.86,1.01747297288242,10.660462405731,11.6779353786134
GT5_2_B_GS,GS_2015_B,57.05,-2.86,20,57.05,-2.86,-2.98252702711756,6.66046240573095,3.67793537861339
GT6_10_B_GS,GS_2015_B,57.05,-2.86,28,57.05,-2.86,1.01747297288242,10.660462405731,11.6779353786134
GT7_22_B_GS,GS_2015_B,57.05,-2.86,28,57.05,-2.86,1.01747297288242,10.660462405731,11.6779353786134
GT8_5_B_GS,GS_2015_B,57.05,-2.86,28,57.05,-2.86,1.01747297288242,10.660462405731,11.6779353786134
GT9_15_B_GS,GS_2015_B,57.05,-2.86,28,57.05,-2.86,1.01747297288242,10.660462405731,11.6779353786134
RD10_22_B_GS,GS_2015_B,57.89,-4.98,35,57.89,-4.98,4.04831439094874,13.6913038237973,17.7396182147461
RD3_26_B_GS,GS_2015_B,57.89,-4.98,20,57.89,-4.98,-3.45168560905121,6.1913038237973,2.73961821474609
RD7_15_B_GS,GS_2015_B,57.89,-4.98,28,57.89,-4.98,0.548314390948757,10.1913038237973,10.7396182147461
RD8_29_B_GS,GS_2015_B,57.89,-4.98,28,57.89,-4.98,0.548314390948757,10.1913038237973,10.7396182147461
RD9_5_B_GS,GS_2015_B,57.89,-4.98,25,57.89,-4.98,-0.951685609051232,8.69130382379732,7.73961821474608
BE10_22_B_GS,GS_2016_B,57.63,-5.35,25,57.63,-5.35,-0.00356293005038566,3.47185613017603,3.46829320012565
BE3_22_B_GS,GS_2016_B,57.63,-5.35,25,57.63,-5.35,-0.00356293005038566,3.47185613017603,3.46829320012565
BE5_5_B_GS,GS_2016_B,57.63,-5.35,25,57.63,-5.35,-0.00356293005038566,3.47185613017603,3.46829320012565
BE8_5_B_GS,GS_2016_B,57.63,-5.35,25,57.63,-5.35,-0.00356293005038566,3.47185613017603,3.46829320012565
GA3_22_B_GS,GS_2016_B,57.27,-4.92,16,57.27,-4.92,1.44977691647228,4.92519597669871,6.374972893171
GA5_9_B_GS,GS_2016_B,57.27,-4.92,25,57.27,-4.92,5.94977691647226,9.42519597669876,15.374972893171
GA6_3_B_GS,GS_2016_B,57.27,-4.92,11,57.27,-4.92,-1.05022308352769,2.42519597669869,1.374972893171
GA7_15_B_GS,GS_2016_B,57.27,-4.92,4,57.27,-4.92,-4.55022308352766,-1.07480402330134,-5.625027106829
GA9_29_B_GS,GS_2016_B,57.27,-4.92,4,57.27,-4.92,-4.55022308352766,-1.07480402330134,-5.625027106829
GL1_22_B_GS,GS_2016_B,56.91,-5.13,11,56.91,-5.13,0.861211180296424,4.33663024052284,5.19784142081926
GL2_15_B_GS,GS_2016_B,56.91,-5.13,16,56.91,-5.13,3.3612111802964,6.83663024052286,10.1978414208193
GL3_10_B_GS,GS_2016_B,56.91,-5.13,4,56.91,-5.13,-2.63878881970354,0.836630240522805,-1.80215857918073
GT1_6_B_GS,GS_2016_B,57.05,-2.86,16,57.05,-2.86,1.02342799644553,4.49884705667195,5.52227505311748
GT2_2_B_GS,GS_2016_B,57.05,-2.86,11,57.05,-2.86,-1.47657200355444,1.99884705667192,0.522275053117481
GT3_2_B_GS,GS_2016_B,57.05,-2.86,11,57.05,-2.86,-1.47657200355444,1.99884705667192,0.522275053117481
GT5_2_B_GS,GS_2016_B,57.05,-2.86,11,57.05,-2.86,-1.47657200355444,1.99884705667192,0.522275053117481
GT6_10_B_GS,GS_2016_B,57.05,-2.86,16,57.05,-2.86,1.02342799644553,4.49884705667195,5.52227505311748
GT7_22_B_GS,GS_2016_B,57.05,-2.86,11,57.05,-2.86,-1.47657200355444,1.99884705667192,0.522275053117481
GT8_5_B_GS,GS_2016_B,57.05,-2.86,25,57.05,-2.86,5.5234279964455,8.99884705667199,14.5222750531175
GT9_15_B_GS,GS_2016_B,57.05,-2.86,11,57.05,-2.86,-1.47657200355444,1.99884705667192,0.522275053117481
RD10_22_B_GS,GS_2016_B,57.89,-4.98,25,57.89,-4.98,2.89886192507609,6.37428098530257,9.27314291037867
RD3_26_B_GS,GS_2016_B,57.89,-4.98,16,57.89,-4.98,-1.60113807492386,1.87428098530253,0.273142910378669
RD7_15_B_GS,GS_2016_B,57.89,-4.98,25,57.89,-4.98,2.89886192507609,6.37428098530257,9.27314291037867
RD8_29_B_GS,GS_2016_B,57.89,-4.98,16,57.89,-4.98,-1.60113807492386,1.87428098530253,0.273142910378669
RD9_5_B_GS,GS_2016_B,57.89,-4.98,16,57.89,-4.98,-1.60113807492386,1.87428098530253,0.273142910378669
BE10_22_B_GS,GS_2017_B,57.63,-5.35,14,57.63,-5.35,-1.74595013713924,9.42933475187509,7.68338461473585
BE3_22_B_GS,GS_2017_B,57.63,-5.35,21,57.63,-5.35,1.75404986286067,12.9293347518752,14.6833846147359
BE5_5_B_GS,GS_2017_B,57.63,-5.35,14,57.63,-5.35,-1.74595013713924,9.42933475187509,7.68338461473585
BE8_5_B_GS,GS_2017_B,57.63,-5.35,21,57.63,-5.35,1.75404986286067,12.9293347518752,14.6833846147359
GA3_22_B_GS,GS_2017_B,57.27,-4.92,21,57.27,-4.92,3.62542008956896,14.8007049785836,18.4261250681525
GA5_9_B_GS,GS_2017_B,57.27,-4.92,21,57.27,-4.92,3.62542008956896,14.8007049785836,18.4261250681525
GA6_3_B_GS,GS_2017_B,57.27,-4.92,14,57.27,-4.92,0.12542008956903,11.3007049785835,11.4261250681525
GA7_15_B_GS,GS_2017_B,57.27,-4.92,5,57.27,-4.92,-4.37457991043085,6.80070497858334,2.42612506815249
GA9_29_B_GS,GS_2017_B,57.27,-4.92,14,57.27,-4.92,0.12542008956903,11.3007049785835,11.4261250681525
GL1_22_B_GS,GS_2017_B,56.91,-5.13,14,56.91,-5.13,0.899978989953858,12.0752638789683,12.9752428689222
GL2_15_B_GS,GS_2017_B,56.91,-5.13,14,56.91,-5.13,0.899978989953858,12.0752638789683,12.9752428689222
GL3_10_B_GS,GS_2017_B,56.91,-5.13,5,56.91,-5.13,-3.60002101004602,7.57526387896819,3.97524286892217
GT1_6_B_GS,GS_2017_B,57.05,-2.86,14,57.05,-2.86,-0.901629816294529,10.2736550727199,9.37202525642532
GT2_2_B_GS,GS_2017_B,57.05,-2.86,14,57.05,-2.86,-0.901629816294529,10.2736550727199,9.37202525642532
GT3_2_B_GS,GS_2017_B,57.05,-2.86,14,57.05,-2.86,-0.901629816294529,10.2736550727199,9.37202525642532
GT5_2_B_GS,GS_2017_B,57.05,-2.86,14,57.05,-2.86,-0.901629816294529,10.2736550727199,9.37202525642532
GT6_10_B_GS,GS_2017_B,57.05,-2.86,21,57.05,-2.86,2.59837018370537,13.7736550727199,16.3720252564253
GT7_22_B_GS,GS_2017_B,57.05,-2.86,14,57.05,-2.86,-0.901629816294529,10.2736550727199,9.37202525642532
GT8_5_B_GS,GS_2017_B,57.05,-2.86,21,57.05,-2.86,2.59837018370537,13.7736550727199,16.3720252564253
GT9_15_B_GS,GS_2017_B,57.05,-2.86,14,57.05,-2.86,-0.901629816294529,10.2736550727199,9.37202525642532
RD10_22_B_GS,GS_2017_B,57.89,-4.98,14,57.89,-4.98,-0.926039667757363,10.249245221257,9.32320555349964
RD3_26_B_GS,GS_2017_B,57.89,-4.98,14,57.89,-4.98,-0.926039667757363,10.249245221257,9.32320555349964
RD7_15_B_GS,GS_2017_B,57.89,-4.98,14,57.89,-4.98,-0.926039667757363,10.249245221257,9.32320555349964
RD8_29_B_GS,GS_2017_B,57.89,-4.98,14,57.89,-4.98,-0.926039667757363,10.249245221257,9.32320555349964
RD9_5_B_GS,GS_2017_B,57.89,-4.98,21,57.89,-4.98,2.57396033224256,13.7492452212571,16.3232055534997
BE10_22_B_GS,GS_2018_B,57.63,-5.35,14,57.63,-5.35,1.75043658444265,8.84199325771337,10.592429842156
BE3_22_B_GS,GS_2018_B,57.63,-5.35,14,57.63,-5.35,1.75043658444265,8.84199325771337,10.592429842156
BE5_5_B_GS,GS_2018_B,57.63,-5.35,7,57.63,-5.35,-1.74956341555731,5.34199325771332,3.59242984215601
BE8_5_B_GS,GS_2018_B,57.63,-5.35,7,57.63,-5.35,-1.74956341555731,5.34199325771332,3.59242984215601
GA3_22_B_GS,GS_2018_B,57.27,-4.92,7,57.27,-4.92,-0.632578289554841,6.45897838371581,5.82640009416097
GA5_9_B_GS,GS_2018_B,57.27,-4.92,14,57.27,-4.92,2.8674217104451,9.95897838371586,12.826400094161
GA6_3_B_GS,GS_2018_B,57.27,-4.92,7,57.27,-4.92,-0.632578289554841,6.45897838371581,5.82640009416097
GA7_15_B_GS,GS_2018_B,57.27,-4.92,7,57.27,-4.92,-0.632578289554841,6.45897838371581,5.82640009416097
GA9_29_B_GS,GS_2018_B,57.27,-4.92,7,57.27,-4.92,-0.632578289554841,6.45897838371581,5.82640009416097
GL1_22_B_GS,GS_2018_B,56.91,-5.13,7,56.91,-5.13,-0.0646836318100803,7.02687304146059,6.96218940965051
GL2_15_B_GS,GS_2018_B,56.91,-5.13,7,56.91,-5.13,-0.0646836318100803,7.02687304146059,6.96218940965051
GL3_10_B_GS,GS_2018_B,56.91,-5.13,7,56.91,-5.13,-0.0646836318100803,7.02687304146059,6.96218940965051
GT1_6_B_GS,GS_2018_B,57.05,-2.86,7,57.05,-2.86,-1.31537075486298,5.77618591840767,4.46081516354469
GT2_2_B_GS,GS_2018_B,57.05,-2.86,14,57.05,-2.86,2.18462924513697,9.27618591840772,11.4608151635447
GT3_2_B_GS,GS_2018_B,57.05,-2.86,7,57.05,-2.86,-1.31537075486298,5.77618591840767,4.46081516354469
GT5_2_B_GS,GS_2018_B,57.05,-2.86,7,57.05,-2.86,-1.31537075486298,5.77618591840767,4.46081516354469
GT6_10_B_GS,GS_2018_B,57.05,-2.86,14,57.05,-2.86,2.18462924513697,9.27618591840772,11.4608151635447
GT7_22_B_GS,GS_2018_B,57.05,-2.86,7,57.05,-2.86,-1.31537075486298,5.77618591840767,4.46081516354469
GT8_5_B_GS,GS_2018_B,57.05,-2.86,14,57.05,-2.86,2.18462924513697,9.27618591840772,11.4608151635447
GT9_15_B_GS,GS_2018_B,57.05,-2.86,7,57.05,-2.86,-1.31537075486298,5.77618591840767,4.46081516354469
RD10_22_B_GS,GS_2018_B,57.89,-4.98,7,57.89,-4.98,-1.42436759113232,5.6671890821383,4.24282149100598
RD3_26_B_GS,GS_2018_B,57.89,-4.98,14,57.89,-4.98,2.07563240886764,9.16718908213835,11.242821491006
RD7_15_B_GS,GS_2018_B,57.89,-4.98,7,57.89,-4.98,-1.42436759113232,5.6671890821383,4.24282149100598
RD8_29_B_GS,GS_2018_B,57.89,-4.98,7,57.89,-4.98,-1.42436759113232,5.6671890821383,4.24282149100598
RD9_5_B_GS,GS_2018_B,57.89,-4.98,14,57.89,-4.98,2.07563240886764,9.16718908213835,11.242821491006
BE10_22_B_GS,GS_2019_B,57.63,-5.35,24,57.63,-5.35,1.75074917737386,5.37692495507299,7.12767413244685
BE3_22_B_GS,GS_2019_B,57.63,-5.35,24,57.63,-5.35,1.75074917737386,5.37692495507299,7.12767413244685
BE5_5_B_GS,GS_2019_B,57.63,-5.35,17,57.63,-5.35,-1.74925082262609,1.87692495507294,0.12767413244685
BE8_5_B_GS,GS_2019_B,57.63,-5.35,17,57.63,-5.35,-1.74925082262609,1.87692495507294,0.12767413244685
GA3_22_B_GS,GS_2019_B,57.27,-4.92,10,57.27,-4.92,-1.28430458102546,2.34187119667359,1.05756661564814
GA5_9_B_GS,GS_2019_B,57.27,-4.92,17,57.27,-4.92,2.21569541897449,5.84187119667364,8.05756661564814
GA6_3_B_GS,GS_2019_B,57.27,-4.92,17,57.27,-4.92,2.21569541897449,5.84187119667364,8.05756661564814
GA7_15_B_GS,GS_2019_B,57.27,-4.92,10,57.27,-4.92,-1.28430458102546,2.34187119667359,1.05756661564814
GA9_29_B_GS,GS_2019_B,57.27,-4.92,10,57.27,-4.92,-1.28430458102546,2.34187119667359,1.05756661564814
GL1_22_B_GS,GS_2019_B,56.91,-5.13,10,56.91,-5.13,-0.777663552293667,2.8485122254054,2.07084867311173
GL2_15_B_GS,GS_2019_B,56.91,-5.13,17,56.91,-5.13,2.72233644770628,6.34851222540545,9.07084867311173
GL3_10_B_GS,GS_2019_B,56.91,-5.13,7,56.91,-5.13,-2.27766355229365,1.34851222540538,-0.929151326888269
GT1_6_B_GS,GS_2019_B,57.05,-2.86,17,57.05,-2.86,2.18257379471042,5.80874957240955,7.99132336711997
GT2_2_B_GS,GS_2019_B,57.05,-2.86,10,57.05,-2.86,-1.31742620528953,2.3087495724095,0.991323367119965
GT3_2_B_GS,GS_2019_B,57.05,-2.86,17,57.05,-2.86,2.18257379471042,5.80874957240955,7.99132336711997
GT5_2_B_GS,GS_2019_B,57.05,-2.86,10,57.05,-2.86,-1.31742620528953,2.3087495724095,0.991323367119965
GT6_10_B_GS,GS_2019_B,57.05,-2.86,17,57.05,-2.86,2.18257379471042,5.80874957240955,7.99132336711997
GT7_22_B_GS,GS_2019_B,57.05,-2.86,10,57.05,-2.86,-1.31742620528953,2.3087495724095,0.991323367119965
GT8_5_B_GS,GS_2019_B,57.05,-2.86,17,57.05,-2.86,2.18257379471042,5.80874957240955,7.99132336711997
GT9_15_B_GS,GS_2019_B,57.05,-2.86,3,57.05,-2.86,-4.81742620528948,-1.19125042759055,-6.00867663288004
RD10_22_B_GS,GS_2019_B,57.89,-4.98,10,57.89,-4.98,-2.14181470103432,1.48436107666472,-0.657453624369597
RD3_26_B_GS,GS_2019_B,57.89,-4.98,10,57.89,-4.98,-2.14181470103432,1.48436107666472,-0.657453624369597
RD7_15_B_GS,GS_2019_B,57.89,-4.98,17,57.89,-4.98,1.35818529896563,4.98436107666477,6.3425463756304
RD8_29_B_GS,GS_2019_B,57.89,-4.98,10,57.89,-4.98,-2.14181470103432,1.48436107666472,-0.657453624369597
RD9_5_B_GS,GS_2019_B,57.89,-4.98,24,57.89,-4.98,4.85818529896559,8.48436107666482,13.3425463756304
BE2_1_C_YA,YA_2015_C,57.63,-5.35,27,57.63,-5.35,5.49985001205916,25.3362504732136,30.8361004852728
BE3_20_C_YA,YA_2015_C,57.63,-5.35,11,57.63,-5.35,-2.50014998794087,17.3362504732137,14.8361004852728
BE4_23_C_YA,YA_2015_C,57.63,-5.35,14,57.63,-5.35,-1.00014998794086,18.8362504732137,17.8361004852728
BE5_19_C_YA,YA_2015_C,57.63,-5.35,21,57.63,-5.35,2.49985001205915,22.3362504732136,24.8361004852728
BE7_6_C_YA,YA_2015_C,57.63,-5.35,11,57.63,-5.35,-2.50014998794087,17.3362504732137,14.8361004852728
BE8_19_C_YA,YA_2015_C,57.63,-5.35,14,57.63,-5.35,-1.00014998794086,18.8362504732137,17.8361004852728
BE9_21_C_YA,YA_2015_C,57.63,-5.35,14,57.63,-5.35,-1.00014998794086,18.8362504732137,17.8361004852728
GA10_27_C_YA,YA_2015_C,57.27,-4.92,8,57.27,-4.92,-5.28377883410186,14.5526216270527,9.26884279295081
GA3_27_C_YA,YA_2015_C,57.27,-4.92,21,57.27,-4.92,1.21622116589817,21.0526216270526,22.2688427929508
GA5_23_C_YA,YA_2015_C,57.27,-4.92,27,57.27,-4.92,4.21622116589819,24.0526216270526,28.2688427929508
GA6_27_C_YA,YA_2015_C,57.27,-4.92,27,57.27,-4.92,4.21622116589819,24.0526216270526,28.2688427929508
GA7_23_C_YA,YA_2015_C,57.27,-4.92,14,57.27,-4.92,-2.28377883410184,17.5526216270527,15.2688427929508
GA9_12_C_YA,YA_2015_C,57.27,-4.92,14,57.27,-4.92,-2.28377883410184,17.5526216270527,15.2688427929508
GL2_1_C_YA,YA_2015_C,56.91,-5.13,27,56.91,-5.13,3.52333306453636,23.3597335256908,26.8830665902272
GL3_12_C_YA,YA_2015_C,56.91,-5.13,27,56.91,-5.13,3.52333306453636,23.3597335256908,26.8830665902272
GL4_5_C_YA,YA_2015_C,56.91,-5.13,18,56.91,-5.13,-0.976666935463665,18.8597335256908,17.8830665902272
GL7_10_C_YA,YA_2015_C,56.91,-5.13,14,56.91,-5.13,-2.97666693546367,16.8597335256908,13.8830665902272
GL8_19_C_YA,YA_2015_C,56.91,-5.13,14,56.91,-5.13,-2.97666693546367,16.8597335256908,13.8830665902272
GT2_18_C_YA,YA_2015_C,57.05,-2.86,14,57.05,-2.86,-0.996548147415879,18.8398523137386,17.8433041663228
GT6_30_C_YA,YA_2015_C,57.05,-2.86,18,57.05,-2.86,1.00345185258411,20.8398523137386,21.8433041663227
GT7_12_C_YA,YA_2015_C,57.05,-2.86,18,57.05,-2.86,1.00345185258411,20.8398523137386,21.8433041663227
GT8_19_C_YA,YA_2015_C,57.05,-2.86,14,57.05,-2.86,-0.996548147415879,18.8398523137386,17.8433041663228
RD1_23_C_YA,YA_2015_C,57.89,-4.98,18,57.89,-4.98,0.595541697862966,20.4319421590174,21.0274838568804
RD2_22_C_YA,YA_2015_C,57.89,-4.98,14,57.89,-4.98,-1.40445830213706,18.4319421590175,17.0274838568804
RD3_4_C_YA,YA_2015_C,57.89,-4.98,27,57.89,-4.98,5.09554169786298,24.9319421590174,30.0274838568804
RD5_30_C_YA,YA_2015_C,57.89,-4.98,14,57.89,-4.98,-1.40445830213706,18.4319421590175,17.0274838568804
RD7_12_C_YA,YA_2015_C,57.89,-4.98,14,57.89,-4.98,-1.40445830213706,18.4319421590175,17.0274838568804
RD9_18_C_YA,YA_2015_C,57.89,-4.98,14,57.89,-4.98,-1.40445830213706,18.4319421590175,17.0274838568804
BE2_1_C_YA,YA_2016_C,57.63,-5.35,10,57.63,-5.35,-0.285966241360896,11.5368570697295,11.2508908283686
BE3_20_C_YA,YA_2016_C,57.63,-5.35,10,57.63,-5.35,-0.285966241360896,11.5368570697295,11.2508908283686
BE4_23_C_YA,YA_2016_C,57.63,-5.35,10,57.63,-5.35,-0.285966241360896,11.5368570697295,11.2508908283686
BE5_19_C_YA,YA_2016_C,57.63,-5.35,14,57.63,-5.35,1.71403375863911,13.5368570697295,15.2508908283686
BE7_6_C_YA,YA_2016_C,57.63,-5.35,10,57.63,-5.35,-0.285966241360896,11.5368570697295,11.2508908283686
BE8_19_C_YA,YA_2016_C,57.63,-5.35,10,57.63,-5.35,-0.285966241360896,11.5368570697295,11.2508908283686
BE9_21_C_YA,YA_2016_C,57.63,-5.35,10,57.63,-5.35,-0.285966241360896,11.5368570697295,11.2508908283686
GA10_27_C_YA,YA_2016_C,57.27,-4.92,10,57.27,-4.92,-0.473409681730002,11.3494136293603,10.8760039476303
GA3_27_C_YA,YA_2016_C,57.27,-4.92,10,57.27,-4.92,-0.473409681730002,11.3494136293603,10.8760039476303
GA5_23_C_YA,YA_2016_C,57.27,-4.92,10,57.27,-4.92,-0.473409681730002,11.3494136293603,10.8760039476303
GA6_27_C_YA,YA_2016_C,57.27,-4.92,15,57.27,-4.92,2.02659031827,13.8494136293603,15.8760039476303
GA7_23_C_YA,YA_2016_C,57.27,-4.92,10,57.27,-4.92,-0.473409681730002,11.3494136293603,10.8760039476303
GA9_12_C_YA,YA_2016_C,57.27,-4.92,10,57.27,-4.92,-0.473409681730002,11.3494136293603,10.8760039476303
GL2_1_C_YA,YA_2016_C,56.91,-5.13,10,56.91,-5.13,-0.360804199799654,11.4620191112907,11.101214911491
GL3_12_C_YA,YA_2016_C,56.91,-5.13,14,56.91,-5.13,1.63919580020035,13.4620191112907,15.101214911491
GL4_5_C_YA,YA_2016_C,56.91,-5.13,10,56.91,-5.13,-0.360804199799654,11.4620191112907,11.101214911491
GL7_10_C_YA,YA_2016_C,56.91,-5.13,10,56.91,-5.13,-0.360804199799654,11.4620191112907,11.101214911491
GL8_19_C_YA,YA_2016_C,56.91,-5.13,10,56.91,-5.13,-0.360804199799654,11.4620191112907,11.101214911491
GT2_18_C_YA,YA_2016_C,57.05,-2.86,10,57.05,-2.86,-0.494201442164336,11.328621868926,10.8344204267617
GT6_30_C_YA,YA_2016_C,57.05,-2.86,14,57.05,-2.86,1.50579855783567,13.328621868926,14.8344204267617
GT7_12_C_YA,YA_2016_C,57.05,-2.86,10,57.05,-2.86,-0.494201442164336,11.328621868926,10.8344204267617
GT8_19_C_YA,YA_2016_C,57.05,-2.86,10,57.05,-2.86,-0.494201442164336,11.328621868926,10.8344204267617
RD1_23_C_YA,YA_2016_C,57.89,-4.98,14,57.89,-4.98,1.35384142459264,13.176664735683,14.5305061602757
RD2_22_C_YA,YA_2016_C,57.89,-4.98,14,57.89,-4.98,1.35384142459264,13.176664735683,14.5305061602757
RD3_4_C_YA,YA_2016_C,57.89,-4.98,10,57.89,-4.98,-0.646158575407359,11.176664735683,10.5305061602757
RD5_30_C_YA,YA_2016_C,57.89,-4.98,10,57.89,-4.98,-0.646158575407359,11.176664735683,10.5305061602757
RD7_12_C_YA,YA_2016_C,57.89,-4.98,10,57.89,-4.98,-0.646158575407359,11.176664735683,10.5305061602757
RD9_18_C_YA,YA_2016_C,57.89,-4.98,10,57.89,-4.98,-0.646158575407359,11.176664735683,10.5305061602757
BE2_1_C_YA,YA_2017_C,57.63,-5.35,20,57.63,-5.35,1.8566154440391,15.05191787281,16.9085333168491
BE3_20_C_YA,YA_2017_C,57.63,-5.35,10,57.63,-5.35,-3.14338455596091,10.05191787281,6.90853331684913
BE4_23_C_YA,YA_2017_C,57.63,-5.35,12,57.63,-5.35,-2.14338455596091,11.05191787281,8.90853331684913
BE5_19_C_YA,YA_2017_C,57.63,-5.35,20,57.63,-5.35,1.8566154440391,15.05191787281,16.9085333168491
BE7_6_C_YA,YA_2017_C,57.63,-5.35,20,57.63,-5.35,1.8566154440391,15.05191787281,16.9085333168491
BE8_19_C_YA,YA_2017_C,57.63,-5.35,20,57.63,-5.35,1.8566154440391,15.05191787281,16.9085333168491
BE9_21_C_YA,YA_2017_C,57.63,-5.35,12,57.63,-5.35,-2.14338455596091,11.05191787281,8.90853331684913
GA10_27_C_YA,YA_2017_C,57.27,-4.92,20,57.27,-4.92,1.79788778589896,14.9931902146699,16.7910780005689
GA3_27_C_YA,YA_2017_C,57.27,-4.92,12,57.27,-4.92,-2.20211221410102,10.9931902146699,8.79107800056891
GA5_23_C_YA,YA_2017_C,57.27,-4.92,20,57.27,-4.92,1.79788778589896,14.9931902146699,16.7910780005689
GA6_27_C_YA,YA_2017_C,57.27,-4.92,20,57.27,-4.92,1.79788778589896,14.9931902146699,16.7910780005689
GA7_23_C_YA,YA_2017_C,57.27,-4.92,20,57.27,-4.92,1.79788778589896,14.9931902146699,16.7910780005689
GA9_12_C_YA,YA_2017_C,57.27,-4.92,5,57.27,-4.92,-5.70211221410102,7.49319021466993,1.79107800056891
GL2_1_C_YA,YA_2017_C,56.91,-5.13,13,56.91,-5.13,-2.71795231054524,10.4773501182257,7.75939780768048
GL3_12_C_YA,YA_2017_C,56.91,-5.13,20,56.91,-5.13,0.782047689454746,13.9773501182257,14.7593978076805
GL4_5_C_YA,YA_2017_C,56.91,-5.13,20,56.91,-5.13,0.782047689454746,13.9773501182257,14.7593978076805
GL7_10_C_YA,YA_2017_C,56.91,-5.13,20,56.91,-5.13,0.782047689454746,13.9773501182257,14.7593978076805
GL8_19_C_YA,YA_2017_C,56.91,-5.13,20,56.91,-5.13,0.782047689454746,13.9773501182257,14.7593978076805
GT2_18_C_YA,YA_2017_C,57.05,-2.86,12,57.05,-2.86,-1.98786200893557,11.2074404198354,9.2195784108998
GT6_30_C_YA,YA_2017_C,57.05,-2.86,20,57.05,-2.86,2.01213799106444,15.2074404198354,17.2195784108998
GT7_12_C_YA,YA_2017_C,57.05,-2.86,12,57.05,-2.86,-1.98786200893557,11.2074404198354,9.2195784108998
GT8_19_C_YA,YA_2017_C,57.05,-2.86,20,57.05,-2.86,2.01213799106444,15.2074404198354,17.2195784108998
RD1_23_C_YA,YA_2017_C,57.89,-4.98,20,57.89,-4.98,3.37626246079988,16.5715648895708,19.9478273503707
RD2_22_C_YA,YA_2017_C,57.89,-4.98,12,57.89,-4.98,-0.623737539200144,12.5715648895708,11.9478273503707
RD3_4_C_YA,YA_2017_C,57.89,-4.98,12,57.89,-4.98,-0.623737539200144,12.5715648895708,11.9478273503707
RD5_30_C_YA,YA_2017_C,57.89,-4.98,12,57.89,-4.98,-0.623737539200144,12.5715648895708,11.9478273503707
RD7_12_C_YA,YA_2017_C,57.89,-4.98,12,57.89,-4.98,-0.623737539200144,12.5715648895708,11.9478273503707
RD9_18_C_YA,YA_2017_C,57.89,-4.98,12,57.89,-4.98,-0.623737539200144,12.5715648895708,11.9478273503707
BE2_1_C_YA,YA_2018_C,57.63,-5.35,13,57.63,-5.35,1.42888757103227,7.50197057210604,8.93085814313831
BE3_20_C_YA,YA_2018_C,57.63,-5.35,13,57.63,-5.35,1.42888757103227,7.50197057210604,8.93085814313831
BE4_23_C_YA,YA_2018_C,57.63,-5.35,6,57.63,-5.35,-2.07111242896774,4.00197057210605,1.93085814313831
BE5_19_C_YA,YA_2018_C,57.63,-5.35,13,57.63,-5.35,1.42888757103227,7.50197057210604,8.93085814313831
BE7_6_C_YA,YA_2018_C,57.63,-5.35,7,57.63,-5.35,-1.57111242896774,4.50197057210605,2.93085814313831
BE8_19_C_YA,YA_2018_C,57.63,-5.35,13,57.63,-5.35,1.42888757103227,7.50197057210604,8.93085814313831
BE9_21_C_YA,YA_2018_C,57.63,-5.35,6,57.63,-5.35,-2.07111242896774,4.00197057210605,1.93085814313831
GA10_27_C_YA,YA_2018_C,57.27,-4.92,6,57.27,-4.92,-1.09546811769196,4.97761488338182,3.88214676568986
GA3_27_C_YA,YA_2018_C,57.27,-4.92,13,57.27,-4.92,2.40453188230804,8.47761488338182,10.8821467656899
GA5_23_C_YA,YA_2018_C,57.27,-4.92,6,57.27,-4.92,-1.09546811769196,4.97761488338182,3.88214676568986
GA6_27_C_YA,YA_2018_C,57.27,-4.92,13,57.27,-4.92,2.40453188230804,8.47761488338182,10.8821467656899
GA7_23_C_YA,YA_2018_C,57.27,-4.92,6,57.27,-4.92,-1.09546811769196,4.97761488338182,3.88214676568986
GA9_12_C_YA,YA_2018_C,57.27,-4.92,6,57.27,-4.92,-1.09546811769196,4.97761488338182,3.88214676568986
GL2_1_C_YA,YA_2018_C,56.91,-5.13,6,56.91,-5.13,-0.949181103560697,5.12390189751308,4.17472079395238
GL3_12_C_YA,YA_2018_C,56.91,-5.13,13,56.91,-5.13,2.55081889643931,8.62390189751307,11.1747207939524
GL4_5_C_YA,YA_2018_C,56.91,-5.13,7,56.91,-5.13,-0.449181103560697,5.62390189751308,5.17472079395238
GL7_10_C_YA,YA_2018_C,56.91,-5.13,7,56.91,-5.13,-0.449181103560697,5.62390189751308,5.17472079395238
GL8_19_C_YA,YA_2018_C,56.91,-5.13,6,56.91,-5.13,-0.949181103560697,5.12390189751308,4.17472079395238
GT2_18_C_YA,YA_2018_C,57.05,-2.86,6,57.05,-2.86,-1.00727576607631,5.06580723499747,4.05853146892116
GT6_30_C_YA,YA_2018_C,57.05,-2.86,13,57.05,-2.86,2.49272423392369,8.56580723499746,11.0585314689212
GT7_12_C_YA,YA_2018_C,57.05,-2.86,7,57.05,-2.86,-0.507275766076308,5.56580723499746,5.05853146892116
GT8_19_C_YA,YA_2018_C,57.05,-2.86,6,57.05,-2.86,-1.00727576607631,5.06580723499747,4.05853146892116
RD1_23_C_YA,YA_2018_C,57.89,-4.98,7,57.89,-4.98,-0.8590659514946,5.21401704957918,4.35495109808458
RD2_22_C_YA,YA_2018_C,57.89,-4.98,13,57.89,-4.98,2.14093404850541,8.21401704957918,10.3549510980846
RD3_4_C_YA,YA_2018_C,57.89,-4.98,13,57.89,-4.98,2.14093404850541,8.21401704957918,10.3549510980846
RD5_30_C_YA,YA_2018_C,57.89,-4.98,6,57.89,-4.98,-1.3590659514946,4.71401704957918,3.35495109808458
RD7_12_C_YA,YA_2018_C,57.89,-4.98,6,57.89,-4.98,-1.3590659514946,4.71401704957918,3.35495109808458
RD9_18_C_YA,YA_2018_C,57.89,-4.98,7,57.89,-4.98,-0.8590659514946,5.21401704957918,4.35495109808458
BE2_1_C_YA,YA_2019_C,57.63,-5.35,7,57.63,-5.35,1.28630705749746,9.11959511247463,10.4059021699721
BE3_20_C_YA,YA_2019_C,57.63,-5.35,7,57.63,-5.35,1.28630705749746,9.11959511247463,10.4059021699721
BE4_23_C_YA,YA_2019_C,57.63,-5.35,1,57.63,-5.35,-1.71369294250256,6.11959511247464,4.40590216997208
BE5_19_C_YA,YA_2019_C,57.63,-5.35,7,57.63,-5.35,1.28630705749746,9.11959511247463,10.4059021699721
BE7_6_C_YA,YA_2019_C,57.63,-5.35,1,57.63,-5.35,-1.71369294250256,6.11959511247464,4.40590216997208
BE8_19_C_YA,YA_2019_C,57.63,-5.35,7,57.63,-5.35,1.28630705749746,9.11959511247463,10.4059021699721
BE9_21_C_YA,YA_2019_C,57.63,-5.35,1,57.63,-5.35,-1.71369294250256,6.11959511247464,4.40590216997208
GA10_27_C_YA,YA_2019_C,57.27,-4.92,1,57.27,-4.92,-2.44983500256726,5.38345305240994,2.93361804984268
GA3_27_C_YA,YA_2019_C,57.27,-4.92,7,57.27,-4.92,0.55016499743275,8.38345305240993,8.93361804984268
GA5_23_C_YA,YA_2019_C,57.27,-4.92,7,57.27,-4.92,0.55016499743275,8.38345305240993,8.93361804984268
GA6_27_C_YA,YA_2019_C,57.27,-4.92,14,57.27,-4.92,4.05016499743277,11.8834530524099,15.9336180498427
GA7_23_C_YA,YA_2019_C,57.27,-4.92,7,57.27,-4.92,0.55016499743275,8.38345305240993,8.93361804984268
GA9_12_C_YA,YA_2019_C,57.27,-4.92,1,57.27,-4.92,-2.44983500256726,5.38345305240994,2.93361804984268
GL2_1_C_YA,YA_2019_C,56.91,-5.13,7,56.91,-5.13,0.50778470453195,8.34107275950913,8.84885746404108
GL3_12_C_YA,YA_2019_C,56.91,-5.13,7,56.91,-5.13,0.50778470453195,8.34107275950913,8.84885746404108
GL4_5_C_YA,YA_2019_C,56.91,-5.13,7,56.91,-5.13,0.50778470453195,8.34107275950913,8.84885746404108
GL7_10_C_YA,YA_2019_C,56.91,-5.13,7,56.91,-5.13,0.50778470453195,8.34107275950913,8.84885746404108
GL8_19_C_YA,YA_2019_C,56.91,-5.13,1,56.91,-5.13,-2.49221529546806,5.34107275950914,2.84885746404108
GT2_18_C_YA,YA_2019_C,57.05,-2.86,1,57.05,-2.86,-1.51364216883956,6.31964588613764,4.80600371729808
GT6_30_C_YA,YA_2019_C,57.05,-2.86,7,57.05,-2.86,1.48635783116045,9.31964588613763,10.8060037172981
GT7_12_C_YA,YA_2019_C,57.05,-2.86,7,57.05,-2.86,1.48635783116045,9.31964588613763,10.8060037172981
GT8_19_C_YA,YA_2019_C,57.05,-2.86,1,57.05,-2.86,-1.51364216883956,6.31964588613764,4.80600371729808
RD1_23_C_YA,YA_2019_C,57.89,-4.98,7,57.89,-4.98,0.451750960936632,8.28503901591382,8.73678997685045
RD2_22_C_YA,YA_2019_C,57.89,-4.98,7,57.89,-4.98,0.451750960936632,8.28503901591382,8.73678997685045
RD3_4_C_YA,YA_2019_C,57.89,-4.98,7,57.89,-4.98,0.451750960936632,8.28503901591382,8.73678997685045
RD5_30_C_YA,YA_2019_C,57.89,-4.98,7,57.89,-4.98,0.451750960936632,8.28503901591382,8.73678997685045
RD7_12_C_YA,YA_2019_C,57.89,-4.98,1,57.89,-4.98,-2.54824903906337,5.28503901591383,2.73678997685046
RD9_18_C_YA,YA_2019_C,57.89,-4.98,7,57.89,-4.98,0.451750960936632,8.28503901591382,8.73678997685045
BE2_11_B_YA,YA_2015_B,57.63,-5.35,14,57.63,-5.35,-0.0989429649139257,21.8024921470586,21.7035491821447
BE4_20_B_YA,YA_2015_B,57.63,-5.35,14,57.63,-5.35,-0.0989429649139257,21.8024921470586,21.7035491821447
BE5_27_B_YA,YA_2015_B,57.63,-5.35,18,57.63,-5.35,1.90105703508606,23.8024921470586,25.7035491821447
BE7_12_B_YA,YA_2015_B,57.63,-5.35,11,57.63,-5.35,-1.59894296491393,20.3024921470586,18.7035491821447
BE8_4_B_YA,YA_2015_B,57.63,-5.35,14,57.63,-5.35,-0.0989429649139257,21.8024921470586,21.7035491821447
GA10_20_B_YA,YA_2015_B,57.27,-4.92,14,57.27,-4.92,-1.99595266511764,19.9054824468549,17.9095297817373
GA3_18_B_YA,YA_2015_B,57.27,-4.92,21,57.27,-4.92,1.50404733488238,23.4054824468549,24.9095297817373
GA5_30_B_YA,YA_2015_B,57.27,-4.92,21,57.27,-4.92,1.50404733488238,23.4054824468549,24.9095297817373
GA6_25_B_YA,YA_2015_B,57.27,-4.92,18,57.27,-4.92,0.00404733488237596,21.9054824468549,21.9095297817373
GA7_10_B_YA,YA_2015_B,57.27,-4.92,18,57.27,-4.92,0.00404733488237596,21.9054824468549,21.9095297817373
GL3_1_B_YA,YA_2015_B,56.91,-5.13,14,56.91,-5.13,-0.117456432897999,21.7839786790745,21.6665222461765
GL4_27_B_YA,YA_2015_B,56.91,-5.13,14,56.91,-5.13,-0.117456432897999,21.7839786790745,21.6665222461765
GL6_23_B_YA,YA_2015_B,56.91,-5.13,14,56.91,-5.13,-0.117456432897999,21.7839786790745,21.6665222461765
GL7_14_B_YA,YA_2015_B,56.91,-5.13,14,56.91,-5.13,-0.117456432897999,21.7839786790745,21.6665222461765
GL8_4_B_YA,YA_2015_B,56.91,-5.13,14,56.91,-5.13,-0.117456432897999,21.7839786790745,21.6665222461765
GT2_27_B_YA,YA_2015_B,57.05,-2.86,18,57.05,-2.86,0.143498268832467,22.044933380805,22.1884316496374
GT5_18_B_YA,YA_2015_B,57.05,-2.86,14,57.05,-2.86,-1.85650173116755,20.044933380805,18.1884316496374
GT9_18_B_YA,YA_2015_B,57.05,-2.86,21,57.05,-2.86,1.64349826883247,23.544933380805,25.1884316496374
RD10_11_B_YA,YA_2015_B,57.89,-4.98,14,57.89,-4.98,-1.17374689837034,20.7276882136022,19.5539413152319
RD2_11_B_YA,YA_2015_B,57.89,-4.98,14,57.89,-4.98,-1.17374689837034,20.7276882136022,19.5539413152319
RD7_7_B_YA,YA_2015_B,57.89,-4.98,14,57.89,-4.98,-1.17374689837034,20.7276882136022,19.5539413152319
RD8_11_B_YA,YA_2015_B,57.89,-4.98,18,57.89,-4.98,0.826253101629675,22.7276882136022,23.5539413152319
RD9_4_B_YA,YA_2015_B,57.89,-4.98,21,57.89,-4.98,2.32625310162968,24.2276882136022,26.5539413152319
BE2_11_B_YA,YA_2016_B,57.63,-5.35,10,57.63,-5.35,-0.398294655656011,12.9098348288435,12.5115401731875
BE4_20_B_YA,YA_2016_B,57.63,-5.35,10,57.63,-5.35,-0.398294655656011,12.9098348288435,12.5115401731875
BE5_27_B_YA,YA_2016_B,57.63,-5.35,14,57.63,-5.35,1.601705344344,14.9098348288435,16.5115401731875
BE7_12_B_YA,YA_2016_B,57.63,-5.35,10,57.63,-5.35,-0.398294655656011,12.9098348288435,12.5115401731875
BE8_4_B_YA,YA_2016_B,57.63,-5.35,10,57.63,-5.35,-0.398294655656011,12.9098348288435,12.5115401731875
GA10_20_B_YA,YA_2016_B,57.27,-4.92,10,57.27,-4.92,-0.870804713254117,12.4373247712454,11.5665200579913
GA3_18_B_YA,YA_2016_B,57.27,-4.92,14,57.27,-4.92,1.12919528674589,14.4373247712454,15.5665200579913
GA5_30_B_YA,YA_2016_B,57.27,-4.92,14,57.27,-4.92,1.12919528674589,14.4373247712454,15.5665200579913
GA6_25_B_YA,YA_2016_B,57.27,-4.92,14,57.27,-4.92,1.12919528674589,14.4373247712454,15.5665200579913
GA7_10_B_YA,YA_2016_B,57.27,-4.92,10,57.27,-4.92,-0.870804713254117,12.4373247712454,11.5665200579913
GL3_1_B_YA,YA_2016_B,56.91,-5.13,10,56.91,-5.13,-0.589495756612589,12.7186337278869,12.1291379712743
GL4_27_B_YA,YA_2016_B,56.91,-5.13,10,56.91,-5.13,-0.589495756612589,12.7186337278869,12.1291379712743
GL6_23_B_YA,YA_2016_B,56.91,-5.13,14,56.91,-5.13,1.41050424338742,14.7186337278869,16.1291379712743
GL7_14_B_YA,YA_2016_B,56.91,-5.13,10,56.91,-5.13,-0.589495756612589,12.7186337278869,12.1291379712743
GL8_4_B_YA,YA_2016_B,56.91,-5.13,10,56.91,-5.13,-0.589495756612589,12.7186337278869,12.1291379712743
GT2_27_B_YA,YA_2016_B,57.05,-2.86,14,57.05,-2.86,0.62928844081021,13.9374179253097,14.5667063661199
GT5_18_B_YA,YA_2016_B,57.05,-2.86,10,57.05,-2.86,-1.3707115591898,11.9374179253097,10.5667063661199
GT9_18_B_YA,YA_2016_B,57.05,-2.86,14,57.05,-2.86,0.62928844081021,13.9374179253097,14.5667063661199
RD10_11_B_YA,YA_2016_B,57.89,-4.98,10,57.89,-4.98,-0.918977938964108,12.3891515455354,11.4701736065713
RD2_11_B_YA,YA_2016_B,57.89,-4.98,10,57.89,-4.98,-0.918977938964108,12.3891515455354,11.4701736065713
RD7_7_B_YA,YA_2016_B,57.89,-4.98,10,57.89,-4.98,-0.918977938964108,12.3891515455354,11.4701736065713
RD8_11_B_YA,YA_2016_B,57.89,-4.98,14,57.89,-4.98,1.0810220610359,14.3891515455354,15.4701736065713
RD9_4_B_YA,YA_2016_B,57.89,-4.98,14,57.89,-4.98,1.0810220610359,14.3891515455354,15.4701736065713
BE2_11_B_YA,YA_2017_B,57.63,-5.35,20,57.63,-5.35,1.50144812783507,23.5025685040976,25.0040166319327
BE4_20_B_YA,YA_2017_B,57.63,-5.35,5,57.63,-5.35,-5.99855187216491,16.0025685040976,10.0040166319327
BE5_27_B_YA,YA_2017_B,57.63,-5.35,20,57.63,-5.35,1.50144812783507,23.5025685040976,25.0040166319327
BE7_12_B_YA,YA_2017_B,57.63,-5.35,20,57.63,-5.35,1.50144812783507,23.5025685040976,25.0040166319327
BE8_4_B_YA,YA_2017_B,57.63,-5.35,20,57.63,-5.35,1.50144812783507,23.5025685040976,25.0040166319327
GA10_20_B_YA,YA_2017_B,57.27,-4.92,20,57.27,-4.92,-0.120457127039433,21.8806632492232,21.7602061221837
GA3_18_B_YA,YA_2017_B,57.27,-4.92,20,57.27,-4.92,-0.120457127039433,21.8806632492232,21.7602061221837
GA5_30_B_YA,YA_2017_B,57.27,-4.92,20,57.27,-4.92,-0.120457127039433,21.8806632492232,21.7602061221837
GA6_25_B_YA,YA_2017_B,57.27,-4.92,20,57.27,-4.92,-0.120457127039433,21.8806632492232,21.7602061221837
GA7_10_B_YA,YA_2017_B,57.27,-4.92,24,57.27,-4.92,1.87954287296056,23.8806632492232,25.7602061221837
GL3_1_B_YA,YA_2017_B,56.91,-5.13,0,56.91,-5.13,-4.26091417572142,17.7402062005411,13.4792920248197
GL4_27_B_YA,YA_2017_B,56.91,-5.13,5,56.91,-5.13,-1.76091417572142,20.2402062005411,18.4792920248197
GL6_23_B_YA,YA_2017_B,56.91,-5.13,12,56.91,-5.13,1.73908582427857,23.7402062005411,25.4792920248197
GL7_14_B_YA,YA_2017_B,56.91,-5.13,12,56.91,-5.13,1.73908582427857,23.7402062005411,25.4792920248197
GL8_4_B_YA,YA_2017_B,56.91,-5.13,12,56.91,-5.13,1.73908582427857,23.7402062005411,25.4792920248197
GT2_27_B_YA,YA_2017_B,57.05,-2.86,20,57.05,-2.86,1.30159285264492,23.3027132289075,24.6043060815524
GT5_18_B_YA,YA_2017_B,57.05,-2.86,12,57.05,-2.86,-2.69840714735506,19.3027132289075,16.6043060815524
GT9_18_B_YA,YA_2017_B,57.05,-2.86,20,57.05,-2.86,1.30159285264492,23.3027132289075,24.6043060815524
RD10_11_B_YA,YA_2017_B,57.89,-4.98,20,57.89,-4.98,1.69896746334113,23.7000878396037,25.3990553029448
RD2_11_B_YA,YA_2017_B,57.89,-4.98,10,57.89,-4.98,-3.30103253665887,18.7000878396037,15.3990553029448
RD7_7_B_YA,YA_2017_B,57.89,-4.98,12,57.89,-4.98,-2.30103253665887,19.7000878396037,17.3990553029448
RD8_11_B_YA,YA_2017_B,57.89,-4.98,20,57.89,-4.98,1.69896746334113,23.7000878396037,25.3990553029448
RD9_4_B_YA,YA_2017_B,57.89,-4.98,20,57.89,-4.98,1.69896746334113,23.7000878396037,25.3990553029448
BE2_11_B_YA,YA_2018_B,57.63,-5.35,13,57.63,-5.35,2.40194214429893,14.6610724902326,17.0630146345316
BE4_20_B_YA,YA_2018_B,57.63,-5.35,6,57.63,-5.35,-1.09805785570101,11.1610724902326,10.0630146345316
BE5_27_B_YA,YA_2018_B,57.63,-5.35,10,57.63,-5.35,0.901942144298959,13.1610724902326,14.0630146345316
BE7_12_B_YA,YA_2018_B,57.63,-5.35,6,57.63,-5.35,-1.09805785570101,11.1610724902326,10.0630146345316
BE8_4_B_YA,YA_2018_B,57.63,-5.35,6,57.63,-5.35,-1.09805785570101,11.1610724902326,10.0630146345316
GA10_20_B_YA,YA_2018_B,57.27,-4.92,6,57.27,-4.92,-1.72509345891159,10.534036887022,8.80894342811039
GA3_18_B_YA,YA_2018_B,57.27,-4.92,13,57.27,-4.92,1.77490654108835,14.034036887022,15.8089434281104
GA5_30_B_YA,YA_2018_B,57.27,-4.92,13,57.27,-4.92,1.77490654108835,14.034036887022,15.8089434281104
GA6_25_B_YA,YA_2018_B,57.27,-4.92,6,57.27,-4.92,-1.72509345891159,10.534036887022,8.80894342811039
GA7_10_B_YA,YA_2018_B,57.27,-4.92,13,57.27,-4.92,1.77490654108835,14.034036887022,15.8089434281104
GL3_1_B_YA,YA_2018_B,56.91,-5.13,6,56.91,-5.13,-0.51580867504181,11.7433216708918,11.22751299585
GL4_27_B_YA,YA_2018_B,56.91,-5.13,7,56.91,-5.13,-0.0158086750418187,12.2433216708918,12.22751299585
GL6_23_B_YA,YA_2018_B,56.91,-5.13,7,56.91,-5.13,-0.0158086750418187,12.2433216708918,12.22751299585
GL7_14_B_YA,YA_2018_B,56.91,-5.13,7,56.91,-5.13,-0.0158086750418187,12.2433216708918,12.22751299585
GL8_4_B_YA,YA_2018_B,56.91,-5.13,6,56.91,-5.13,-0.51580867504181,11.7433216708918,11.22751299585
GT2_27_B_YA,YA_2018_B,57.05,-2.86,7,57.05,-2.86,0.124098191563478,12.3832285374971,12.5073267290606
GT5_18_B_YA,YA_2018_B,57.05,-2.86,7,57.05,-2.86,0.124098191563478,12.3832285374971,12.5073267290606
GT9_18_B_YA,YA_2018_B,57.05,-2.86,6,57.05,-2.86,-0.375901808436515,11.8832285374971,11.5073267290606
RD10_11_B_YA,YA_2018_B,57.89,-4.98,13,57.89,-4.98,1.16450107471553,13.4236314206492,14.5881324953647
RD2_11_B_YA,YA_2018_B,57.89,-4.98,13,57.89,-4.98,1.16450107471553,13.4236314206492,14.5881324953647
RD7_7_B_YA,YA_2018_B,57.89,-4.98,13,57.89,-4.98,1.16450107471553,13.4236314206492,14.5881324953647
RD8_11_B_YA,YA_2018_B,57.89,-4.98,7,57.89,-4.98,-1.83549892528441,10.4236314206492,8.58813249536474
RD9_4_B_YA,YA_2018_B,57.89,-4.98,6,57.89,-4.98,-2.3354989252844,9.92363142064914,7.58813249536474
BE2_11_B_YA,YA_2019_B,57.63,-5.35,1,57.63,-5.35,-1.29792723366093,10.5326104826495,9.23468324898857
BE4_20_B_YA,YA_2019_B,57.63,-5.35,1,57.63,-5.35,-1.29792723366093,10.5326104826495,9.23468324898857
BE5_27_B_YA,YA_2019_B,57.63,-5.35,14,57.63,-5.35,5.20207276633908,17.0326104826495,22.2346832489886
BE7_12_B_YA,YA_2019_B,57.63,-5.35,1,57.63,-5.35,-1.29792723366093,10.5326104826495,9.23468324898857
BE8_4_B_YA,YA_2019_B,57.63,-5.35,1,57.63,-5.35,-1.29792723366093,10.5326104826495,9.23468324898857
GA10_20_B_YA,YA_2019_B,57.27,-4.92,7,57.27,-4.92,-0.299878516247766,11.5306592000627,11.2307806838149
GA3_18_B_YA,YA_2019_B,57.27,-4.92,7,57.27,-4.92,-0.299878516247766,11.5306592000627,11.2307806838149
GA5_30_B_YA,YA_2019_B,57.27,-4.92,14,57.27,-4.92,3.20012148375223,15.0306592000627,18.2307806838149
GA6_25_B_YA,YA_2019_B,57.27,-4.92,7,57.27,-4.92,-0.299878516247766,11.5306592000627,11.2307806838149
GA7_10_B_YA,YA_2019_B,57.27,-4.92,7,57.27,-4.92,-0.299878516247766,11.5306592000627,11.2307806838149
GL3_1_B_YA,YA_2019_B,56.91,-5.13,1,56.91,-5.13,-0.730323234727754,11.1002144815827,10.3698912468549
GL4_27_B_YA,YA_2019_B,56.91,-5.13,1,56.91,-5.13,-0.730323234727754,11.1002144815827,10.3698912468549
GL6_23_B_YA,YA_2019_B,56.91,-5.13,7,56.91,-5.13,2.26967676527225,14.1002144815827,16.3698912468549
GL7_14_B_YA,YA_2019_B,56.91,-5.13,1,56.91,-5.13,-0.730323234727754,11.1002144815827,10.3698912468549
GL8_4_B_YA,YA_2019_B,56.91,-5.13,0,56.91,-5.13,-1.23032323472776,10.6002144815827,9.36989124685492
GT2_27_B_YA,YA_2019_B,57.05,-2.86,14,57.05,-2.86,4.28790184694238,16.1184395632528,20.4063414101952
GT5_18_B_YA,YA_2019_B,57.05,-2.86,1,57.05,-2.86,-2.21209815305761,9.61843956325281,7.4063414101952
GT9_18_B_YA,YA_2019_B,57.05,-2.86,1,57.05,-2.86,-2.21209815305761,9.61843956325281,7.4063414101952
RD10_11_B_YA,YA_2019_B,57.89,-4.98,7,57.89,-4.98,0.455387876471424,12.2859255927819,12.7413134692533
RD2_11_B_YA,YA_2019_B,57.89,-4.98,7,57.89,-4.98,0.455387876471424,12.2859255927819,12.7413134692533
RD7_7_B_YA,YA_2019_B,57.89,-4.98,1,57.89,-4.98,-2.54461212352858,9.28592559278186,6.74131346925328
RD8_11_B_YA,YA_2019_B,57.89,-4.98,7,57.89,-4.98,0.455387876471424,12.2859255927819,12.7413134692533
RD9_4_B_YA,YA_2019_B,57.89,-4.98,7,57.89,-4.98,0.455387876471424,12.2859255927819,12.7413134692533
BE5_1_A_YA,YA_2015_A,57.63,-5.35,14,57.63,-5.35,-1.75752066657777,13.6552018422859,11.8976811757081
BE9_30_A_YA,YA_2015_A,57.63,-5.35,21,57.63,-5.35,1.74247933342215,17.1552018422859,18.8976811757081
GA1_23_A_YA,YA_2015_A,57.27,-4.92,14,57.27,-4.92,-1.0672567120028,14.3454657968609,13.2782090848581
GA3_15_A_YA,YA_2015_A,57.27,-4.92,14,57.27,-4.92,-1.0672567120028,14.3454657968609,13.2782090848581
GA5_19_A_YA,YA_2015_A,57.27,-4.92,14,57.27,-4.92,-1.0672567120028,14.3454657968609,13.2782090848581
GA7_20_A_YA,YA_2015_A,57.27,-4.92,21,57.27,-4.92,2.43274328799711,17.8454657968609,20.278209084858
GA8_20_A_YA,YA_2015_A,57.27,-4.92,14,57.27,-4.92,-1.0672567120028,14.3454657968609,13.2782090848581
GA9_11_A_YA,YA_2015_A,57.27,-4.92,14,57.27,-4.92,-1.0672567120028,14.3454657968609,13.2782090848581
GL1_11_A_YA,YA_2015_A,56.91,-5.13,18,56.91,-5.13,1.02856239282621,16.4412849016899,17.4698472945162
GL2_12_A_YA,YA_2015_A,56.91,-5.13,21,56.91,-5.13,2.52856239282618,17.94128490169,20.4698472945162
GL3_18_A_YA,YA_2015_A,56.91,-5.13,14,56.91,-5.13,-0.971437607173762,14.4412849016899,13.4698472945161
GL4_30_A_YA,YA_2015_A,56.91,-5.13,14,56.91,-5.13,-0.971437607173762,14.4412849016899,13.4698472945161
GL6_27_A_YA,YA_2015_A,56.91,-5.13,14,56.91,-5.13,-0.971437607173762,14.4412849016899,13.4698472945161
GL7_12_A_YA,YA_2015_A,56.91,-5.13,18,56.91,-5.13,1.02856239282621,16.4412849016899,17.4698472945162
GT1_11_A_YA,YA_2015_A,57.05,-2.86,18,57.05,-2.86,0.532968024889986,15.9456905337537,16.4786585586437
GT5_20_A_YA,YA_2015_A,57.05,-2.86,14,57.05,-2.86,-1.46703197510996,13.9456905337537,12.4786585586437
GT6_27_A_YA,YA_2015_A,57.05,-2.86,21,57.05,-2.86,2.03296802488996,17.4456905337537,19.4786585586437
GT7_11_A_YA,YA_2015_A,57.05,-2.86,21,57.05,-2.86,2.03296802488996,17.4456905337537,19.4786585586437
GT8_1_A_YA,YA_2015_A,57.05,-2.86,14,57.05,-2.86,-1.46703197510996,13.9456905337537,12.4786585586437
GT9_4_A_YA,YA_2015_A,57.05,-2.86,14,57.05,-2.86,-1.46703197510996,13.9456905337537,12.4786585586437
RD1_2_A_YA,YA_2015_A,57.89,-4.98,14,57.89,-4.98,-1.59012018022662,13.822602328637,12.2324821484104
RD10_30_A_YA,YA_2015_A,57.89,-4.98,21,57.89,-4.98,1.90987981977331,17.3226023286371,19.2324821484104
RD2_20_A_YA,YA_2015_A,57.89,-4.98,21,57.89,-4.98,1.90987981977331,17.3226023286371,19.2324821484104
RD3_23_A_YA,YA_2015_A,57.89,-4.98,18,57.89,-4.98,0.409879819773337,15.8226023286371,16.2324821484104
RD5_18_A_YA,YA_2015_A,57.89,-4.98,14,57.89,-4.98,-1.59012018022662,13.822602328637,12.2324821484104
BE5_1_A_YA,YA_2016_A,57.63,-5.35,10,57.63,-5.35,-1.00290752678133,9.74084777703481,8.73794025025348
BE9_30_A_YA,YA_2016_A,57.63,-5.35,14,57.63,-5.35,0.997092473218657,11.7408477770348,12.7379402502535
GA1_23_A_YA,YA_2016_A,57.27,-4.92,14,57.27,-4.92,1.47957950238355,12.2233348061997,13.7029143085833
GA3_15_A_YA,YA_2016_A,57.27,-4.92,10,57.27,-4.92,-0.520420497616438,10.2233348061997,9.70291430858328
GA5_19_A_YA,YA_2016_A,57.27,-4.92,10,57.27,-4.92,-0.520420497616438,10.2233348061997,9.70291430858328
GA7_20_A_YA,YA_2016_A,57.27,-4.92,10,57.27,-4.92,-0.520420497616438,10.2233348061997,9.70291430858328
GA8_20_A_YA,YA_2016_A,57.27,-4.92,10,57.27,-4.92,-0.520420497616438,10.2233348061997,9.70291430858328
GA9_11_A_YA,YA_2016_A,57.27,-4.92,10,57.27,-4.92,-0.520420497616438,10.2233348061997,9.70291430858328
GL1_11_A_YA,YA_2016_A,56.91,-5.13,10,56.91,-5.13,-0.225639738754309,10.5181155650619,10.2924758263076
GL2_12_A_YA,YA_2016_A,56.91,-5.13,10,56.91,-5.13,-0.225639738754309,10.5181155650619,10.2924758263076
GL3_18_A_YA,YA_2016_A,56.91,-5.13,10,56.91,-5.13,-0.225639738754309,10.5181155650619,10.2924758263076
GL4_30_A_YA,YA_2016_A,56.91,-5.13,10,56.91,-5.13,-0.225639738754309,10.5181155650619,10.2924758263076
GL6_27_A_YA,YA_2016_A,56.91,-5.13,10,56.91,-5.13,-0.225639738754309,10.5181155650619,10.2924758263076
GL7_12_A_YA,YA_2016_A,56.91,-5.13,14,56.91,-5.13,1.77436026124568,12.5181155650619,14.2924758263076
GT1_11_A_YA,YA_2016_A,57.05,-2.86,14,57.05,-2.86,1.59607893431178,12.339834238128,13.9359131724397
GT5_20_A_YA,YA_2016_A,57.05,-2.86,10,57.05,-2.86,-0.403921065688214,10.3398342381279,9.93591317243973
GT6_27_A_YA,YA_2016_A,57.05,-2.86,14,57.05,-2.86,1.59607893431178,12.339834238128,13.9359131724397
GT7_11_A_YA,YA_2016_A,57.05,-2.86,10,57.05,-2.86,-0.403921065688214,10.3398342381279,9.93591317243973
GT8_1_A_YA,YA_2016_A,57.05,-2.86,17,57.05,-2.86,3.09607893431177,13.839834238128,16.9359131724397
GT9_4_A_YA,YA_2016_A,57.05,-2.86,0,57.05,-2.86,-5.40392106568819,5.33983423812792,-0.0640868275602644
RD1_2_A_YA,YA_2016_A,57.89,-4.98,10,57.89,-4.98,-1.0188594268176,9.72489587699855,8.70603645018096
RD10_30_A_YA,YA_2016_A,57.89,-4.98,14,57.89,-4.98,0.981140573182396,11.7248958769986,12.706036450181
RD2_20_A_YA,YA_2016_A,57.89,-4.98,17,57.89,-4.98,2.48114057318239,13.2248958769986,15.706036450181
RD3_23_A_YA,YA_2016_A,57.89,-4.98,10,57.89,-4.98,-1.0188594268176,9.72489587699855,8.70603645018096
RD5_18_A_YA,YA_2016_A,57.89,-4.98,10,57.89,-4.98,-1.0188594268176,9.72489587699855,8.70603645018096
BE5_1_A_YA,YA_2017_A,57.63,-5.35,12,57.63,-5.35,-1.99670435102756,20.3454203187417,18.3487159677141
BE9_30_A_YA,YA_2017_A,57.63,-5.35,20,57.63,-5.35,2.00329564897247,24.3454203187417,26.3487159677142
GA1_23_A_YA,YA_2017_A,57.27,-4.92,20,57.27,-4.92,0.878727867477959,23.2208525372472,24.0995804047252
GA3_15_A_YA,YA_2017_A,57.27,-4.92,20,57.27,-4.92,0.878727867477959,23.2208525372472,24.0995804047252
GA5_19_A_YA,YA_2017_A,57.27,-4.92,20,57.27,-4.92,0.878727867477959,23.2208525372472,24.0995804047252
GA7_20_A_YA,YA_2017_A,57.27,-4.92,20,57.27,-4.92,0.878727867477959,23.2208525372472,24.0995804047252
GA8_20_A_YA,YA_2017_A,57.27,-4.92,20,57.27,-4.92,0.878727867477959,23.2208525372472,24.0995804047252
GA9_11_A_YA,YA_2017_A,57.27,-4.92,12,57.27,-4.92,-3.12127213252206,19.2208525372472,16.0995804047251
GL1_11_A_YA,YA_2017_A,56.91,-5.13,12,56.91,-5.13,-2.78873614734765,19.5533885224216,16.7646523750739
GL2_12_A_YA,YA_2017_A,56.91,-5.13,20,56.91,-5.13,1.21126385265237,23.5533885224216,24.764652375074
GL3_18_A_YA,YA_2017_A,56.91,-5.13,12,56.91,-5.13,-2.78873614734765,19.5533885224216,16.7646523750739
GL4_30_A_YA,YA_2017_A,56.91,-5.13,20,56.91,-5.13,1.21126385265237,23.5533885224216,24.764652375074
GL6_27_A_YA,YA_2017_A,56.91,-5.13,20,56.91,-5.13,1.21126385265237,23.5533885224216,24.764652375074
GL7_12_A_YA,YA_2017_A,56.91,-5.13,20,56.91,-5.13,1.21126385265237,23.5533885224216,24.764652375074
GT1_11_A_YA,YA_2017_A,57.05,-2.86,20,57.05,-2.86,0.652219671016805,22.9943443407861,23.6465640118029
GT5_20_A_YA,YA_2017_A,57.05,-2.86,12,57.05,-2.86,-3.34778032898318,18.9943443407861,15.6465640118029
GT6_27_A_YA,YA_2017_A,57.05,-2.86,20,57.05,-2.86,0.652219671016805,22.9943443407861,23.6465640118029
GT7_11_A_YA,YA_2017_A,57.05,-2.86,20,57.05,-2.86,0.652219671016805,22.9943443407861,23.6465640118029
GT8_1_A_YA,YA_2017_A,57.05,-2.86,20,57.05,-2.86,0.652219671016805,22.9943443407861,23.6465640118029
GT9_4_A_YA,YA_2017_A,57.05,-2.86,20,57.05,-2.86,0.652219671016805,22.9943443407861,23.6465640118029
RD1_2_A_YA,YA_2017_A,57.89,-4.98,20,57.89,-4.98,0.40802807103568,22.750152740805,23.1581808118406
RD10_30_A_YA,YA_2017_A,57.89,-4.98,20,57.89,-4.98,0.40802807103568,22.750152740805,23.1581808118406
RD2_20_A_YA,YA_2017_A,57.89,-4.98,23,57.89,-4.98,1.90802807103568,24.250152740805,26.1581808118406
RD3_23_A_YA,YA_2017_A,57.89,-4.98,20,57.89,-4.98,0.40802807103568,22.750152740805,23.1581808118406
RD5_18_A_YA,YA_2017_A,57.89,-4.98,12,57.89,-4.98,-3.5919719289643,18.750152740805,15.1581808118407
BE5_1_A_YA,YA_2018_A,57.63,-5.35,13,57.63,-5.35,0.00499767577777455,10.5693454829719,10.5743431587497
BE9_30_A_YA,YA_2018_A,57.63,-5.35,13,57.63,-5.35,0.00499767577777455,10.5693454829719,10.5743431587497
GA1_23_A_YA,YA_2018_A,57.27,-4.92,13,57.27,-4.92,0.321579493403441,10.8859273005976,11.207506794001
GA3_15_A_YA,YA_2018_A,57.27,-4.92,13,57.27,-4.92,0.321579493403441,10.8859273005976,11.207506794001
GA5_19_A_YA,YA_2018_A,57.27,-4.92,13,57.27,-4.92,0.321579493403441,10.8859273005976,11.207506794001
GA7_20_A_YA,YA_2018_A,57.27,-4.92,13,57.27,-4.92,0.321579493403441,10.8859273005976,11.207506794001
GA8_20_A_YA,YA_2018_A,57.27,-4.92,13,57.27,-4.92,0.321579493403441,10.8859273005976,11.207506794001
GA9_11_A_YA,YA_2018_A,57.27,-4.92,13,57.27,-4.92,0.321579493403441,10.8859273005976,11.207506794001
GL1_11_A_YA,YA_2018_A,56.91,-5.13,13,56.91,-5.13,0.064888147348551,10.6292359545426,10.6941241018912
GL2_12_A_YA,YA_2018_A,56.91,-5.13,13,56.91,-5.13,0.064888147348551,10.6292359545426,10.6941241018912
GL3_18_A_YA,YA_2018_A,56.91,-5.13,13,56.91,-5.13,0.064888147348551,10.6292359545426,10.6941241018912
GL4_30_A_YA,YA_2018_A,56.91,-5.13,13,56.91,-5.13,0.064888147348551,10.6292359545426,10.6941241018912
GL6_27_A_YA,YA_2018_A,56.91,-5.13,10,56.91,-5.13,-1.43511185265139,9.12923595454259,7.6941241018912
GL7_12_A_YA,YA_2018_A,56.91,-5.13,13,56.91,-5.13,0.064888147348551,10.6292359545426,10.6941241018912
GT1_11_A_YA,YA_2018_A,57.05,-2.86,13,57.05,-2.86,-0.355241431205894,10.2091063759882,9.85386494478231
GT5_20_A_YA,YA_2018_A,57.05,-2.86,13,57.05,-2.86,-0.355241431205894,10.2091063759882,9.85386494478231
GT6_27_A_YA,YA_2018_A,57.05,-2.86,17,57.05,-2.86,1.64475856879403,12.2091063759883,13.8538649447823
GT7_11_A_YA,YA_2018_A,57.05,-2.86,13,57.05,-2.86,-0.355241431205894,10.2091063759882,9.85386494478231
GT8_1_A_YA,YA_2018_A,57.05,-2.86,13,57.05,-2.86,-0.355241431205894,10.2091063759882,9.85386494478231
GT9_4_A_YA,YA_2018_A,57.05,-2.86,13,57.05,-2.86,-0.355241431205894,10.2091063759882,9.85386494478231
RD1_2_A_YA,YA_2018_A,57.89,-4.98,6,57.89,-4.98,-2.6394705217676,7.92487728542629,5.28540676365869
RD10_30_A_YA,YA_2018_A,57.89,-4.98,13,57.89,-4.98,0.860529478232261,11.4248772854264,12.2854067636587
RD2_20_A_YA,YA_2018_A,57.89,-4.98,13,57.89,-4.98,0.860529478232261,11.4248772854264,12.2854067636587
RD3_23_A_YA,YA_2018_A,57.89,-4.98,17,57.89,-4.98,2.86052947823218,13.4248772854265,16.2854067636587
RD5_18_A_YA,YA_2018_A,57.89,-4.98,6,57.89,-4.98,-2.6394705217676,7.92487728542629,5.28540676365869
BE5_1_A_YA,YA_2019_A,57.63,-5.35,1,57.63,-5.35,-0.00740617718268632,4.9148287515386,4.90742257435591
BE9_30_A_YA,YA_2019_A,57.63,-5.35,1,57.63,-5.35,-0.00740617718268632,4.9148287515386,4.90742257435591
GA1_23_A_YA,YA_2019_A,57.27,-4.92,1,57.27,-4.92,-0.976556465886969,3.94567846283423,2.96912199694726
GA3_15_A_YA,YA_2019_A,57.27,-4.92,1,57.27,-4.92,-0.976556465886969,3.94567846283423,2.96912199694726
GA5_19_A_YA,YA_2019_A,57.27,-4.92,1,57.27,-4.92,-0.976556465886969,3.94567846283423,2.96912199694726
GA7_20_A_YA,YA_2019_A,57.27,-4.92,7,57.27,-4.92,2.0234435341129,6.94567846283436,8.96912199694726
GA8_20_A_YA,YA_2019_A,57.27,-4.92,1,57.27,-4.92,-0.976556465886969,3.94567846283423,2.96912199694726
GA9_11_A_YA,YA_2019_A,57.27,-4.92,1,57.27,-4.92,-0.976556465886969,3.94567846283423,2.96912199694726
GL1_11_A_YA,YA_2019_A,56.91,-5.13,7,56.91,-5.13,1.77432175279427,6.69655668151571,8.47087843430998
GL2_12_A_YA,YA_2019_A,56.91,-5.13,1,56.91,-5.13,-1.2256782472056,3.69655668151558,2.47087843430998
GL3_18_A_YA,YA_2019_A,56.91,-5.13,7,56.91,-5.13,1.77432175279427,6.69655668151571,8.47087843430998
GL4_30_A_YA,YA_2019_A,56.91,-5.13,1,56.91,-5.13,-1.2256782472056,3.69655668151558,2.47087843430998
GL6_27_A_YA,YA_2019_A,56.91,-5.13,1,56.91,-5.13,-1.2256782472056,3.69655668151558,2.47087843430998
GL7_12_A_YA,YA_2019_A,56.91,-5.13,7,56.91,-5.13,1.77432175279427,6.69655668151571,8.47087843430998
GT1_11_A_YA,YA_2019_A,57.05,-2.86,7,57.05,-2.86,-0.0508671907137837,4.8713677380075,4.82050054729372
GT5_20_A_YA,YA_2019_A,57.05,-2.86,7,57.05,-2.86,-0.0508671907137837,4.8713677380075,4.82050054729372
GT6_27_A_YA,YA_2019_A,57.05,-2.86,7,57.05,-2.86,-0.0508671907137837,4.8713677380075,4.82050054729372
GT7_11_A_YA,YA_2019_A,57.05,-2.86,7,57.05,-2.86,-0.0508671907137837,4.8713677380075,4.82050054729372
GT8_1_A_YA,YA_2019_A,57.05,-2.86,14,57.05,-2.86,3.44913280928607,8.37136773800765,11.8205005472937
GT9_4_A_YA,YA_2019_A,57.05,-2.86,1,57.05,-2.86,-3.05086719071365,1.87136773800737,-1.17949945270628
RD1_2_A_YA,YA_2019_A,57.89,-4.98,1,57.89,-4.98,-0.393315244559271,4.52891968416198,4.13560443960271
RD10_30_A_YA,YA_2019_A,57.89,-4.98,7,57.89,-4.98,2.6066847554406,7.52891968416211,10.1356044396027
RD2_20_A_YA,YA_2019_A,57.89,-4.98,1,57.89,-4.98,-0.393315244559271,4.52891968416198,4.13560443960271
RD3_23_A_YA,YA_2019_A,57.89,-4.98,1,57.89,-4.98,-0.393315244559271,4.52891968416198,4.13560443960271
RD5_18_A_YA,YA_2019_A,57.89,-4.98,1,57.89,-4.98,-0.393315244559271,4.52891968416198,4.13560443960271
BE2_30_D_YA,YA_2015_D,57.63,-5.35,21,57.63,-5.35,-1.09522765388872,10.7813033869879,9.68607573309917
BE3_27_D_YA,YA_2015_D,57.63,-5.35,14,57.63,-5.35,-4.59522765388874,7.2813033869879,2.68607573309917
BE4_27_D_YA,YA_2015_D,57.63,-5.35,27,57.63,-5.35,1.90477234611129,13.7813033869879,15.6860757330992
BE7_20_D_YA,YA_2015_D,57.63,-5.35,27,57.63,-5.35,1.90477234611129,13.7813033869879,15.6860757330992
BE9_12_D_YA,YA_2015_D,57.63,-5.35,27,57.63,-5.35,1.90477234611129,13.7813033869879,15.6860757330992
GA1_12_D_YA,YA_2015_D,57.27,-4.92,27,57.27,-4.92,4.40155177600104,16.2780828168776,20.6796345928786
GA10_1_D_YA,YA_2015_D,57.27,-4.92,14,57.27,-4.92,-2.09844822399899,9.77808281687763,7.67963459287864
GA8_23_D_YA,YA_2015_D,57.27,-4.92,27,57.27,-4.92,4.40155177600104,16.2780828168776,20.6796345928786
GA9_1_D_YA,YA_2015_D,57.27,-4.92,14,57.27,-4.92,-2.09844822399899,9.77808281687763,7.67963459287864
GL1_20_D_YA,YA_2015_D,56.91,-5.13,7,56.91,-5.13,-5.41287150471935,6.46365953615729,1.05078803143794
GL2_27_D_YA,YA_2015_D,56.91,-5.13,18,56.91,-5.13,0.087128495280659,11.9636595361573,12.0507880314379
GL6_18_D_YA,YA_2015_D,56.91,-5.13,14,56.91,-5.13,-1.91287150471933,9.96365953615727,8.05078803143794
GL8_30_D_YA,YA_2015_D,56.91,-5.13,27,56.91,-5.13,4.58712849528068,16.4636595361573,21.0507880314379
GT1_23_D_YA,YA_2015_D,57.05,-2.86,27,57.05,-2.86,2.36436584207786,14.2408968829545,16.6052627250323
GT2_23_D_YA,YA_2015_D,57.05,-2.86,27,57.05,-2.86,2.36436584207786,14.2408968829545,16.6052627250323
GT5_1_D_YA,YA_2015_D,57.05,-2.86,11,57.05,-2.86,-5.63563415792218,6.24089688295449,0.60526272503231
GT6_4_D_YA,YA_2015_D,57.05,-2.86,27,57.05,-2.86,2.36436584207786,14.2408968829545,16.6052627250323
GT8_11_D_YA,YA_2015_D,57.05,-2.86,14,57.05,-2.86,-4.13563415792217,7.74089688295448,3.60526272503231
GT9_30_D_YA,YA_2015_D,57.05,-2.86,27,57.05,-2.86,2.36436584207786,14.2408968829545,16.6052627250323
RD1_12_D_YA,YA_2015_D,57.89,-4.98,27,57.89,-4.98,4.4670444263693,16.3435754672459,20.8106198936152
RD3_19_D_YA,YA_2015_D,57.89,-4.98,14,57.89,-4.98,-2.03295557363074,9.84357546724588,7.81061989361515
RD5_17_D_YA,YA_2015_D,57.89,-4.98,14,57.89,-4.98,-2.03295557363074,9.84357546724588,7.81061989361515
RD7_14_D_YA,YA_2015_D,57.89,-4.98,11,57.89,-4.98,-3.53295557363074,8.34357546724589,4.81061989361515
RD9_30_D_YA,YA_2015_D,57.89,-4.98,21,57.89,-4.98,1.46704442636928,13.3435754672459,14.8106198936151
BE2_30_D_YA,YA_2016_D,57.63,-5.35,14,57.63,-5.35,0.802093923621268,10.6180327900517,11.420126713673
BE3_27_D_YA,YA_2016_D,57.63,-5.35,10,57.63,-5.35,-1.19790607637872,8.61803279005174,7.42012671367301
BE4_27_D_YA,YA_2016_D,57.63,-5.35,10,57.63,-5.35,-1.19790607637872,8.61803279005174,7.42012671367301
BE7_20_D_YA,YA_2016_D,57.63,-5.35,14,57.63,-5.35,0.802093923621268,10.6180327900517,11.420126713673
BE9_12_D_YA,YA_2016_D,57.63,-5.35,14,57.63,-5.35,0.802093923621268,10.6180327900517,11.420126713673
GA1_12_D_YA,YA_2016_D,57.27,-4.92,14,57.27,-4.92,1.50525703892003,11.3211959053505,12.8264529442706
GA10_1_D_YA,YA_2016_D,57.27,-4.92,10,57.27,-4.92,-0.494742961079963,9.32119590535052,8.82645294427055
GA8_23_D_YA,YA_2016_D,57.27,-4.92,14,57.27,-4.92,1.50525703892003,11.3211959053505,12.8264529442706
GA9_1_D_YA,YA_2016_D,57.27,-4.92,10,57.27,-4.92,-0.494742961079963,9.32119590535052,8.82645294427055
GL1_20_D_YA,YA_2016_D,56.91,-5.13,0,56.91,-5.13,-4.54084275725904,5.27509610917138,0.734253351912337
GL2_27_D_YA,YA_2016_D,56.91,-5.13,14,56.91,-5.13,2.45915724274093,12.2750961091714,14.7342533519123
GL6_18_D_YA,YA_2016_D,56.91,-5.13,10,56.91,-5.13,0.45915724274094,10.2750961091714,10.7342533519123
GL8_30_D_YA,YA_2016_D,56.91,-5.13,10,56.91,-5.13,0.45915724274094,10.2750961091714,10.7342533519123
GT1_23_D_YA,YA_2016_D,57.05,-2.86,14,57.05,-2.86,0.643719057783533,10.459657924214,11.1033769819975
GT2_23_D_YA,YA_2016_D,57.05,-2.86,14,57.05,-2.86,0.643719057783533,10.459657924214,11.1033769819975
GT5_1_D_YA,YA_2016_D,57.05,-2.86,10,57.05,-2.86,-1.35628094221646,8.45965792421399,7.10337698199754
GT6_4_D_YA,YA_2016_D,57.05,-2.86,14,57.05,-2.86,0.643719057783533,10.459657924214,11.1033769819975
GT8_11_D_YA,YA_2016_D,57.05,-2.86,14,57.05,-2.86,0.643719057783533,10.459657924214,11.1033769819975
GT9_30_D_YA,YA_2016_D,57.05,-2.86,10,57.05,-2.86,-1.35628094221646,8.45965792421399,7.10337698199754
RD1_12_D_YA,YA_2016_D,57.89,-4.98,10,57.89,-4.98,-0.646088218289957,9.16985064814049,8.52376242985053
RD3_19_D_YA,YA_2016_D,57.89,-4.98,10,57.89,-4.98,-0.646088218289957,9.16985064814049,8.52376242985053
RD5_17_D_YA,YA_2016_D,57.89,-4.98,10,57.89,-4.98,-0.646088218289957,9.16985064814049,8.52376242985053
RD7_14_D_YA,YA_2016_D,57.89,-4.98,10,57.89,-4.98,-0.646088218289957,9.16985064814049,8.52376242985053
RD9_30_D_YA,YA_2016_D,57.89,-4.98,15,57.89,-4.98,1.85391178171003,11.6698506481405,13.5237624298505
BE2_30_D_YA,YA_2017_D,57.63,-5.35,20,57.63,-5.35,0.799951171467463,19.3959345862444,20.1958857577119
BE3_27_D_YA,YA_2017_D,57.63,-5.35,12,57.63,-5.35,-3.20004882853255,15.3959345862444,12.1958857577119
BE4_27_D_YA,YA_2017_D,57.63,-5.35,20,57.63,-5.35,0.799951171467463,19.3959345862444,20.1958857577119
BE7_20_D_YA,YA_2017_D,57.63,-5.35,20,57.63,-5.35,0.799951171467463,19.3959345862444,20.1958857577119
BE9_12_D_YA,YA_2017_D,57.63,-5.35,20,57.63,-5.35,0.799951171467463,19.3959345862444,20.1958857577119
GA1_12_D_YA,YA_2017_D,57.27,-4.92,20,57.27,-4.92,1.98821783218183,20.5842012469588,22.5724190791406
GA10_1_D_YA,YA_2017_D,57.27,-4.92,12,57.27,-4.92,-2.01178216781818,16.5842012469588,14.5724190791406
GA8_23_D_YA,YA_2017_D,57.27,-4.92,20,57.27,-4.92,1.98821783218183,20.5842012469588,22.5724190791406
GA9_1_D_YA,YA_2017_D,57.27,-4.92,12,57.27,-4.92,-2.01178216781818,16.5842012469588,14.5724190791406
GL1_20_D_YA,YA_2017_D,56.91,-5.13,12,56.91,-5.13,-0.243217792311063,18.3527656224659,18.1095478301548
GL2_27_D_YA,YA_2017_D,56.91,-5.13,20,56.91,-5.13,3.75678220768895,22.3527656224659,26.1095478301548
GL6_18_D_YA,YA_2017_D,56.91,-5.13,13,56.91,-5.13,0.256782207688937,18.8527656224659,19.1095478301548
GL8_30_D_YA,YA_2017_D,56.91,-5.13,5,56.91,-5.13,-3.74321779231108,14.8527656224659,11.1095478301548
GT1_23_D_YA,YA_2017_D,57.05,-2.86,20,57.05,-2.86,0.667201785542591,19.2631852003195,19.9303869858621
GT2_23_D_YA,YA_2017_D,57.05,-2.86,20,57.05,-2.86,0.667201785542591,19.2631852003195,19.9303869858621
GT5_1_D_YA,YA_2017_D,57.05,-2.86,12,57.05,-2.86,-3.33279821445742,15.2631852003195,11.9303869858621
GT6_4_D_YA,YA_2017_D,57.05,-2.86,20,57.05,-2.86,0.667201785542591,19.2631852003195,19.9303869858621
GT8_11_D_YA,YA_2017_D,57.05,-2.86,20,57.05,-2.86,0.667201785542591,19.2631852003195,19.9303869858621
GT9_30_D_YA,YA_2017_D,57.05,-2.86,20,57.05,-2.86,0.667201785542591,19.2631852003195,19.9303869858621
RD1_12_D_YA,YA_2017_D,57.89,-4.98,20,57.89,-4.98,-0.596593346017386,17.9993900687596,17.4027967227422
RD3_19_D_YA,YA_2017_D,57.89,-4.98,20,57.89,-4.98,-0.596593346017386,17.9993900687596,17.4027967227422
RD5_17_D_YA,YA_2017_D,57.89,-4.98,20,57.89,-4.98,-0.596593346017386,17.9993900687596,17.4027967227422
RD7_14_D_YA,YA_2017_D,57.89,-4.98,20,57.89,-4.98,-0.596593346017386,17.9993900687596,17.4027967227422
RD9_30_D_YA,YA_2017_D,57.89,-4.98,26,57.89,-4.98,2.40340665398263,20.9993900687596,23.4027967227422
BE2_30_D_YA,YA_2018_D,57.63,-5.35,13,57.63,-5.35,0.70076895935113,8.31596647886617,9.0167354382173
BE3_27_D_YA,YA_2018_D,57.63,-5.35,13,57.63,-5.35,0.70076895935113,8.31596647886617,9.0167354382173
BE4_27_D_YA,YA_2018_D,57.63,-5.35,6,57.63,-5.35,-2.7992310406489,4.81596647886619,2.0167354382173
BE7_20_D_YA,YA_2018_D,57.63,-5.35,13,57.63,-5.35,0.70076895935113,8.31596647886617,9.0167354382173
BE9_12_D_YA,YA_2018_D,57.63,-5.35,13,57.63,-5.35,0.70076895935113,8.31596647886617,9.0167354382173
GA1_12_D_YA,YA_2018_D,57.27,-4.92,13,57.27,-4.92,1.93554741959798,9.55074493911299,11.486292358711
GA10_1_D_YA,YA_2018_D,57.27,-4.92,6,57.27,-4.92,-1.56445258040205,6.05074493911302,4.48629235871097
GA8_23_D_YA,YA_2018_D,57.27,-4.92,13,57.27,-4.92,1.93554741959798,9.55074493911299,11.486292358711
GA9_1_D_YA,YA_2018_D,57.27,-4.92,6,57.27,-4.92,-1.56445258040205,6.05074493911302,4.48629235871097
GL1_20_D_YA,YA_2018_D,56.91,-5.13,6,56.91,-5.13,-0.981807266323944,6.63339025319111,5.65158298686716
GL2_27_D_YA,YA_2018_D,56.91,-5.13,13,56.91,-5.13,2.51819273367608,10.1333902531911,12.6515829868672
GL6_18_D_YA,YA_2018_D,56.91,-5.13,6,56.91,-5.13,-0.981807266323944,6.63339025319111,5.65158298686716
GL8_30_D_YA,YA_2018_D,56.91,-5.13,6,56.91,-5.13,-0.981807266323944,6.63339025319111,5.65158298686716
GT1_23_D_YA,YA_2018_D,57.05,-2.86,13,57.05,-2.86,0.574906197665177,8.1901037171802,8.76500991484537
GT2_23_D_YA,YA_2018_D,57.05,-2.86,13,57.05,-2.86,0.574906197665177,8.1901037171802,8.76500991484537
GT5_1_D_YA,YA_2018_D,57.05,-2.86,13,57.05,-2.86,0.574906197665177,8.1901037171802,8.76500991484537
GT6_4_D_YA,YA_2018_D,57.05,-2.86,13,57.05,-2.86,0.574906197665177,8.1901037171802,8.76500991484537
GT8_11_D_YA,YA_2018_D,57.05,-2.86,13,57.05,-2.86,0.574906197665177,8.1901037171802,8.76500991484537
GT9_30_D_YA,YA_2018_D,57.05,-2.86,6,57.05,-2.86,-2.92509380233485,4.69010371718022,1.76500991484537
RD1_12_D_YA,YA_2018_D,57.89,-4.98,6,57.89,-4.98,-2.25364851916821,5.36154900034684,3.10790048117863
RD3_19_D_YA,YA_2018_D,57.89,-4.98,13,57.89,-4.98,1.24635148083181,8.86154900034681,10.1079004811786
RD5_17_D_YA,YA_2018_D,57.89,-4.98,7,57.89,-4.98,-1.75364851916821,5.86154900034684,4.10790048117863
RD7_14_D_YA,YA_2018_D,57.89,-4.98,6,57.89,-4.98,-2.25364851916821,5.36154900034684,3.10790048117863
RD9_30_D_YA,YA_2018_D,57.89,-4.98,20,57.89,-4.98,4.74635148083184,12.3615490003468,17.1079004811786
BE2_30_D_YA,YA_2019_D,57.63,-5.35,7,57.63,-5.35,0.00197340737560481,3.56562272835634,3.56759613573194
BE3_27_D_YA,YA_2019_D,57.63,-5.35,7,57.63,-5.35,0.00197340737560481,3.56562272835634,3.56759613573194
BE4_27_D_YA,YA_2019_D,57.63,-5.35,7,57.63,-5.35,0.00197340737560481,3.56562272835634,3.56759613573194
BE7_20_D_YA,YA_2019_D,57.63,-5.35,7,57.63,-5.35,0.00197340737560481,3.56562272835634,3.56759613573194
BE9_12_D_YA,YA_2019_D,57.63,-5.35,7,57.63,-5.35,0.00197340737560481,3.56562272835634,3.56759613573194
GA1_12_D_YA,YA_2019_D,57.27,-4.92,7,57.27,-4.92,1.22617685623752,4.78982617721823,6.01600303345574
GA10_1_D_YA,YA_2019_D,57.27,-4.92,7,57.27,-4.92,1.22617685623752,4.78982617721823,6.01600303345574
GA8_23_D_YA,YA_2019_D,57.27,-4.92,7,57.27,-4.92,1.22617685623752,4.78982617721823,6.01600303345574
GA9_1_D_YA,YA_2019_D,57.27,-4.92,1,57.27,-4.92,-1.77382314376252,1.78982617721827,0.0160030334557466
GL1_20_D_YA,YA_2019_D,56.91,-5.13,1,56.91,-5.13,-1.02410323685373,2.53954608412704,1.5154428472733
GL2_27_D_YA,YA_2019_D,56.91,-5.13,7,56.91,-5.13,1.97589676314631,5.539546084127,7.51544284727331
GL6_18_D_YA,YA_2019_D,56.91,-5.13,1,56.91,-5.13,-1.02410323685373,2.53954608412704,1.5154428472733
GL8_30_D_YA,YA_2019_D,56.91,-5.13,1,56.91,-5.13,-1.02410323685373,2.53954608412704,1.5154428472733
GT1_23_D_YA,YA_2019_D,57.05,-2.86,7,57.05,-2.86,-0.604960187418699,2.95868913356206,2.35372894614336
GT2_23_D_YA,YA_2019_D,57.05,-2.86,7,57.05,-2.86,-0.604960187418699,2.95868913356206,2.35372894614336
GT5_1_D_YA,YA_2019_D,57.05,-2.86,7,57.05,-2.86,-0.604960187418699,2.95868913356206,2.35372894614336
GT6_4_D_YA,YA_2019_D,57.05,-2.86,14,57.05,-2.86,2.89503981258135,6.45868913356201,9.35372894614336
GT8_11_D_YA,YA_2019_D,57.05,-2.86,7,57.05,-2.86,-0.604960187418699,2.95868913356206,2.35372894614336
GT9_30_D_YA,YA_2019_D,57.05,-2.86,7,57.05,-2.86,-0.604960187418699,2.95868913356206,2.35372894614336
RD1_12_D_YA,YA_2019_D,57.89,-4.98,7,57.89,-4.98,0.36231992201966,3.92596924300038,4.28828916502004
RD3_19_D_YA,YA_2019_D,57.89,-4.98,7,57.89,-4.98,0.36231992201966,3.92596924300038,4.28828916502004
RD5_17_D_YA,YA_2019_D,57.89,-4.98,1,57.89,-4.98,-2.63768007798038,0.925969243000418,-1.71171083497996
RD7_14_D_YA,YA_2019_D,57.89,-4.98,1,57.89,-4.98,-2.63768007798038,0.925969243000418,-1.71171083497996
RD9_30_D_YA,YA_2019_D,57.89,-4.98,14,57.89,-4.98,3.86231992201971,7.42596924300033,11.28828916502
