Genotype,Envir,Latitude,Longitude,T6,Lat,Lon,T6_spats_residuals,T6_spats_geno_pred_values,T6_spats_adj_pheno
BE10_6_A_GS,GS_2015_A,57.63,-5.35,15,57.63,-5.35,-0.00103184916193833,14.0442360284051,14.0432041792432
BE2_26_A_GS,GS_2015_A,57.63,-5.35,8,57.63,-5.35,-3.50103184916191,10.5442360284051,7.04320417924318
BE4_10_A_GS,GS_2015_A,57.63,-5.35,22,57.63,-5.35,3.49896815083804,17.5442360284052,21.0432041792432
BE5_2_A_GS,GS_2015_A,57.63,-5.35,15,57.63,-5.35,-0.00103184916193833,14.0442360284051,14.0432041792432
BE7_29_A_GS,GS_2015_A,57.63,-5.35,15,57.63,-5.35,-0.00103184916193833,14.0442360284051,14.0432041792432
GA1_6_A_GS,GS_2015_A,57.27,-4.92,15,57.27,-4.92,-0.248981885833111,13.7962859917339,13.5473041059008
GA10_15_A_GS,GS_2015_A,57.27,-4.92,15,57.27,-4.92,-0.248981885833111,13.7962859917339,13.5473041059008
GA6_15_A_GS,GS_2015_A,57.27,-4.92,15,57.27,-4.92,-0.248981885833111,13.7962859917339,13.5473041059008
GA9_6_A_GS,GS_2015_A,57.27,-4.92,15,57.27,-4.92,-0.248981885833111,13.7962859917339,13.5473041059008
GL1_26_A_GS,GS_2015_A,56.91,-5.13,15,56.91,-5.13,-0.918101568559923,13.1271663090071,12.2090647404472
GL2_2_A_GS,GS_2015_A,56.91,-5.13,22,56.91,-5.13,2.58189843144007,16.6271663090072,19.2090647404472
GL4_10_A_GS,GS_2015_A,56.91,-5.13,15,56.91,-5.13,-0.918101568559923,13.1271663090071,12.2090647404472
GL5_6_A_GS,GS_2015_A,56.91,-5.13,15,56.91,-5.13,-0.918101568559923,13.1271663090071,12.2090647404472
GL6_2_A_GS,GS_2015_A,56.91,-5.13,15,56.91,-5.13,-0.918101568559923,13.1271663090071,12.2090647404472
GL7_2_A_GS,GS_2015_A,56.91,-5.13,22,56.91,-5.13,2.58189843144007,16.6271663090072,19.2090647404472
GL8_29_A_GS,GS_2015_A,56.91,-5.13,15,56.91,-5.13,-0.918101568559923,13.1271663090071,12.2090647404472
GT1_22_A_GS,GS_2015_A,57.05,-2.86,15,57.05,-2.86,0.813569819307457,14.8588376968745,15.672407516182
GT5_6_A_GS,GS_2015_A,57.05,-2.86,0,57.05,-2.86,-6.68643018069248,7.35883769687447,0.672407516181992
GT7_5_A_GS,GS_2015_A,57.05,-2.86,15,57.05,-2.86,0.813569819307457,14.8588376968745,15.672407516182
GT8_29_A_GS,GS_2015_A,57.05,-2.86,15,57.05,-2.86,0.813569819307457,14.8588376968745,15.672407516182
GT9_9_A_GS,GS_2015_A,57.05,-2.86,22,57.05,-2.86,4.31356981930741,18.3588376968746,22.672407516182
RD1_6_A_GS,GS_2015_A,57.89,-4.98,19,57.89,-4.98,2.61998289083854,16.6652507684056,19.2852336592442
RD5_5_A_GS,GS_2015_A,57.89,-4.98,15,57.89,-4.98,0.619982890838541,14.6652507684056,15.2852336592441
RD7_29_A_GS,GS_2015_A,57.89,-4.98,8,57.89,-4.98,-2.88001710916143,11.1652507684056,8.28523365924414
BE10_6_A_GS,GS_2016_A,57.63,-5.35,33,57.63,-5.35,2.10385975507803,14.7055977823177,16.8094575373958
BE2_26_A_GS,GS_2016_A,57.63,-5.35,12,57.63,-5.35,-8.39614024492189,4.20559778231766,-4.19054246260423
BE4_10_A_GS,GS_2016_A,57.63,-5.35,33,57.63,-5.35,2.10385975507803,14.7055977823177,16.8094575373958
BE5_2_A_GS,GS_2016_A,57.63,-5.35,33,57.63,-5.35,2.10385975507803,14.7055977823177,16.8094575373958
BE7_29_A_GS,GS_2016_A,57.63,-5.35,33,57.63,-5.35,2.10385975507803,14.7055977823177,16.8094575373958
GA1_6_A_GS,GS_2016_A,57.27,-4.92,28,57.27,-4.92,2.68134649317112,15.2830845204108,17.9644310135819
GA10_15_A_GS,GS_2016_A,57.27,-4.92,21,57.27,-4.92,-0.818653506828852,11.7830845204108,10.9644310135819
GA6_15_A_GS,GS_2016_A,57.27,-4.92,28,57.27,-4.92,2.68134649317112,15.2830845204108,17.9644310135819
GA9_6_A_GS,GS_2016_A,57.27,-4.92,21,57.27,-4.92,-0.818653506828852,11.7830845204108,10.9644310135819
GL1_26_A_GS,GS_2016_A,56.91,-5.13,12,56.91,-5.13,-5.8777794397388,6.72395858750081,0.846179147762005
GL2_2_A_GS,GS_2016_A,56.91,-5.13,28,56.91,-5.13,2.12222056026113,14.7239585875009,16.846179147762
GL4_10_A_GS,GS_2016_A,56.91,-5.13,28,56.91,-5.13,2.12222056026113,14.7239585875009,16.846179147762
GL5_6_A_GS,GS_2016_A,56.91,-5.13,21,56.91,-5.13,-1.37777943973884,11.2239585875008,9.846179147762
GL6_2_A_GS,GS_2016_A,56.91,-5.13,12,56.91,-5.13,-5.8777794397388,6.72395858750081,0.846179147762005
GL7_2_A_GS,GS_2016_A,56.91,-5.13,33,56.91,-5.13,4.62222056026112,17.2239585875009,21.846179147762
GL8_29_A_GS,GS_2016_A,56.91,-5.13,28,56.91,-5.13,2.12222056026113,14.7239585875009,16.846179147762
GT1_22_A_GS,GS_2016_A,57.05,-2.86,28,57.05,-2.86,3.44924046950981,16.0509784967495,19.5002189662594
GT5_6_A_GS,GS_2016_A,57.05,-2.86,7,57.05,-2.86,-7.05075953049012,5.55097849674947,-1.49978103374065
GT7_5_A_GS,GS_2016_A,57.05,-2.86,21,57.05,-2.86,-0.0507595304901578,12.5509784967495,12.5002189662594
GT8_29_A_GS,GS_2016_A,57.05,-2.86,21,57.05,-2.86,-0.0507595304901578,12.5509784967495,12.5002189662594
GT9_9_A_GS,GS_2016_A,57.05,-2.86,28,57.05,-2.86,3.44924046950981,16.0509784967495,19.5002189662594
RD1_6_A_GS,GS_2016_A,57.89,-4.98,28,57.89,-4.98,3.38452299418168,15.9862610214214,19.3707840156031
RD5_5_A_GS,GS_2016_A,57.89,-4.98,12,57.89,-4.98,-4.61547700581826,7.98626102142133,3.37078401560307
RD7_29_A_GS,GS_2016_A,57.89,-4.98,21,57.89,-4.98,-0.115477005818295,12.4862610214214,12.3707840156031
BE10_6_A_GS,GS_2017_A,57.63,-5.35,21,57.63,-5.35,1.75181263473236,7.91165251324562,9.66346514797798
BE2_26_A_GS,GS_2017_A,57.63,-5.35,7,57.63,-5.35,-5.24818736526767,0.911652513245632,-4.33653485202204
BE5_2_A_GS,GS_2017_A,57.63,-5.35,21,57.63,-5.35,1.75181263473236,7.91165251324562,9.66346514797798
BE7_29_A_GS,GS_2017_A,57.63,-5.35,21,57.63,-5.35,1.75181263473236,7.91165251324562,9.66346514797798
GA1_6_A_GS,GS_2017_A,57.27,-4.92,14,57.27,-4.92,0.34990634737496,6.50974622588826,6.85965257326322
GA10_15_A_GS,GS_2017_A,57.27,-4.92,21,57.27,-4.92,3.84990634737495,10.0097462258883,13.8596525732632
GA6_15_A_GS,GS_2017_A,57.27,-4.92,14,57.27,-4.92,0.34990634737496,6.50974622588826,6.85965257326322
GA9_6_A_GS,GS_2017_A,57.27,-4.92,7,57.27,-4.92,-3.15009365262504,3.00974622588826,-0.140347426736785
GL1_26_A_GS,GS_2017_A,56.91,-5.13,14,56.91,-5.13,-0.115095846853103,6.04474403166018,5.92964818480708
GL2_2_A_GS,GS_2017_A,56.91,-5.13,14,56.91,-5.13,-0.115095846853103,6.04474403166018,5.92964818480708
GL4_10_A_GS,GS_2017_A,56.91,-5.13,7,56.91,-5.13,-3.61509584685311,2.54474403166019,-1.07035181519292
GL5_6_A_GS,GS_2017_A,56.91,-5.13,14,56.91,-5.13,-0.115095846853103,6.04474403166018,5.92964818480708
GL6_2_A_GS,GS_2017_A,56.91,-5.13,7,56.91,-5.13,-3.61509584685311,2.54474403166019,-1.07035181519292
GL7_2_A_GS,GS_2017_A,56.91,-5.13,21,56.91,-5.13,3.38490415314692,9.54474403166018,12.9296481848071
GL8_29_A_GS,GS_2017_A,56.91,-5.13,21,56.91,-5.13,3.38490415314692,9.54474403166018,12.9296481848071
GT1_22_A_GS,GS_2017_A,57.05,-2.86,21,57.05,-2.86,4.18092967328639,10.3407695517997,14.5216992250861
GT5_6_A_GS,GS_2017_A,57.05,-2.86,0,57.05,-2.86,-6.31907032671363,-0.159230448200326,-6.47830077491396
GT7_5_A_GS,GS_2017_A,57.05,-2.86,7,57.05,-2.86,-2.81907032671363,3.34076955179967,0.521699225086045
GT8_29_A_GS,GS_2017_A,57.05,-2.86,7,57.05,-2.86,-2.81907032671363,3.34076955179967,0.521699225086045
GT9_9_A_GS,GS_2017_A,57.05,-2.86,28,57.05,-2.86,7.6809296732864,13.8407695517997,21.5216992250861
RD1_6_A_GS,GS_2017_A,57.89,-4.98,21,57.89,-4.98,4.49804887770394,10.6578887562172,15.1559376339212
RD5_5_A_GS,GS_2017_A,57.89,-4.98,7,57.89,-4.98,-2.50195112229607,3.65788875621723,1.15593763392116
RD7_29_A_GS,GS_2017_A,57.89,-4.98,7,57.89,-4.98,-2.50195112229607,3.65788875621723,1.15593763392116
BE10_6_A_GS,GS_2018_A,57.63,-5.35,14,57.63,-5.35,0.872955976878284,6.34988820731583,7.22284418419412
BE2_26_A_GS,GS_2018_A,57.63,-5.35,7,57.63,-5.35,-2.62704402312175,2.84988820731587,0.222844184194116
BE5_2_A_GS,GS_2018_A,57.63,-5.35,14,57.63,-5.35,0.872955976878284,6.34988820731583,7.22284418419412
BE7_29_A_GS,GS_2018_A,57.63,-5.35,14,57.63,-5.35,0.872955976878284,6.34988820731583,7.22284418419412
GA1_6_A_GS,GS_2018_A,57.27,-4.92,7,57.27,-4.92,-1.26957296703908,4.20735926339851,2.93778629635943
GA10_15_A_GS,GS_2018_A,57.27,-4.92,14,57.27,-4.92,2.23042703296095,7.70735926339848,9.93778629635943
GA6_15_A_GS,GS_2018_A,57.27,-4.92,7,57.27,-4.92,-1.26957296703908,4.20735926339851,2.93778629635943
GA9_6_A_GS,GS_2018_A,57.27,-4.92,7,57.27,-4.92,-1.26957296703908,4.20735926339851,2.93778629635943
GL1_26_A_GS,GS_2018_A,56.91,-5.13,7,56.91,-5.13,-1.37021181488268,4.1067204155549,2.73650860067223
GL2_2_A_GS,GS_2018_A,56.91,-5.13,7,56.91,-5.13,-1.37021181488268,4.1067204155549,2.73650860067223
GL4_10_A_GS,GS_2018_A,56.91,-5.13,7,56.91,-5.13,-1.37021181488268,4.1067204155549,2.73650860067223
GL5_6_A_GS,GS_2018_A,56.91,-5.13,14,56.91,-5.13,2.12978818511736,7.60672041555487,9.73650860067223
GL6_2_A_GS,GS_2018_A,56.91,-5.13,7,56.91,-5.13,-1.37021181488268,4.1067204155549,2.73650860067223
GL7_2_A_GS,GS_2018_A,56.91,-5.13,14,56.91,-5.13,2.12978818511736,7.60672041555487,9.73650860067223
GL8_29_A_GS,GS_2018_A,56.91,-5.13,14,56.91,-5.13,2.12978818511736,7.60672041555487,9.73650860067223
GT1_22_A_GS,GS_2018_A,57.05,-2.86,14,57.05,-2.86,1.42150471247609,6.89843694291363,8.31994165538971
GT5_6_A_GS,GS_2018_A,57.05,-2.86,7,57.05,-2.86,-2.07849528752394,3.39843694291366,1.31994165538972
GT7_5_A_GS,GS_2018_A,57.05,-2.86,14,57.05,-2.86,1.42150471247609,6.89843694291363,8.31994165538971
GT8_29_A_GS,GS_2018_A,57.05,-2.86,7,57.05,-2.86,-2.07849528752394,3.39843694291366,1.31994165538972
GT9_9_A_GS,GS_2018_A,57.05,-2.86,14,57.05,-2.86,1.42150471247609,6.89843694291363,8.31994165538971
RD1_6_A_GS,GS_2018_A,57.89,-4.98,14,57.89,-4.98,2.52347570081471,8.00040793125222,10.5238836320669
RD5_5_A_GS,GS_2018_A,57.89,-4.98,7,57.89,-4.98,-0.976524299185339,4.50040793125225,3.52388363206691
RD7_29_A_GS,GS_2018_A,57.89,-4.98,7,57.89,-4.98,-0.976524299185339,4.50040793125225,3.52388363206691
BE10_6_A_GS,GS_2019_A,57.63,-5.35,21,57.63,-5.35,1.75601679609309,6.1703433222466,7.92636011833969
BE2_26_A_GS,GS_2019_A,57.63,-5.35,7,57.63,-5.35,-5.24398320390708,-0.82965667775325,-6.07363988166033
BE5_2_A_GS,GS_2019_A,57.63,-5.35,21,57.63,-5.35,1.75601679609309,6.1703433222466,7.92636011833969
BE7_29_A_GS,GS_2019_A,57.63,-5.35,21,57.63,-5.35,1.75601679609309,6.1703433222466,7.92636011833969
GA1_6_A_GS,GS_2019_A,57.27,-4.92,14,57.27,-4.92,0.286466845006427,4.70079337116005,4.98726021616648
GA10_15_A_GS,GS_2019_A,57.27,-4.92,21,57.27,-4.92,3.78646684500651,8.20079337115998,11.9872602161665
GA6_15_A_GS,GS_2019_A,57.27,-4.92,21,57.27,-4.92,3.78646684500651,8.20079337115998,11.9872602161665
GA9_6_A_GS,GS_2019_A,57.27,-4.92,7,57.27,-4.92,-3.21353315499365,1.20079337116012,-2.01273978383352
GL1_26_A_GS,GS_2019_A,56.91,-5.13,14,56.91,-5.13,-0.382045113274485,4.03228141287912,3.65023629960464
GL2_2_A_GS,GS_2019_A,56.91,-5.13,21,56.91,-5.13,3.11795488672559,7.53228141287905,10.6502362996046
GL4_10_A_GS,GS_2019_A,56.91,-5.13,7,56.91,-5.13,-3.88204511327456,0.532281412879198,-3.34976370039536
GL5_6_A_GS,GS_2019_A,56.91,-5.13,14,56.91,-5.13,-0.382045113274485,4.03228141287912,3.65023629960464
GL6_2_A_GS,GS_2019_A,56.91,-5.13,14,56.91,-5.13,-0.382045113274485,4.03228141287912,3.65023629960464
GL7_2_A_GS,GS_2019_A,56.91,-5.13,21,56.91,-5.13,3.11795488672559,7.53228141287905,10.6502362996046
GL8_29_A_GS,GS_2019_A,56.91,-5.13,7,56.91,-5.13,-3.88204511327456,0.532281412879198,-3.34976370039536
GT1_22_A_GS,GS_2019_A,57.05,-2.86,21,57.05,-2.86,5.53669862702526,9.95102515317866,15.4877237802039
GT5_6_A_GS,GS_2019_A,57.05,-2.86,7,57.05,-2.86,-1.46330137297489,2.95102515317881,1.48772378020393
GT7_5_A_GS,GS_2019_A,57.05,-2.86,7,57.05,-2.86,-1.46330137297489,2.95102515317881,1.48772378020393
GT8_29_A_GS,GS_2019_A,57.05,-2.86,7,57.05,-2.86,-1.46330137297489,2.95102515317881,1.48772378020393
GT9_9_A_GS,GS_2019_A,57.05,-2.86,7,57.05,-2.86,-1.46330137297489,2.95102515317881,1.48772378020393
RD1_6_A_GS,GS_2019_A,57.89,-4.98,14,57.89,-4.98,1.77362936446391,6.18795589061745,7.96158525508136
RD5_5_A_GS,GS_2019_A,57.89,-4.98,7,57.89,-4.98,-1.72637063553617,2.68795589061752,0.961585255081358
RD7_29_A_GS,GS_2019_A,57.89,-4.98,7,57.89,-4.98,-1.72637063553617,2.68795589061752,0.961585255081358
BE2_3_C_GS,GS_2015_C,57.63,-5.35,15,57.63,-5.35,0.702000520694805,19.5989289539803,20.3009294746751
BE3_10_C_GS,GS_2015_C,57.63,-5.35,8,57.63,-5.35,-2.79799947930514,16.0989289539803,13.3009294746751
BE7_5_C_GS,GS_2015_C,57.63,-5.35,15,57.63,-5.35,0.702000520694805,19.5989289539803,20.3009294746751
BE8_15_C_GS,GS_2015_C,57.63,-5.35,15,57.63,-5.35,0.702000520694805,19.5989289539803,20.3009294746751
BE9_15_C_GS,GS_2015_C,57.63,-5.35,15,57.63,-5.35,0.702000520694805,19.5989289539803,20.3009294746751
GA1_3_C_GS,GS_2015_C,57.27,-4.92,15,57.27,-4.92,-0.313824629582356,18.5831038037031,18.2692791741207
GA5_2_C_GS,GS_2015_C,57.27,-4.92,15,57.27,-4.92,-0.313824629582356,18.5831038037031,18.2692791741207
GA7_2_C_GS,GS_2015_C,57.27,-4.92,22,57.27,-4.92,3.18617537041759,22.0831038037031,25.2692791741207
GA8_15_C_GS,GS_2015_C,57.27,-4.92,15,57.27,-4.92,-0.313824629582356,18.5831038037031,18.2692791741207
GA9_15_C_GS,GS_2015_C,57.27,-4.92,15,57.27,-4.92,-0.313824629582356,18.5831038037031,18.2692791741207
GL1_29_C_GS,GS_2015_C,56.91,-5.13,15,56.91,-5.13,-0.158782420015131,18.7381460132703,18.5793635932552
GL2_3_C_GS,GS_2015_C,56.91,-5.13,15,56.91,-5.13,-0.158782420015131,18.7381460132703,18.5793635932552
GL3_22_C_GS,GS_2015_C,56.91,-5.13,15,56.91,-5.13,-0.158782420015131,18.7381460132703,18.5793635932552
GL4_6_C_GS,GS_2015_C,56.91,-5.13,15,56.91,-5.13,-0.158782420015131,18.7381460132703,18.5793635932552
GL5_5_C_GS,GS_2015_C,56.91,-5.13,15,56.91,-5.13,-0.158782420015131,18.7381460132703,18.5793635932552
GL6_10_C_GS,GS_2015_C,56.91,-5.13,15,56.91,-5.13,-0.158782420015131,18.7381460132703,18.5793635932552
GL8_22_C_GS,GS_2015_C,56.91,-5.13,15,56.91,-5.13,-0.158782420015131,18.7381460132703,18.5793635932552
GT2_9_C_GS,GS_2015_C,57.05,-2.86,15,57.05,-2.86,-0.0219239928347399,18.8750044404507,18.853080447616
GT3_10_C_GS,GS_2015_C,57.05,-2.86,22,57.05,-2.86,3.4780760071652,22.3750044404508,25.853080447616
GT5_26_C_GS,GS_2015_C,57.05,-2.86,15,57.05,-2.86,-0.0219239928347399,18.8750044404507,18.853080447616
GT6_5_C_GS,GS_2015_C,57.05,-2.86,15,57.05,-2.86,-0.0219239928347399,18.8750044404507,18.853080447616
GT7_2_C_GS,GS_2015_C,57.05,-2.86,15,57.05,-2.86,-0.0219239928347399,18.8750044404507,18.853080447616
GT9_29_C_GS,GS_2015_C,57.05,-2.86,8,57.05,-2.86,-3.52192399283469,15.3750044404507,11.853080447616
RD1_10_C_GS,GS_2015_C,57.89,-4.98,15,57.89,-4.98,-0.599694079777752,18.2972343535077,17.6975402737299
RD10_6_C_GS,GS_2015_C,57.89,-4.98,15,57.89,-4.98,-0.599694079777752,18.2972343535077,17.6975402737299
RD2_2_C_GS,GS_2015_C,57.89,-4.98,15,57.89,-4.98,-0.599694079777752,18.2972343535077,17.6975402737299
RD3_29_C_GS,GS_2015_C,57.89,-4.98,22,57.89,-4.98,2.90030592022222,21.7972343535078,24.69754027373
RD5_10_C_GS,GS_2015_C,57.89,-4.98,15,57.89,-4.98,-0.599694079777752,18.2972343535077,17.6975402737299
RD7_5_C_GS,GS_2015_C,57.89,-4.98,15,57.89,-4.98,-0.599694079777752,18.2972343535077,17.6975402737299
RD8_15_C_GS,GS_2015_C,57.89,-4.98,15,57.89,-4.98,-0.599694079777752,18.2972343535077,17.6975402737299
BE2_3_C_GS,GS_2016_C,57.63,-5.35,28,57.63,-5.35,-0.998507500736036,18.1703460855992,17.1718385848632
BE3_10_C_GS,GS_2016_C,57.63,-5.35,28,57.63,-5.35,-0.998507500736036,18.1703460855992,17.1718385848632
BE7_5_C_GS,GS_2016_C,57.63,-5.35,28,57.63,-5.35,-0.998507500736036,18.1703460855992,17.1718385848632
BE8_15_C_GS,GS_2016_C,57.63,-5.35,33,57.63,-5.35,1.50149249926399,20.6703460855992,22.1718385848632
BE9_15_C_GS,GS_2016_C,57.63,-5.35,33,57.63,-5.35,1.50149249926399,20.6703460855992,22.1718385848632
GA1_3_C_GS,GS_2016_C,57.27,-4.92,28,57.27,-4.92,1.4851352747902,20.6539888611255,22.1391241359157
GA5_2_C_GS,GS_2016_C,57.27,-4.92,21,57.27,-4.92,-2.01486472520983,17.1539888611255,15.1391241359157
GA8_15_C_GS,GS_2016_C,57.27,-4.92,33,57.27,-4.92,3.98513527479022,23.1539888611254,27.1391241359157
GA9_15_C_GS,GS_2016_C,57.27,-4.92,21,57.27,-4.92,-2.01486472520983,17.1539888611255,15.1391241359157
GL1_29_C_GS,GS_2016_C,56.91,-5.13,21,56.91,-5.13,-1.8327461959109,17.3361073904244,15.5033611945135
GL2_3_C_GS,GS_2016_C,56.91,-5.13,33,56.91,-5.13,4.16725380408915,23.3361073904244,27.5033611945135
GL3_22_C_GS,GS_2016_C,56.91,-5.13,0,56.91,-5.13,-12.332746195911,6.8361073904245,-5.49663880548648
GL4_6_C_GS,GS_2016_C,56.91,-5.13,28,56.91,-5.13,1.66725380408913,20.8361073904244,22.5033611945135
GL5_5_C_GS,GS_2016_C,56.91,-5.13,28,56.91,-5.13,1.66725380408913,20.8361073904244,22.5033611945135
GL6_10_C_GS,GS_2016_C,56.91,-5.13,33,56.91,-5.13,4.16725380408915,23.3361073904244,27.5033611945135
GL8_22_C_GS,GS_2016_C,56.91,-5.13,28,56.91,-5.13,1.66725380408913,20.8361073904244,22.5033611945135
GT2_9_C_GS,GS_2016_C,57.05,-2.86,28,57.05,-2.86,3.23364348679073,22.402497073126,25.6361405599167
GT3_10_C_GS,GS_2016_C,57.05,-2.86,28,57.05,-2.86,3.23364348679073,22.402497073126,25.6361405599167
GT5_26_C_GS,GS_2016_C,57.05,-2.86,12,57.05,-2.86,-4.76635651320934,14.402497073126,9.63614055991669
GT6_5_C_GS,GS_2016_C,57.05,-2.86,21,57.05,-2.86,-0.266356513209299,18.902497073126,18.6361405599167
GT7_2_C_GS,GS_2016_C,57.05,-2.86,28,57.05,-2.86,3.23364348679073,22.402497073126,25.6361405599167
GT9_29_C_GS,GS_2016_C,57.05,-2.86,12,57.05,-2.86,-4.76635651320934,14.402497073126,9.63614055991669
RD1_10_C_GS,GS_2016_C,57.89,-4.98,28,57.89,-4.98,0.829893142524767,19.99874672886,20.8286398713848
RD10_6_C_GS,GS_2016_C,57.89,-4.98,21,57.89,-4.98,-2.67010685747526,16.49874672886,13.8286398713848
RD2_2_C_GS,GS_2016_C,57.89,-4.98,33,57.89,-4.98,3.32989314252479,22.49874672886,25.8286398713848
RD3_29_C_GS,GS_2016_C,57.89,-4.98,21,57.89,-4.98,-2.67010685747526,16.49874672886,13.8286398713848
RD5_10_C_GS,GS_2016_C,57.89,-4.98,33,57.89,-4.98,3.32989314252479,22.49874672886,25.8286398713848
RD7_5_C_GS,GS_2016_C,57.89,-4.98,21,57.89,-4.98,-2.67010685747526,16.49874672886,13.8286398713848
BE2_3_C_GS,GS_2017_C,57.63,-5.35,7,57.63,-5.35,-3.49667596402412,10.6113636910408,7.11468772701673
BE3_10_C_GS,GS_2017_C,57.63,-5.35,7,57.63,-5.35,-3.49667596402412,10.6113636910408,7.11468772701673
BE5_9_C_GS,GS_2017_C,57.63,-5.35,21,57.63,-5.35,3.50332403597578,17.6113636910409,21.1146877270167
BE7_5_C_GS,GS_2017_C,57.63,-5.35,14,57.63,-5.35,0.00332403597583841,14.1113636910409,14.1146877270167
BE8_15_C_GS,GS_2017_C,57.63,-5.35,21,57.63,-5.35,3.50332403597578,17.6113636910409,21.1146877270167
BE9_15_C_GS,GS_2017_C,57.63,-5.35,14,57.63,-5.35,0.00332403597583841,14.1113636910409,14.1146877270167
GA1_3_C_GS,GS_2017_C,57.27,-4.92,21,57.27,-4.92,3.56999602802928,17.6780356830944,21.2480317111237
GA5_2_C_GS,GS_2017_C,57.27,-4.92,7,57.27,-4.92,-3.43000397197064,10.6780356830944,7.24803171112372
GA7_2_C_GS,GS_2017_C,57.27,-4.92,21,57.27,-4.92,3.56999602802928,17.6780356830944,21.2480317111237
GA8_15_C_GS,GS_2017_C,57.27,-4.92,21,57.27,-4.92,3.56999602802928,17.6780356830944,21.2480317111237
GA9_15_C_GS,GS_2017_C,57.27,-4.92,7,57.27,-4.92,-3.43000397197064,10.6780356830944,7.24803171112372
GL1_29_C_GS,GS_2017_C,56.91,-5.13,7,56.91,-5.13,-3.31659666073677,10.7914429943282,7.47484633359143
GL2_3_C_GS,GS_2017_C,56.91,-5.13,21,56.91,-5.13,3.68340333926315,17.7914429943283,21.4748463335914
GL3_22_C_GS,GS_2017_C,56.91,-5.13,0,56.91,-5.13,-6.81659666073674,7.29144299432816,0.474846333591419
GL4_6_C_GS,GS_2017_C,56.91,-5.13,14,56.91,-5.13,0.183403339263185,14.2914429943282,14.4748463335914
GL5_5_C_GS,GS_2017_C,56.91,-5.13,21,56.91,-5.13,3.68340333926315,17.7914429943283,21.4748463335914
GL6_10_C_GS,GS_2017_C,56.91,-5.13,21,56.91,-5.13,3.68340333926315,17.7914429943283,21.4748463335914
GL8_22_C_GS,GS_2017_C,56.91,-5.13,7,56.91,-5.13,-3.31659666073677,10.7914429943282,7.47484633359143
GT2_9_C_GS,GS_2017_C,57.05,-2.86,21,57.05,-2.86,4.0396190296918,18.147658684757,22.1872777144488
GT3_10_C_GS,GS_2017_C,57.05,-2.86,14,57.05,-2.86,0.539619029691858,14.6476586847569,15.1872777144488
GT5_26_C_GS,GS_2017_C,57.05,-2.86,7,57.05,-2.86,-2.9603809703081,11.1476586847569,8.18727771444879
GT6_5_C_GS,GS_2017_C,57.05,-2.86,14,57.05,-2.86,0.539619029691858,14.6476586847569,15.1872777144488
GT7_2_C_GS,GS_2017_C,57.05,-2.86,14,57.05,-2.86,0.539619029691858,14.6476586847569,15.1872777144488
GT9_29_C_GS,GS_2017_C,57.05,-2.86,7,57.05,-2.86,-2.9603809703081,11.1476586847569,8.18727771444879
RD1_10_C_GS,GS_2017_C,57.89,-4.98,14,57.89,-4.98,-0.19878027271289,13.9092593823522,13.7104791096393
RD10_6_C_GS,GS_2017_C,57.89,-4.98,7,57.89,-4.98,-3.69878027271285,10.4092593823521,6.71047910963928
RD2_2_C_GS,GS_2017_C,57.89,-4.98,7,57.89,-4.98,-3.69878027271285,10.4092593823521,6.71047910963928
RD3_29_C_GS,GS_2017_C,57.89,-4.98,7,57.89,-4.98,-3.69878027271285,10.4092593823521,6.71047910963928
RD5_10_C_GS,GS_2017_C,57.89,-4.98,21,57.89,-4.98,3.30121972728707,17.4092593823522,20.7104791096393
RD7_5_C_GS,GS_2017_C,57.89,-4.98,14,57.89,-4.98,-0.19878027271289,13.9092593823522,13.7104791096393
RD8_15_C_GS,GS_2017_C,57.89,-4.98,28,57.89,-4.98,6.80121972728703,20.9092593823523,27.7104791096393
BE2_3_C_GS,GS_2018_C,57.63,-5.35,7,57.63,-5.35,-1.16481289474103,9.80892196900335,8.64410907426232
BE3_10_C_GS,GS_2018_C,57.63,-5.35,7,57.63,-5.35,-1.16481289474103,9.80892196900335,8.64410907426232
BE5_9_C_GS,GS_2018_C,57.63,-5.35,14,57.63,-5.35,2.33518710525895,13.3089219690034,15.6441090742623
BE7_5_C_GS,GS_2018_C,57.63,-5.35,7,57.63,-5.35,-1.16481289474103,9.80892196900335,8.64410907426232
BE8_15_C_GS,GS_2018_C,57.63,-5.35,14,57.63,-5.35,2.33518710525895,13.3089219690034,15.6441090742623
BE9_15_C_GS,GS_2018_C,57.63,-5.35,7,57.63,-5.35,-1.16481289474103,9.80892196900335,8.64410907426232
GA1_3_C_GS,GS_2018_C,57.27,-4.92,14,57.27,-4.92,1.82941683841933,12.8031517021637,14.6325685405831
GA5_2_C_GS,GS_2018_C,57.27,-4.92,7,57.27,-4.92,-1.67058316158066,9.30315170216372,7.63256854058306
GA7_2_C_GS,GS_2018_C,57.27,-4.92,14,57.27,-4.92,1.82941683841933,12.8031517021637,14.6325685405831
GA8_15_C_GS,GS_2018_C,57.27,-4.92,14,57.27,-4.92,1.82941683841933,12.8031517021637,14.6325685405831
GA9_15_C_GS,GS_2018_C,57.27,-4.92,7,57.27,-4.92,-1.67058316158066,9.30315170216372,7.63256854058306
GL1_29_C_GS,GS_2018_C,56.91,-5.13,7,56.91,-5.13,-0.176561868060406,10.797172995684,10.6206111276236
GL2_3_C_GS,GS_2018_C,56.91,-5.13,7,56.91,-5.13,-0.176561868060406,10.797172995684,10.6206111276236
GL3_22_C_GS,GS_2018_C,56.91,-5.13,0,56.91,-5.13,-3.67656186806038,7.29717299568395,3.62061112762357
GL4_6_C_GS,GS_2018_C,56.91,-5.13,7,56.91,-5.13,-0.176561868060406,10.797172995684,10.6206111276236
GL5_5_C_GS,GS_2018_C,56.91,-5.13,7,56.91,-5.13,-0.176561868060406,10.797172995684,10.6206111276236
GL6_10_C_GS,GS_2018_C,56.91,-5.13,7,56.91,-5.13,-0.176561868060406,10.797172995684,10.6206111276236
GL8_22_C_GS,GS_2018_C,56.91,-5.13,14,56.91,-5.13,3.32343813193958,14.297172995684,17.6206111276236
GT2_9_C_GS,GS_2018_C,57.05,-2.86,14,57.05,-2.86,1.72562109753817,12.6993559612826,14.4249770588207
GT3_10_C_GS,GS_2018_C,57.05,-2.86,14,57.05,-2.86,1.72562109753817,12.6993559612826,14.4249770588207
GT5_26_C_GS,GS_2018_C,57.05,-2.86,7,57.05,-2.86,-1.77437890246181,9.19935596128255,7.42497705882074
GT6_5_C_GS,GS_2018_C,57.05,-2.86,14,57.05,-2.86,1.72562109753817,12.6993559612826,14.4249770588207
GT7_2_C_GS,GS_2018_C,57.05,-2.86,7,57.05,-2.86,-1.77437890246181,9.19935596128255,7.42497705882074
GT9_29_C_GS,GS_2018_C,57.05,-2.86,7,57.05,-2.86,-1.77437890246181,9.19935596128255,7.42497705882074
RD1_10_C_GS,GS_2018_C,57.89,-4.98,7,57.89,-4.98,-1.11085719035048,9.86287767339391,8.75202048304343
RD10_6_C_GS,GS_2018_C,57.89,-4.98,7,57.89,-4.98,-1.11085719035048,9.86287767339391,8.75202048304343
RD2_2_C_GS,GS_2018_C,57.89,-4.98,7,57.89,-4.98,-1.11085719035048,9.86287767339391,8.75202048304343
RD3_29_C_GS,GS_2018_C,57.89,-4.98,7,57.89,-4.98,-1.11085719035048,9.86287767339391,8.75202048304343
RD5_10_C_GS,GS_2018_C,57.89,-4.98,14,57.89,-4.98,2.3891428096495,13.3628776733939,15.7520204830434
RD7_5_C_GS,GS_2018_C,57.89,-4.98,7,57.89,-4.98,-1.11085719035048,9.86287767339391,8.75202048304343
RD8_15_C_GS,GS_2018_C,57.89,-4.98,14,57.89,-4.98,2.3891428096495,13.3628776733939,15.7520204830434
BE2_3_C_GS,GS_2019_C,57.63,-5.35,14,57.63,-5.35,-1.7462277074229,10.8267553886193,9.08052768119637
BE3_10_C_GS,GS_2019_C,57.63,-5.35,7,57.63,-5.35,-5.24622770742287,7.32675538861924,2.08052768119637
BE5_9_C_GS,GS_2019_C,57.63,-5.35,21,57.63,-5.35,1.75377229257707,14.3267553886193,16.0805276811964
BE7_5_C_GS,GS_2019_C,57.63,-5.35,21,57.63,-5.35,1.75377229257707,14.3267553886193,16.0805276811964
BE8_15_C_GS,GS_2019_C,57.63,-5.35,21,57.63,-5.35,1.75377229257707,14.3267553886193,16.0805276811964
BE9_15_C_GS,GS_2019_C,57.63,-5.35,21,57.63,-5.35,1.75377229257707,14.3267553886193,16.0805276811964
GA1_3_C_GS,GS_2019_C,57.27,-4.92,21,57.27,-4.92,2.9738323900461,15.5468154860883,18.5206478761344
GA5_2_C_GS,GS_2019_C,57.27,-4.92,7,57.27,-4.92,-4.02616760995386,8.54681548608829,4.52064787613443
GA7_2_C_GS,GS_2019_C,57.27,-4.92,21,57.27,-4.92,2.9738323900461,15.5468154860883,18.5206478761344
GA8_15_C_GS,GS_2019_C,57.27,-4.92,21,57.27,-4.92,2.9738323900461,15.5468154860883,18.5206478761344
GA9_15_C_GS,GS_2019_C,57.27,-4.92,14,57.27,-4.92,-0.526167609953886,12.0468154860883,11.5206478761344
GL1_29_C_GS,GS_2019_C,56.91,-5.13,14,56.91,-5.13,-0.359290706266959,12.2136923897752,11.8544016835083
GL2_3_C_GS,GS_2019_C,56.91,-5.13,21,56.91,-5.13,3.14070929373304,15.7136923897753,18.8544016835083
GL3_22_C_GS,GS_2019_C,56.91,-5.13,0,56.91,-5.13,-7.35929070626689,5.21369238977519,-2.14559831649171
GL4_6_C_GS,GS_2019_C,56.91,-5.13,7,56.91,-5.13,-3.85929070626693,8.71369238977521,4.85440168350828
GL5_5_C_GS,GS_2019_C,56.91,-5.13,14,56.91,-5.13,-0.359290706266959,12.2136923897752,11.8544016835083
GL6_10_C_GS,GS_2019_C,56.91,-5.13,21,56.91,-5.13,3.14070929373304,15.7136923897753,18.8544016835083
GL8_22_C_GS,GS_2019_C,56.91,-5.13,21,56.91,-5.13,3.14070929373304,15.7136923897753,18.8544016835083
GT2_9_C_GS,GS_2019_C,57.05,-2.86,14,57.05,-2.86,1.70039068639342,14.2733737824357,15.9737644688291
GT3_10_C_GS,GS_2019_C,57.05,-2.86,14,57.05,-2.86,1.70039068639342,14.2733737824357,15.9737644688291
GT5_26_C_GS,GS_2019_C,57.05,-2.86,0,57.05,-2.86,-5.29960931360652,7.2733737824356,1.97376446882908
GT6_5_C_GS,GS_2019_C,57.05,-2.86,14,57.05,-2.86,1.70039068639342,14.2733737824357,15.9737644688291
GT7_2_C_GS,GS_2019_C,57.05,-2.86,14,57.05,-2.86,1.70039068639342,14.2733737824357,15.9737644688291
GT9_29_C_GS,GS_2019_C,57.05,-2.86,7,57.05,-2.86,-1.79960931360655,10.7733737824356,8.97376446882908
RD1_10_C_GS,GS_2019_C,57.89,-4.98,21,57.89,-4.98,2.2744135885432,14.8473966845854,17.1218102731286
RD10_6_C_GS,GS_2019_C,57.89,-4.98,21,57.89,-4.98,2.2744135885432,14.8473966845854,17.1218102731286
RD2_2_C_GS,GS_2019_C,57.89,-4.98,14,57.89,-4.98,-1.22558641145677,11.3473966845854,10.1218102731286
RD3_29_C_GS,GS_2019_C,57.89,-4.98,7,57.89,-4.98,-4.72558641145674,7.84739668458539,3.12181027312865
RD5_10_C_GS,GS_2019_C,57.89,-4.98,21,57.89,-4.98,2.2744135885432,14.8473966845854,17.1218102731286
RD7_5_C_GS,GS_2019_C,57.89,-4.98,7,57.89,-4.98,-4.72558641145674,7.84739668458539,3.12181027312865
RD8_15_C_GS,GS_2019_C,57.89,-4.98,21,57.89,-4.98,2.2744135885432,14.8473966845854,17.1218102731286
BE10_19_D_GS,GS_2015_D,57.63,-5.35,15,57.63,-5.35,-0.499992519861898,13.1420118866857,12.6420193668238
BE2_15_D_GS,GS_2015_D,57.63,-5.35,15,57.63,-5.35,-0.499992519861898,13.1420118866857,12.6420193668238
BE3_29_D_GS,GS_2015_D,57.63,-5.35,22,57.63,-5.35,3.00000748013811,16.6420118866857,19.6420193668238
BE4_6_D_GS,GS_2015_D,57.63,-5.35,15,57.63,-5.35,-0.499992519861898,13.1420118866857,12.6420193668238
BE7_26_D_GS,GS_2015_D,57.63,-5.35,15,57.63,-5.35,-0.499992519861898,13.1420118866857,12.6420193668238
BE8_22_D_GS,GS_2015_D,57.63,-5.35,15,57.63,-5.35,-0.499992519861898,13.1420118866857,12.6420193668238
BE9_29_D_GS,GS_2015_D,57.63,-5.35,15,57.63,-5.35,-0.499992519861898,13.1420118866857,12.6420193668238
GA1_26_D_GS,GS_2015_D,57.27,-4.92,15,57.27,-4.92,0.00168460436556828,13.6436890109132,13.6453736152788
GA3_29_D_GS,GS_2015_D,57.27,-4.92,15,57.27,-4.92,0.00168460436556828,13.6436890109132,13.6453736152788
GA5_6_D_GS,GS_2015_D,57.27,-4.92,15,57.27,-4.92,0.00168460436556828,13.6436890109132,13.6453736152788
GA6_5_D_GS,GS_2015_D,57.27,-4.92,15,57.27,-4.92,0.00168460436556828,13.6436890109132,13.6453736152788
GA7_26_D_GS,GS_2015_D,57.27,-4.92,15,57.27,-4.92,0.00168460436556828,13.6436890109132,13.6453736152788
GA8_29_D_GS,GS_2015_D,57.27,-4.92,15,57.27,-4.92,0.00168460436556828,13.6436890109132,13.6453736152788
GL3_26_D_GS,GS_2015_D,56.91,-5.13,8,56.91,-5.13,-3.50116365716656,10.1408407493811,6.63967709221454
GL4_3_D_GS,GS_2015_D,56.91,-5.13,15,56.91,-5.13,-0.00116365716654876,13.6408407493811,13.6396770922145
GL6_15_D_GS,GS_2015_D,56.91,-5.13,15,56.91,-5.13,-0.00116365716654876,13.6408407493811,13.6396770922145
GL7_15_D_GS,GS_2015_D,56.91,-5.13,15,56.91,-5.13,-0.00116365716654876,13.6408407493811,13.6396770922145
GL8_15_D_GS,GS_2015_D,56.91,-5.13,22,56.91,-5.13,3.49883634283345,17.1408407493811,20.6396770922145
GT2_26_D_GS,GS_2015_D,57.05,-2.86,15,57.05,-2.86,-0.000229532529814946,13.6417748740178,13.641545341488
GT6_29_D_GS,GS_2015_D,57.05,-2.86,15,57.05,-2.86,-0.000229532529814946,13.6417748740178,13.641545341488
GT8_22_D_GS,GS_2015_D,57.05,-2.86,15,57.05,-2.86,-0.000229532529814946,13.6417748740178,13.641545341488
RD10_10_D_GS,GS_2015_D,57.89,-4.98,15,57.89,-4.98,-0.000608850622842994,13.6413955559248,13.640786705302
RD2_9_D_GS,GS_2015_D,57.89,-4.98,15,57.89,-4.98,-0.000608850622842994,13.6413955559248,13.640786705302
RD3_2_D_GS,GS_2015_D,57.89,-4.98,15,57.89,-4.98,-0.000608850622842994,13.6413955559248,13.640786705302
RD5_6_D_GS,GS_2015_D,57.89,-4.98,15,57.89,-4.98,-0.000608850622842994,13.6413955559248,13.640786705302
RD8_22_D_GS,GS_2015_D,57.89,-4.98,15,57.89,-4.98,-0.000608850622842994,13.6413955559248,13.640786705302
RD9_6_D_GS,GS_2015_D,57.89,-4.98,15,57.89,-4.98,-0.000608850622842994,13.6413955559248,13.640786705302
BE10_19_D_GS,GS_2016_D,57.63,-5.35,28,57.63,-5.35,0.285063602821342,23.5034105913445,23.7884741941659
BE2_15_D_GS,GS_2016_D,57.63,-5.35,21,57.63,-5.35,-3.21493639717866,20.0034105913445,16.7884741941659
BE3_29_D_GS,GS_2016_D,57.63,-5.35,33,57.63,-5.35,2.78506360282134,26.0034105913445,28.7884741941659
BE4_6_D_GS,GS_2016_D,57.63,-5.35,28,57.63,-5.35,0.285063602821342,23.5034105913445,23.7884741941659
BE7_26_D_GS,GS_2016_D,57.63,-5.35,28,57.63,-5.35,0.285063602821342,23.5034105913445,23.7884741941659
BE8_22_D_GS,GS_2016_D,57.63,-5.35,21,57.63,-5.35,-3.21493639717866,20.0034105913445,16.7884741941659
BE9_29_D_GS,GS_2016_D,57.63,-5.35,33,57.63,-5.35,2.78506360282134,26.0034105913445,28.7884741941659
GA1_26_D_GS,GS_2016_D,57.27,-4.92,28,57.27,-4.92,1.53018923350794,24.7485362220311,26.2787254555391
GA3_29_D_GS,GS_2016_D,57.27,-4.92,28,57.27,-4.92,1.53018923350794,24.7485362220311,26.2787254555391
GA5_6_D_GS,GS_2016_D,57.27,-4.92,21,57.27,-4.92,-1.96981076649206,21.2485362220311,19.2787254555391
GA6_5_D_GS,GS_2016_D,57.27,-4.92,21,57.27,-4.92,-1.96981076649206,21.2485362220311,19.2787254555391
GL3_26_D_GS,GS_2016_D,56.91,-5.13,12,56.91,-5.13,-6.09877568924042,17.1195712992828,11.0207956100423
GL4_3_D_GS,GS_2016_D,56.91,-5.13,21,56.91,-5.13,-1.59877568924043,21.6195712992828,20.0207956100423
GL6_15_D_GS,GS_2016_D,56.91,-5.13,28,56.91,-5.13,1.90122431075957,25.1195712992828,27.0207956100423
GL7_15_D_GS,GS_2016_D,56.91,-5.13,28,56.91,-5.13,1.90122431075957,25.1195712992828,27.0207956100423
GL8_15_D_GS,GS_2016_D,56.91,-5.13,33,56.91,-5.13,4.40122431075957,27.6195712992828,32.0207956100423
GT2_26_D_GS,GS_2016_D,57.05,-2.86,12,57.05,-2.86,-2.98003340435018,20.238313584173,17.2582801798228
GT6_29_D_GS,GS_2016_D,57.05,-2.86,21,57.05,-2.86,1.51996659564983,24.738313584173,26.2582801798228
GT8_22_D_GS,GS_2016_D,57.05,-2.86,21,57.05,-2.86,1.51996659564983,24.738313584173,26.2582801798228
RD10_10_D_GS,GS_2016_D,57.89,-4.98,33,57.89,-4.98,2.76355530109212,25.9819022896153,28.7454575907074
RD2_9_D_GS,GS_2016_D,57.89,-4.98,21,57.89,-4.98,-3.23644469890788,19.9819022896153,16.7454575907074
RD3_2_D_GS,GS_2016_D,57.89,-4.98,28,57.89,-4.98,0.263555301092119,23.4819022896153,23.7454575907074
RD5_6_D_GS,GS_2016_D,57.89,-4.98,28,57.89,-4.98,0.263555301092119,23.4819022896153,23.7454575907074
RD8_22_D_GS,GS_2016_D,57.89,-4.98,28,57.89,-4.98,0.263555301092119,23.4819022896153,23.7454575907074
BE10_19_D_GS,GS_2017_D,57.63,-5.35,21,57.63,-5.35,2.50394465026473,21.9513219428691,24.4552665931338
BE2_15_D_GS,GS_2017_D,57.63,-5.35,14,57.63,-5.35,-0.99605534973526,18.451321942869,17.4552665931338
BE3_29_D_GS,GS_2017_D,57.63,-5.35,21,57.63,-5.35,2.50394465026473,21.9513219428691,24.4552665931338
BE4_6_D_GS,GS_2017_D,57.63,-5.35,28,57.63,-5.35,6.0039446502647,25.4513219428691,31.4552665931338
BE7_26_D_GS,GS_2017_D,57.63,-5.35,7,57.63,-5.35,-4.49605534973523,14.951321942869,10.4552665931338
BE8_22_D_GS,GS_2017_D,57.63,-5.35,7,57.63,-5.35,-4.49605534973523,14.951321942869,10.4552665931338
BE9_29_D_GS,GS_2017_D,57.63,-5.35,14,57.63,-5.35,-0.99605534973526,18.451321942869,17.4552665931338
GA1_26_D_GS,GS_2017_D,57.27,-4.92,21,57.27,-4.92,2.26146514304085,21.7088424356452,23.9703075786861
GA10_22_D_GS,GS_2017_D,57.27,-4.92,28,57.27,-4.92,5.76146514304082,25.2088424356452,30.9703075786861
GA3_29_D_GS,GS_2017_D,57.27,-4.92,14,57.27,-4.92,-1.23853485695912,18.2088424356452,16.970307578686
GA5_6_D_GS,GS_2017_D,57.27,-4.92,7,57.27,-4.92,-4.7385348569591,14.7088424356451,9.97030757868604
GA6_5_D_GS,GS_2017_D,57.27,-4.92,14,57.27,-4.92,-1.23853485695912,18.2088424356452,16.970307578686
GA7_26_D_GS,GS_2017_D,57.27,-4.92,21,57.27,-4.92,2.26146514304085,21.7088424356452,23.9703075786861
GA8_29_D_GS,GS_2017_D,57.27,-4.92,21,57.27,-4.92,2.26146514304085,21.7088424356452,23.9703075786861
GL3_26_D_GS,GS_2017_D,56.91,-5.13,7,56.91,-5.13,-4.11365452943419,15.3337227631701,11.2200682337359
GL4_3_D_GS,GS_2017_D,56.91,-5.13,14,56.91,-5.13,-0.613654529434218,18.8337227631701,18.2200682337359
GL6_15_D_GS,GS_2017_D,56.91,-5.13,21,56.91,-5.13,2.88634547056578,22.3337227631701,25.2200682337359
GL7_15_D_GS,GS_2017_D,56.91,-5.13,21,56.91,-5.13,2.88634547056578,22.3337227631701,25.2200682337359
GL8_15_D_GS,GS_2017_D,56.91,-5.13,7,56.91,-5.13,-4.11365452943419,15.3337227631701,11.2200682337359
GT2_26_D_GS,GS_2017_D,57.05,-2.86,7,57.05,-2.86,-2.45437729763726,16.992999994967,14.5386226973298
GT6_29_D_GS,GS_2017_D,57.05,-2.86,14,57.05,-2.86,1.04562270236271,20.492999994967,21.5386226973298
GT8_22_D_GS,GS_2017_D,57.05,-2.86,14,57.05,-2.86,1.04562270236271,20.492999994967,21.5386226973298
RD10_10_D_GS,GS_2017_D,57.89,-4.98,21,57.89,-4.98,0.845589331157822,20.2929666237622,21.13855595492
RD2_9_D_GS,GS_2017_D,57.89,-4.98,7,57.89,-4.98,-6.15441066884212,13.2929666237621,7.13855595491999
RD3_2_D_GS,GS_2017_D,57.89,-4.98,21,57.89,-4.98,0.845589331157822,20.2929666237622,21.13855595492
RD5_6_D_GS,GS_2017_D,57.89,-4.98,14,57.89,-4.98,-2.65441066884215,16.7929666237621,14.13855595492
RD8_22_D_GS,GS_2017_D,57.89,-4.98,21,57.89,-4.98,0.845589331157822,20.2929666237622,21.13855595492
RD9_6_D_GS,GS_2017_D,57.89,-4.98,28,57.89,-4.98,4.3455893311578,23.7929666237622,28.13855595492
BE10_19_D_GS,GS_2018_D,57.63,-5.35,7,57.63,-5.35,-0.99829770953959,14.0411224824484,13.0428247729088
BE2_15_D_GS,GS_2018_D,57.63,-5.35,7,57.63,-5.35,-0.99829770953959,14.0411224824484,13.0428247729088
BE3_29_D_GS,GS_2018_D,57.63,-5.35,14,57.63,-5.35,2.5017022904604,17.5411224824484,20.0428247729088
BE4_6_D_GS,GS_2018_D,57.63,-5.35,14,57.63,-5.35,2.5017022904604,17.5411224824484,20.0428247729088
BE7_26_D_GS,GS_2018_D,57.63,-5.35,7,57.63,-5.35,-0.99829770953959,14.0411224824484,13.0428247729088
BE8_22_D_GS,GS_2018_D,57.63,-5.35,7,57.63,-5.35,-0.99829770953959,14.0411224824484,13.0428247729088
BE9_29_D_GS,GS_2018_D,57.63,-5.35,7,57.63,-5.35,-0.99829770953959,14.0411224824484,13.0428247729088
GA1_26_D_GS,GS_2018_D,57.27,-4.92,14,57.27,-4.92,0.828605772914733,15.8680259649028,16.6966317378175
GA10_22_D_GS,GS_2018_D,57.27,-4.92,21,57.27,-4.92,4.3286057729147,19.3680259649028,23.6966317378175
GA3_29_D_GS,GS_2018_D,57.27,-4.92,14,57.27,-4.92,0.828605772914733,15.8680259649028,16.6966317378175
GA5_6_D_GS,GS_2018_D,57.27,-4.92,7,57.27,-4.92,-2.67139422708524,12.3680259649027,9.6966317378175
GA6_5_D_GS,GS_2018_D,57.27,-4.92,7,57.27,-4.92,-2.67139422708524,12.3680259649027,9.6966317378175
GA7_26_D_GS,GS_2018_D,57.27,-4.92,14,57.27,-4.92,0.828605772914733,15.8680259649028,16.6966317378175
GA8_29_D_GS,GS_2018_D,57.27,-4.92,14,57.27,-4.92,0.828605772914733,15.8680259649028,16.6966317378175
GL3_26_D_GS,GS_2018_D,56.91,-5.13,7,56.91,-5.13,-0.964818977979904,14.0746012140081,13.1097822360282
GL4_3_D_GS,GS_2018_D,56.91,-5.13,7,56.91,-5.13,-0.964818977979904,14.0746012140081,13.1097822360282
GL6_15_D_GS,GS_2018_D,56.91,-5.13,7,56.91,-5.13,-0.964818977979904,14.0746012140081,13.1097822360282
GL7_15_D_GS,GS_2018_D,56.91,-5.13,7,56.91,-5.13,-0.964818977979904,14.0746012140081,13.1097822360282
GL8_15_D_GS,GS_2018_D,56.91,-5.13,14,56.91,-5.13,2.53518102202007,17.5746012140081,20.1097822360282
GT2_26_D_GS,GS_2018_D,57.05,-2.86,7,57.05,-2.86,-0.0522358059461947,14.9871843860418,14.9349485800956
GT6_29_D_GS,GS_2018_D,57.05,-2.86,7,57.05,-2.86,-0.0522358059461947,14.9871843860418,14.9349485800956
GT8_22_D_GS,GS_2018_D,57.05,-2.86,7,57.05,-2.86,-0.0522358059461947,14.9871843860418,14.9349485800956
RD10_10_D_GS,GS_2018_D,57.89,-4.98,14,57.89,-4.98,1.61144097735171,16.6508611693398,18.2623021466915
RD2_9_D_GS,GS_2018_D,57.89,-4.98,7,57.89,-4.98,-1.88855902264826,13.1508611693397,11.2623021466915
RD3_2_D_GS,GS_2018_D,57.89,-4.98,7,57.89,-4.98,-1.88855902264826,13.1508611693397,11.2623021466915
RD5_6_D_GS,GS_2018_D,57.89,-4.98,7,57.89,-4.98,-1.88855902264826,13.1508611693397,11.2623021466915
RD8_22_D_GS,GS_2018_D,57.89,-4.98,7,57.89,-4.98,-1.88855902264826,13.1508611693397,11.2623021466915
RD9_6_D_GS,GS_2018_D,57.89,-4.98,21,57.89,-4.98,5.11144097735168,20.1508611693398,25.2623021466915
BE10_19_D_GS,GS_2019_D,57.63,-5.35,21,57.63,-5.35,2.00295828872526,16.1572254771283,18.1601837658535
BE2_15_D_GS,GS_2019_D,57.63,-5.35,21,57.63,-5.35,2.00295828872526,16.1572254771283,18.1601837658535
BE3_29_D_GS,GS_2019_D,57.63,-5.35,14,57.63,-5.35,-1.49704171127471,12.6572254771283,11.1601837658535
BE4_6_D_GS,GS_2019_D,57.63,-5.35,14,57.63,-5.35,-1.49704171127471,12.6572254771283,11.1601837658535
BE7_26_D_GS,GS_2019_D,57.63,-5.35,14,57.63,-5.35,-1.49704171127471,12.6572254771283,11.1601837658535
BE8_22_D_GS,GS_2019_D,57.63,-5.35,14,57.63,-5.35,-1.49704171127471,12.6572254771283,11.1601837658535
BE9_29_D_GS,GS_2019_D,57.63,-5.35,21,57.63,-5.35,2.00295828872526,16.1572254771283,18.1601837658535
GA1_26_D_GS,GS_2019_D,57.27,-4.92,21,57.27,-4.92,2.5710604480824,16.7253276364854,19.2963880845678
GA10_22_D_GS,GS_2019_D,57.27,-4.92,14,57.27,-4.92,-0.928939551917589,13.2253276364854,12.2963880845678
GA3_29_D_GS,GS_2019_D,57.27,-4.92,14,57.27,-4.92,-0.928939551917589,13.2253276364854,12.2963880845678
GA5_6_D_GS,GS_2019_D,57.27,-4.92,21,57.27,-4.92,2.5710604480824,16.7253276364854,19.2963880845678
GA6_5_D_GS,GS_2019_D,57.27,-4.92,7,57.27,-4.92,-4.42893955191757,9.7253276364854,5.29638808456783
GA7_26_D_GS,GS_2019_D,57.27,-4.92,21,57.27,-4.92,2.5710604480824,16.7253276364854,19.2963880845678
GA8_29_D_GS,GS_2019_D,57.27,-4.92,21,57.27,-4.92,2.5710604480824,16.7253276364854,19.2963880845678
GL3_26_D_GS,GS_2019_D,56.91,-5.13,0,56.91,-5.13,-6.76020994361985,7.39405724478308,0.633847301163232
GL4_3_D_GS,GS_2019_D,56.91,-5.13,21,56.91,-5.13,3.73979005638009,17.8940572447831,21.6338473011632
GL6_15_D_GS,GS_2019_D,56.91,-5.13,14,56.91,-5.13,0.239790056380132,14.3940572447831,14.6338473011632
GL7_15_D_GS,GS_2019_D,56.91,-5.13,14,56.91,-5.13,0.239790056380132,14.3940572447831,14.6338473011632
GL8_15_D_GS,GS_2019_D,56.91,-5.13,14,56.91,-5.13,0.239790056380132,14.3940572447831,14.6338473011632
GT2_26_D_GS,GS_2019_D,57.05,-2.86,7,57.05,-2.86,-3.59077686762765,10.5634903207754,6.9727134531477
GT6_29_D_GS,GS_2019_D,57.05,-2.86,21,57.05,-2.86,3.40922313237233,17.5634903207754,20.9727134531477
GT8_22_D_GS,GS_2019_D,57.05,-2.86,14,57.05,-2.86,-0.0907768676276639,14.0634903207754,13.9727134531477
RD10_10_D_GS,GS_2019_D,57.89,-4.98,14,57.89,-4.98,-0.824125139446647,13.3301420489564,12.5060169095097
RD2_9_D_GS,GS_2019_D,57.89,-4.98,14,57.89,-4.98,-0.824125139446647,13.3301420489564,12.5060169095097
RD3_2_D_GS,GS_2019_D,57.89,-4.98,14,57.89,-4.98,-0.824125139446647,13.3301420489564,12.5060169095097
RD5_6_D_GS,GS_2019_D,57.89,-4.98,14,57.89,-4.98,-0.824125139446647,13.3301420489564,12.5060169095097
RD8_22_D_GS,GS_2019_D,57.89,-4.98,14,57.89,-4.98,-0.824125139446647,13.3301420489564,12.5060169095097
RD9_6_D_GS,GS_2019_D,57.89,-4.98,21,57.89,-4.98,2.67587486055335,16.8301420489564,19.5060169095097
BE10_22_B_GS,GS_2015_B,57.63,-5.35,19,57.63,-5.35,-1.00136853009035,7.70141689560906,6.70004836551872
BE5_5_B_GS,GS_2015_B,57.63,-5.35,22,57.63,-5.35,0.498631469909682,9.20141689560904,9.70004836551872
BE8_5_B_GS,GS_2015_B,57.63,-5.35,22,57.63,-5.35,0.498631469909682,9.20141689560904,9.70004836551872
GA3_22_B_GS,GS_2015_B,57.27,-4.92,15,57.27,-4.92,-0.158506517633382,8.544278908066,8.38577239043262
GA5_9_B_GS,GS_2015_B,57.27,-4.92,15,57.27,-4.92,-0.158506517633382,8.544278908066,8.38577239043262
GA6_3_B_GS,GS_2015_B,57.27,-4.92,15,57.27,-4.92,-0.158506517633382,8.544278908066,8.38577239043262
GA7_15_B_GS,GS_2015_B,57.27,-4.92,15,57.27,-4.92,-0.158506517633382,8.544278908066,8.38577239043262
GA9_29_B_GS,GS_2015_B,57.27,-4.92,15,57.27,-4.92,-0.158506517633382,8.544278908066,8.38577239043262
GL1_22_B_GS,GS_2015_B,56.91,-5.13,15,56.91,-5.13,0.152069372882902,8.85485479858229,9.00692417146519
GL2_15_B_GS,GS_2015_B,56.91,-5.13,15,56.91,-5.13,0.152069372882902,8.85485479858229,9.00692417146519
GL3_10_B_GS,GS_2015_B,56.91,-5.13,15,56.91,-5.13,0.152069372882902,8.85485479858229,9.00692417146519
GT1_6_B_GS,GS_2015_B,57.05,-2.86,15,57.05,-2.86,-0.43075093722377,8.27203448847561,7.84128355125184
GT2_2_B_GS,GS_2015_B,57.05,-2.86,22,57.05,-2.86,3.06924906277628,11.7720344884756,14.8412835512518
GT3_2_B_GS,GS_2015_B,57.05,-2.86,15,57.05,-2.86,-0.43075093722377,8.27203448847561,7.84128355125184
GT5_2_B_GS,GS_2015_B,57.05,-2.86,15,57.05,-2.86,-0.43075093722377,8.27203448847561,7.84128355125184
GT6_10_B_GS,GS_2015_B,57.05,-2.86,15,57.05,-2.86,-0.43075093722377,8.27203448847561,7.84128355125184
GT7_22_B_GS,GS_2015_B,57.05,-2.86,15,57.05,-2.86,-0.43075093722377,8.27203448847561,7.84128355125184
GT8_5_B_GS,GS_2015_B,57.05,-2.86,15,57.05,-2.86,-0.43075093722377,8.27203448847561,7.84128355125184
GT9_15_B_GS,GS_2015_B,57.05,-2.86,15,57.05,-2.86,-0.43075093722377,8.27203448847561,7.84128355125184
RD10_22_B_GS,GS_2015_B,57.89,-4.98,22,57.89,-4.98,2.857287511516,11.5600729372153,14.4173604487313
RD3_26_B_GS,GS_2015_B,57.89,-4.98,15,57.89,-4.98,-0.642712488484047,8.06007293721537,7.41736044873133
RD7_15_B_GS,GS_2015_B,57.89,-4.98,15,57.89,-4.98,-0.642712488484047,8.06007293721537,7.41736044873133
RD8_29_B_GS,GS_2015_B,57.89,-4.98,15,57.89,-4.98,-0.642712488484047,8.06007293721537,7.41736044873133
RD9_5_B_GS,GS_2015_B,57.89,-4.98,15,57.89,-4.98,-0.642712488484047,8.06007293721537,7.41736044873133
BE8_5_B_GS,GS_2016_B,57.63,-5.35,33,57.63,-5.35,0.0228623558311654,21.5659018249779,21.5887641808091
GA3_22_B_GS,GS_2016_B,57.27,-4.92,28,57.27,-4.92,1.08265807542569,22.6256975445725,23.7083556199982
GA5_9_B_GS,GS_2016_B,57.27,-4.92,33,57.27,-4.92,3.58265807542562,25.1256975445726,28.7083556199982
GA6_3_B_GS,GS_2016_B,57.27,-4.92,28,57.27,-4.92,1.08265807542569,22.6256975445725,23.7083556199982
GA7_15_B_GS,GS_2016_B,57.27,-4.92,28,57.27,-4.92,1.08265807542569,22.6256975445725,23.7083556199982
GA9_29_B_GS,GS_2016_B,57.27,-4.92,21,57.27,-4.92,-2.41734192457421,19.1256975445724,16.7083556199982
GL1_22_B_GS,GS_2016_B,56.91,-5.13,21,56.91,-5.13,-0.846812244721331,20.6962272244254,19.849414979704
GL2_15_B_GS,GS_2016_B,56.91,-5.13,21,56.91,-5.13,-0.846812244721331,20.6962272244254,19.849414979704
GL3_10_B_GS,GS_2016_B,56.91,-5.13,21,56.91,-5.13,-0.846812244721331,20.6962272244254,19.849414979704
GT1_6_B_GS,GS_2016_B,57.05,-2.86,28,57.05,-2.86,2.38561968590851,23.9286591550554,26.3142788409639
GT2_2_B_GS,GS_2016_B,57.05,-2.86,28,57.05,-2.86,2.38561968590851,23.9286591550554,26.3142788409639
GT3_2_B_GS,GS_2016_B,57.05,-2.86,28,57.05,-2.86,2.38561968590851,23.9286591550554,26.3142788409639
GT5_2_B_GS,GS_2016_B,57.05,-2.86,12,57.05,-2.86,-5.61438031409128,15.9286591550551,10.3142788409639
GT7_22_B_GS,GS_2016_B,57.05,-2.86,21,57.05,-2.86,-1.1143803140914,20.4286591550553,19.3142788409639
GT8_5_B_GS,GS_2016_B,57.05,-2.86,33,57.05,-2.86,4.88561968590843,26.4286591550554,31.3142788409639
GT9_15_B_GS,GS_2016_B,57.05,-2.86,12,57.05,-2.86,-5.61438031409128,15.9286591550551,10.3142788409639
RD3_26_B_GS,GS_2016_B,57.89,-4.98,28,57.89,-4.98,-1.64876345004185,19.8942760191048,18.2455125690629
RD7_15_B_GS,GS_2016_B,57.89,-4.98,33,57.89,-4.98,0.851236549958067,22.3942760191048,23.2455125690629
RD8_29_B_GS,GS_2016_B,57.89,-4.98,28,57.89,-4.98,-1.64876345004185,19.8942760191048,18.2455125690629
RD9_5_B_GS,GS_2016_B,57.89,-4.98,33,57.89,-4.98,0.851236549958067,22.3942760191048,23.2455125690629
BE10_22_B_GS,GS_2017_B,57.63,-5.35,21,57.63,-5.35,-0.871560190447575,6.89523408300979,6.02367389256221
BE3_22_B_GS,GS_2017_B,57.63,-5.35,28,57.63,-5.35,2.62843980955238,10.3952340830098,13.0236738925622
BE5_5_B_GS,GS_2017_B,57.63,-5.35,21,57.63,-5.35,-0.871560190447575,6.89523408300979,6.02367389256221
BE8_5_B_GS,GS_2017_B,57.63,-5.35,21,57.63,-5.35,-0.871560190447575,6.89523408300979,6.02367389256221
GA3_22_B_GS,GS_2017_B,57.27,-4.92,21,57.27,-4.92,3.33120959221247,11.09800386567,14.4292134578825
GA5_9_B_GS,GS_2017_B,57.27,-4.92,21,57.27,-4.92,3.33120959221247,11.09800386567,14.4292134578825
GA6_3_B_GS,GS_2017_B,57.27,-4.92,14,57.27,-4.92,-0.168790407787453,7.59800386566996,7.42921345788251
GA7_15_B_GS,GS_2017_B,57.27,-4.92,14,57.27,-4.92,-0.168790407787453,7.59800386566996,7.42921345788251
GA9_29_B_GS,GS_2017_B,57.27,-4.92,7,57.27,-4.92,-3.66879040778741,4.09800386566992,0.42921345788251
GL1_22_B_GS,GS_2017_B,56.91,-5.13,7,56.91,-5.13,-0.509636516929882,7.2571577565275,6.74752123959762
GL2_15_B_GS,GS_2017_B,56.91,-5.13,7,56.91,-5.13,-0.509636516929882,7.2571577565275,6.74752123959762
GL3_10_B_GS,GS_2017_B,56.91,-5.13,7,56.91,-5.13,-0.509636516929882,7.2571577565275,6.74752123959762
GT1_6_B_GS,GS_2017_B,57.05,-2.86,14,57.05,-2.86,-0.0226184193480208,7.74417585410938,7.72155743476135
GT2_2_B_GS,GS_2017_B,57.05,-2.86,14,57.05,-2.86,-0.0226184193480208,7.74417585410938,7.72155743476135
GT3_2_B_GS,GS_2017_B,57.05,-2.86,14,57.05,-2.86,-0.0226184193480208,7.74417585410938,7.72155743476135
GT5_2_B_GS,GS_2017_B,57.05,-2.86,14,57.05,-2.86,-0.0226184193480208,7.74417585410938,7.72155743476135
GT6_10_B_GS,GS_2017_B,57.05,-2.86,21,57.05,-2.86,3.47738158065193,11.2441758541094,14.7215574347614
GT7_22_B_GS,GS_2017_B,57.05,-2.86,7,57.05,-2.86,-3.52261841934798,4.24417585410933,0.721557434761355
GT8_5_B_GS,GS_2017_B,57.05,-2.86,21,57.05,-2.86,3.47738158065193,11.2441758541094,14.7215574347614
GT9_15_B_GS,GS_2017_B,57.05,-2.86,7,57.05,-2.86,-3.52261841934798,4.24417585410933,0.721557434761355
RD10_22_B_GS,GS_2017_B,57.89,-4.98,21,57.89,-4.98,1.20800994125971,8.97480421471713,10.1828141559768
RD3_26_B_GS,GS_2017_B,57.89,-4.98,21,57.89,-4.98,1.20800994125971,8.97480421471713,10.1828141559768
RD7_15_B_GS,GS_2017_B,57.89,-4.98,14,57.89,-4.98,-2.29199005874025,5.47480421471709,3.18281415597684
RD8_29_B_GS,GS_2017_B,57.89,-4.98,14,57.89,-4.98,-2.29199005874025,5.47480421471709,3.18281415597684
RD9_5_B_GS,GS_2017_B,57.89,-4.98,21,57.89,-4.98,1.20800994125971,8.97480421471713,10.1828141559768
BE10_22_B_GS,GS_2018_B,57.63,-5.35,14,57.63,-5.35,-0.874966715502342,5.47741940716904,4.6024526916667
BE3_22_B_GS,GS_2018_B,57.63,-5.35,21,57.63,-5.35,2.6250332844976,8.9774194071691,11.6024526916667
BE5_5_B_GS,GS_2018_B,57.63,-5.35,14,57.63,-5.35,-0.874966715502342,5.47741940716904,4.6024526916667
BE8_5_B_GS,GS_2018_B,57.63,-5.35,14,57.63,-5.35,-0.874966715502342,5.47741940716904,4.6024526916667
GA3_22_B_GS,GS_2018_B,57.27,-4.92,14,57.27,-4.92,2.10514012307402,8.4575262457455,10.5626663688195
GA5_9_B_GS,GS_2018_B,57.27,-4.92,14,57.27,-4.92,2.10514012307402,8.4575262457455,10.5626663688195
GA6_3_B_GS,GS_2018_B,57.27,-4.92,7,57.27,-4.92,-1.39485987692593,4.95752624574544,3.56266636881952
GA7_15_B_GS,GS_2018_B,57.27,-4.92,7,57.27,-4.92,-1.39485987692593,4.95752624574544,3.56266636881952
GA9_29_B_GS,GS_2018_B,57.27,-4.92,7,57.27,-4.92,-1.39485987692593,4.95752624574544,3.56266636881952
GL1_22_B_GS,GS_2018_B,56.91,-5.13,7,56.91,-5.13,-0.00493137635037044,6.34745474632104,6.34252336997067
GL2_15_B_GS,GS_2018_B,56.91,-5.13,7,56.91,-5.13,-0.00493137635037044,6.34745474632104,6.34252336997067
GL3_10_B_GS,GS_2018_B,56.91,-5.13,7,56.91,-5.13,-0.00493137635037044,6.34745474632104,6.34252336997067
GT1_6_B_GS,GS_2018_B,57.05,-2.86,7,57.05,-2.86,-2.18771886174667,4.16466726092467,1.976948399178
GT2_2_B_GS,GS_2018_B,57.05,-2.86,21,57.05,-2.86,4.81228113825321,11.1646672609248,15.976948399178
GT3_2_B_GS,GS_2018_B,57.05,-2.86,7,57.05,-2.86,-2.18771886174667,4.16466726092467,1.976948399178
GT5_2_B_GS,GS_2018_B,57.05,-2.86,7,57.05,-2.86,-2.18771886174667,4.16466726092467,1.976948399178
GT6_10_B_GS,GS_2018_B,57.05,-2.86,14,57.05,-2.86,1.31228113825327,7.66466726092473,8.976948399178
GT7_22_B_GS,GS_2018_B,57.05,-2.86,7,57.05,-2.86,-2.18771886174667,4.16466726092467,1.976948399178
GT8_5_B_GS,GS_2018_B,57.05,-2.86,21,57.05,-2.86,4.81228113825321,11.1646672609248,15.976948399178
GT9_15_B_GS,GS_2018_B,57.05,-2.86,7,57.05,-2.86,-2.18771886174667,4.16466726092467,1.976948399178
RD10_22_B_GS,GS_2018_B,57.89,-4.98,21,57.89,-4.98,3.49814225393242,9.85052837660395,13.3486706305364
RD3_26_B_GS,GS_2018_B,57.89,-4.98,14,57.89,-4.98,-0.00185774606752531,6.35052837660389,6.34867063053637
RD7_15_B_GS,GS_2018_B,57.89,-4.98,7,57.89,-4.98,-3.50185774606747,2.85052837660383,-0.651329369463635
RD8_29_B_GS,GS_2018_B,57.89,-4.98,7,57.89,-4.98,-3.50185774606747,2.85052837660383,-0.651329369463635
RD9_5_B_GS,GS_2018_B,57.89,-4.98,21,57.89,-4.98,3.49814225393242,9.85052837660395,13.3486706305364
BE10_22_B_GS,GS_2019_B,57.63,-5.35,21,57.63,-5.35,0.87534480132393,10.9861737589884,11.8615185603123
BE3_22_B_GS,GS_2019_B,57.63,-5.35,21,57.63,-5.35,0.87534480132393,10.9861737589884,11.8615185603123
BE5_5_B_GS,GS_2019_B,57.63,-5.35,21,57.63,-5.35,0.87534480132393,10.9861737589884,11.8615185603123
BE8_5_B_GS,GS_2019_B,57.63,-5.35,14,57.63,-5.35,-2.62465519867603,7.48617375898838,4.86151856031234
GA3_22_B_GS,GS_2019_B,57.27,-4.92,21,57.27,-4.92,3.55324764866189,13.6640766063264,17.2173242549883
GA5_9_B_GS,GS_2019_B,57.27,-4.92,21,57.27,-4.92,3.55324764866189,13.6640766063264,17.2173242549883
GA6_3_B_GS,GS_2019_B,57.27,-4.92,14,57.27,-4.92,0.0532476486619444,10.1640766063264,10.2173242549883
GA7_15_B_GS,GS_2019_B,57.27,-4.92,7,57.27,-4.92,-3.44675235133802,6.66407660632636,3.21732425498834
GA9_29_B_GS,GS_2019_B,57.27,-4.92,7,57.27,-4.92,-3.44675235133802,6.66407660632636,3.21732425498834
GL1_22_B_GS,GS_2019_B,56.91,-5.13,14,56.91,-5.13,1.11558147054785,11.2264104282123,12.3419918987602
GL2_15_B_GS,GS_2019_B,56.91,-5.13,21,56.91,-5.13,4.6155814705478,14.7264104282124,19.3419918987602
GL3_10_B_GS,GS_2019_B,56.91,-5.13,0,56.91,-5.13,-5.88441852945208,4.22641042821226,-1.65800810123982
GT1_6_B_GS,GS_2019_B,57.05,-2.86,21,57.05,-2.86,2.18523276374436,12.2960617214089,14.4812944851532
GT2_2_B_GS,GS_2019_B,57.05,-2.86,21,57.05,-2.86,2.18523276374436,12.2960617214089,14.4812944851532
GT3_2_B_GS,GS_2019_B,57.05,-2.86,21,57.05,-2.86,2.18523276374436,12.2960617214089,14.4812944851532
GT5_2_B_GS,GS_2019_B,57.05,-2.86,14,57.05,-2.86,-1.31476723625562,8.79606172140882,7.48129448515321
GT6_10_B_GS,GS_2019_B,57.05,-2.86,21,57.05,-2.86,2.18523276374436,12.2960617214089,14.4812944851532
GT7_22_B_GS,GS_2019_B,57.05,-2.86,14,57.05,-2.86,-1.31476723625562,8.79606172140882,7.48129448515321
GT8_5_B_GS,GS_2019_B,57.05,-2.86,21,57.05,-2.86,2.18523276374436,12.2960617214089,14.4812944851532
GT9_15_B_GS,GS_2019_B,57.05,-2.86,0,57.05,-2.86,-8.31476723625554,1.79606172140875,-6.5187055148468
RD10_22_B_GS,GS_2019_B,57.89,-4.98,14,57.89,-4.98,-1.41924479403998,8.69158416362449,7.27233936958451
RD3_26_B_GS,GS_2019_B,57.89,-4.98,21,57.89,-4.98,2.08075520596,12.1915841636245,14.2723393695845
RD7_15_B_GS,GS_2019_B,57.89,-4.98,14,57.89,-4.98,-1.41924479403998,8.69158416362449,7.27233936958451
RD8_29_B_GS,GS_2019_B,57.89,-4.98,14,57.89,-4.98,-1.41924479403998,8.69158416362449,7.27233936958451
RD9_5_B_GS,GS_2019_B,57.89,-4.98,21,57.89,-4.98,2.08075520596,12.1915841636245,14.2723393695845
BE2_1_C_YA,YA_2015_C,57.63,-5.35,17,57.63,-5.35,3.78779670351546,13.5711670929466,17.358963796462
BE3_20_C_YA,YA_2015_C,57.63,-5.35,7,57.63,-5.35,-1.21220329648457,8.5711670929466,7.35896379646202
BE4_23_C_YA,YA_2015_C,57.63,-5.35,7,57.63,-5.35,-1.21220329648457,8.5711670929466,7.35896379646202
BE5_19_C_YA,YA_2015_C,57.63,-5.35,14,57.63,-5.35,2.28779670351545,12.0711670929466,14.358963796462
BE7_6_C_YA,YA_2015_C,57.63,-5.35,7,57.63,-5.35,-1.21220329648457,8.5711670929466,7.35896379646202
BE8_19_C_YA,YA_2015_C,57.63,-5.35,7,57.63,-5.35,-1.21220329648457,8.5711670929466,7.35896379646202
BE9_21_C_YA,YA_2015_C,57.63,-5.35,7,57.63,-5.35,-1.21220329648457,8.5711670929466,7.35896379646202
GA10_27_C_YA,YA_2015_C,57.27,-4.92,7,57.27,-4.92,-1.6976846599774,8.08568572945378,6.38800106947639
GA3_27_C_YA,YA_2015_C,57.27,-4.92,13,57.27,-4.92,1.30231534002262,11.0856857294538,12.3880010694764
GA5_23_C_YA,YA_2015_C,57.27,-4.92,17,57.27,-4.92,3.30231534002264,13.0856857294537,16.3880010694764
GA6_27_C_YA,YA_2015_C,57.27,-4.92,17,57.27,-4.92,3.30231534002264,13.0856857294537,16.3880010694764
GA7_23_C_YA,YA_2015_C,57.27,-4.92,7,57.27,-4.92,-1.6976846599774,8.08568572945378,6.38800106947639
GA9_12_C_YA,YA_2015_C,57.27,-4.92,7,57.27,-4.92,-1.6976846599774,8.08568572945378,6.38800106947639
GL2_1_C_YA,YA_2015_C,56.91,-5.13,17,56.91,-5.13,2.67604602943007,12.4594164188612,15.1354624482912
GL3_12_C_YA,YA_2015_C,56.91,-5.13,17,56.91,-5.13,2.67604602943007,12.4594164188612,15.1354624482912
GL4_5_C_YA,YA_2015_C,56.91,-5.13,7,56.91,-5.13,-2.32395397056997,7.45941641886122,5.13546244829125
GL7_10_C_YA,YA_2015_C,56.91,-5.13,7,56.91,-5.13,-2.32395397056997,7.45941641886122,5.13546244829125
GL8_19_C_YA,YA_2015_C,56.91,-5.13,7,56.91,-5.13,-2.32395397056997,7.45941641886122,5.13546244829125
GT2_18_C_YA,YA_2015_C,57.05,-2.86,7,57.05,-2.86,-0.0479251813952546,9.73544520803591,9.68752002664065
GT6_30_C_YA,YA_2015_C,57.05,-2.86,7,57.05,-2.86,-0.0479251813952546,9.73544520803591,9.68752002664065
GT7_12_C_YA,YA_2015_C,57.05,-2.86,7,57.05,-2.86,-0.0479251813952546,9.73544520803591,9.68752002664065
GT8_19_C_YA,YA_2015_C,57.05,-2.86,7,57.05,-2.86,-0.0479251813952546,9.73544520803591,9.68752002664065
RD1_23_C_YA,YA_2015_C,57.89,-4.98,7,57.89,-4.98,-1.00283306438512,8.78053732504605,7.77770426066094
RD2_22_C_YA,YA_2015_C,57.89,-4.98,7,57.89,-4.98,-1.00283306438512,8.78053732504605,7.77770426066094
RD3_4_C_YA,YA_2015_C,57.89,-4.98,17,57.89,-4.98,3.99716693561492,13.780537325046,17.7777042606609
RD5_30_C_YA,YA_2015_C,57.89,-4.98,7,57.89,-4.98,-1.00283306438512,8.78053732504605,7.77770426066094
RD7_12_C_YA,YA_2015_C,57.89,-4.98,7,57.89,-4.98,-1.00283306438512,8.78053732504605,7.77770426066094
RD9_18_C_YA,YA_2015_C,57.89,-4.98,7,57.89,-4.98,-1.00283306438512,8.78053732504605,7.77770426066094
BE2_1_C_YA,YA_2016_C,57.63,-5.35,5,57.63,-5.35,-1.14369816805295,3.42839328716283,2.28469511910988
BE3_20_C_YA,YA_2016_C,57.63,-5.35,5,57.63,-5.35,-1.14369816805295,3.42839328716283,2.28469511910988
BE4_23_C_YA,YA_2016_C,57.63,-5.35,5,57.63,-5.35,-1.14369816805295,3.42839328716283,2.28469511910988
BE5_19_C_YA,YA_2016_C,57.63,-5.35,7,57.63,-5.35,-0.143698168052945,4.42839328716283,4.28469511910988
BE7_6_C_YA,YA_2016_C,57.63,-5.35,5,57.63,-5.35,-1.14369816805295,3.42839328716283,2.28469511910988
BE8_19_C_YA,YA_2016_C,57.63,-5.35,12,57.63,-5.35,2.35630183194706,6.92839328716283,9.28469511910988
BE9_21_C_YA,YA_2016_C,57.63,-5.35,12,57.63,-5.35,2.35630183194706,6.92839328716283,9.28469511910988
GA10_27_C_YA,YA_2016_C,57.27,-4.92,5,57.27,-4.92,-0.356074231192308,4.21601722402346,3.85994299283115
GA3_27_C_YA,YA_2016_C,57.27,-4.92,5,57.27,-4.92,-0.356074231192308,4.21601722402346,3.85994299283115
GA5_23_C_YA,YA_2016_C,57.27,-4.92,5,57.27,-4.92,-0.356074231192308,4.21601722402346,3.85994299283115
GA6_27_C_YA,YA_2016_C,57.27,-4.92,7,57.27,-4.92,0.643925768807693,5.21601722402346,5.85994299283115
GA7_23_C_YA,YA_2016_C,57.27,-4.92,5,57.27,-4.92,-0.356074231192308,4.21601722402346,3.85994299283115
GA9_12_C_YA,YA_2016_C,57.27,-4.92,5,57.27,-4.92,-0.356074231192308,4.21601722402346,3.85994299283115
GL2_1_C_YA,YA_2016_C,56.91,-5.13,5,56.91,-5.13,-0.0691648470328783,4.50292660818289,4.43376176115001
GL3_12_C_YA,YA_2016_C,56.91,-5.13,7,56.91,-5.13,0.930835152967123,5.50292660818289,6.43376176115001
GL4_5_C_YA,YA_2016_C,56.91,-5.13,5,56.91,-5.13,-0.0691648470328783,4.50292660818289,4.43376176115001
GL7_10_C_YA,YA_2016_C,56.91,-5.13,5,56.91,-5.13,-0.0691648470328783,4.50292660818289,4.43376176115001
GL8_19_C_YA,YA_2016_C,56.91,-5.13,5,56.91,-5.13,-0.0691648470328783,4.50292660818289,4.43376176115001
GT2_18_C_YA,YA_2016_C,57.05,-2.86,5,57.05,-2.86,-0.230644477276177,4.34144697793959,4.11080250066341
GT6_30_C_YA,YA_2016_C,57.05,-2.86,7,57.05,-2.86,0.769355522723826,5.34144697793959,6.11080250066341
GT7_12_C_YA,YA_2016_C,57.05,-2.86,5,57.05,-2.86,-0.230644477276177,4.34144697793959,4.11080250066341
GT8_19_C_YA,YA_2016_C,57.05,-2.86,5,57.05,-2.86,-0.230644477276177,4.34144697793959,4.11080250066341
RD1_23_C_YA,YA_2016_C,57.89,-4.98,7,57.89,-4.98,0.15178911796558,4.72388057318134,4.87566969114692
RD2_22_C_YA,YA_2016_C,57.89,-4.98,7,57.89,-4.98,0.15178911796558,4.72388057318134,4.87566969114692
RD3_4_C_YA,YA_2016_C,57.89,-4.98,12,57.89,-4.98,2.65178911796558,7.22388057318134,9.87566969114692
RD5_30_C_YA,YA_2016_C,57.89,-4.98,5,57.89,-4.98,-0.848210882034423,3.72388057318135,2.87566969114692
RD7_12_C_YA,YA_2016_C,57.89,-4.98,5,57.89,-4.98,-0.848210882034423,3.72388057318135,2.87566969114692
RD9_18_C_YA,YA_2016_C,57.89,-4.98,5,57.89,-4.98,-0.848210882034423,3.72388057318135,2.87566969114692
BE2_1_C_YA,YA_2017_C,57.63,-5.35,6,57.63,-5.35,0.857353253731958,6.68137447113517,7.53872772486712
BE3_20_C_YA,YA_2017_C,57.63,-5.35,0,57.63,-5.35,-2.14264674626805,3.68137447113517,1.53872772486712
BE4_23_C_YA,YA_2017_C,57.63,-5.35,0,57.63,-5.35,-2.14264674626805,3.68137447113517,1.53872772486712
BE5_19_C_YA,YA_2017_C,57.63,-5.35,6,57.63,-5.35,0.857353253731958,6.68137447113517,7.53872772486712
BE7_6_C_YA,YA_2017_C,57.63,-5.35,6,57.63,-5.35,0.857353253731958,6.68137447113517,7.53872772486712
BE8_19_C_YA,YA_2017_C,57.63,-5.35,6,57.63,-5.35,0.857353253731958,6.68137447113517,7.53872772486712
BE9_21_C_YA,YA_2017_C,57.63,-5.35,6,57.63,-5.35,0.857353253731958,6.68137447113517,7.53872772486712
GA10_27_C_YA,YA_2017_C,57.27,-4.92,6,57.27,-4.92,0.547383485909579,6.3714047033128,6.91878818922238
GA3_27_C_YA,YA_2017_C,57.27,-4.92,6,57.27,-4.92,0.547383485909579,6.3714047033128,6.91878818922238
GA5_23_C_YA,YA_2017_C,57.27,-4.92,6,57.27,-4.92,0.547383485909579,6.3714047033128,6.91878818922238
GA6_27_C_YA,YA_2017_C,57.27,-4.92,6,57.27,-4.92,0.547383485909579,6.3714047033128,6.91878818922238
GA7_23_C_YA,YA_2017_C,57.27,-4.92,6,57.27,-4.92,0.547383485909579,6.3714047033128,6.91878818922238
GA9_12_C_YA,YA_2017_C,57.27,-4.92,0,57.27,-4.92,-2.45261651409042,3.3714047033128,0.91878818922238
GL2_1_C_YA,YA_2017_C,56.91,-5.13,0,56.91,-5.13,-2.43273061264798,3.39129060475525,0.958559992107275
GL3_12_C_YA,YA_2017_C,56.91,-5.13,6,56.91,-5.13,0.567269387352035,6.39129060475525,6.95855999210728
GL4_5_C_YA,YA_2017_C,56.91,-5.13,6,56.91,-5.13,0.567269387352035,6.39129060475525,6.95855999210728
GL7_10_C_YA,YA_2017_C,56.91,-5.13,6,56.91,-5.13,0.567269387352035,6.39129060475525,6.95855999210728
GL8_19_C_YA,YA_2017_C,56.91,-5.13,6,56.91,-5.13,0.567269387352035,6.39129060475525,6.95855999210728
GT2_18_C_YA,YA_2017_C,57.05,-2.86,0,57.05,-2.86,-2.25484210934533,3.5691791080579,1.31433699871258
GT6_30_C_YA,YA_2017_C,57.05,-2.86,6,57.05,-2.86,0.745157890654678,6.5691791080579,7.31433699871257
GT7_12_C_YA,YA_2017_C,57.05,-2.86,6,57.05,-2.86,0.745157890654678,6.5691791080579,7.31433699871257
GT8_19_C_YA,YA_2017_C,57.05,-2.86,6,57.05,-2.86,0.745157890654678,6.5691791080579,7.31433699871257
RD1_23_C_YA,YA_2017_C,57.89,-4.98,6,57.89,-4.98,0.482874634840099,6.30689585224331,6.78977048708341
RD2_22_C_YA,YA_2017_C,57.89,-4.98,6,57.89,-4.98,0.482874634840099,6.30689585224331,6.78977048708341
RD3_4_C_YA,YA_2017_C,57.89,-4.98,6,57.89,-4.98,0.482874634840099,6.30689585224331,6.78977048708341
RD5_30_C_YA,YA_2017_C,57.89,-4.98,0,57.89,-4.98,-2.51712536515991,3.30689585224332,0.789770487083412
RD7_12_C_YA,YA_2017_C,57.89,-4.98,6,57.89,-4.98,0.482874634840099,6.30689585224331,6.78977048708341
RD9_18_C_YA,YA_2017_C,57.89,-4.98,6,57.89,-4.98,0.482874634840099,6.30689585224331,6.78977048708341
BE2_1_C_YA,YA_2018_C,57.63,-5.35,14,57.63,-5.35,1.00065305181625,7.18727097198111,8.18792402379736
BE3_20_C_YA,YA_2018_C,57.63,-5.35,14,57.63,-5.35,1.00065305181625,7.18727097198111,8.18792402379736
BE4_23_C_YA,YA_2018_C,57.63,-5.35,14,57.63,-5.35,1.00065305181625,7.18727097198111,8.18792402379736
BE5_19_C_YA,YA_2018_C,57.63,-5.35,14,57.63,-5.35,1.00065305181625,7.18727097198111,8.18792402379736
BE7_6_C_YA,YA_2018_C,57.63,-5.35,7,57.63,-5.35,-2.49934694818376,3.68727097198112,1.18792402379736
BE8_19_C_YA,YA_2018_C,57.63,-5.35,14,57.63,-5.35,1.00065305181625,7.18727097198111,8.18792402379736
BE9_21_C_YA,YA_2018_C,57.63,-5.35,7,57.63,-5.35,-2.49934694818376,3.68727097198112,1.18792402379736
GA10_27_C_YA,YA_2018_C,57.27,-4.92,7,57.27,-4.92,-1.35292598290299,4.8336919372619,3.48076595435891
GA3_27_C_YA,YA_2018_C,57.27,-4.92,11,57.27,-4.92,0.647074017097019,6.83369193726189,7.48076595435891
GA5_23_C_YA,YA_2018_C,57.27,-4.92,14,57.27,-4.92,2.14707401709702,8.33369193726189,10.4807659543589
GA6_27_C_YA,YA_2018_C,57.27,-4.92,14,57.27,-4.92,2.14707401709702,8.33369193726189,10.4807659543589
GA7_23_C_YA,YA_2018_C,57.27,-4.92,7,57.27,-4.92,-1.35292598290299,4.8336919372619,3.48076595435891
GA9_12_C_YA,YA_2018_C,57.27,-4.92,7,57.27,-4.92,-1.35292598290299,4.8336919372619,3.48076595435891
GL2_1_C_YA,YA_2018_C,56.91,-5.13,7,56.91,-5.13,-1.50159283538942,4.68502508477548,3.18343224938605
GL3_12_C_YA,YA_2018_C,56.91,-5.13,14,56.91,-5.13,1.99840716461059,8.18502508477546,10.1834322493861
GL4_5_C_YA,YA_2018_C,56.91,-5.13,7,56.91,-5.13,-1.50159283538942,4.68502508477548,3.18343224938605
GL7_10_C_YA,YA_2018_C,56.91,-5.13,7,56.91,-5.13,-1.50159283538942,4.68502508477548,3.18343224938605
GL8_19_C_YA,YA_2018_C,56.91,-5.13,14,56.91,-5.13,1.99840716461059,8.18502508477546,10.1834322493861
GT2_18_C_YA,YA_2018_C,57.05,-2.86,7,57.05,-2.86,-0.890029465624313,5.29658845454059,4.40655898891628
GT6_30_C_YA,YA_2018_C,57.05,-2.86,14,57.05,-2.86,2.6099705343757,8.79658845454058,11.4065589889163
GT7_12_C_YA,YA_2018_C,57.05,-2.86,7,57.05,-2.86,-0.890029465624313,5.29658845454059,4.40655898891628
GT8_19_C_YA,YA_2018_C,57.05,-2.86,7,57.05,-2.86,-0.890029465624313,5.29658845454059,4.40655898891628
RD1_23_C_YA,YA_2018_C,57.89,-4.98,7,57.89,-4.98,-1.21982223764187,4.96679568252303,3.74697344488115
RD2_22_C_YA,YA_2018_C,57.89,-4.98,14,57.89,-4.98,2.28017776235814,8.46679568252301,10.7469734448812
RD3_4_C_YA,YA_2018_C,57.89,-4.98,14,57.89,-4.98,2.28017776235814,8.46679568252301,10.7469734448812
RD5_30_C_YA,YA_2018_C,57.89,-4.98,7,57.89,-4.98,-1.21982223764187,4.96679568252303,3.74697344488115
RD7_12_C_YA,YA_2018_C,57.89,-4.98,7,57.89,-4.98,-1.21982223764187,4.96679568252303,3.74697344488115
RD9_18_C_YA,YA_2018_C,57.89,-4.98,7,57.89,-4.98,-1.21982223764187,4.96679568252303,3.74697344488115
BE2_1_C_YA,YA_2019_C,57.63,-5.35,7,57.63,-5.35,0.00141353578687742,11.5323374332788,11.5337509690657
BE3_20_C_YA,YA_2019_C,57.63,-5.35,7,57.63,-5.35,0.00141353578687742,11.5323374332788,11.5337509690657
BE4_23_C_YA,YA_2019_C,57.63,-5.35,7,57.63,-5.35,0.00141353578687742,11.5323374332788,11.5337509690657
BE5_19_C_YA,YA_2019_C,57.63,-5.35,7,57.63,-5.35,0.00141353578687742,11.5323374332788,11.5337509690657
BE7_6_C_YA,YA_2019_C,57.63,-5.35,7,57.63,-5.35,0.00141353578687742,11.5323374332788,11.5337509690657
BE8_19_C_YA,YA_2019_C,57.63,-5.35,7,57.63,-5.35,0.00141353578687742,11.5323374332788,11.5337509690657
BE9_21_C_YA,YA_2019_C,57.63,-5.35,7,57.63,-5.35,0.00141353578687742,11.5323374332788,11.5337509690657
GA10_27_C_YA,YA_2019_C,57.27,-4.92,7,57.27,-4.92,-1.68165713453033,9.84926676296161,8.16760962843128
GA3_27_C_YA,YA_2019_C,57.27,-4.92,9,57.27,-4.92,-0.681657134530338,10.8492667629616,10.1676096284313
GA5_23_C_YA,YA_2019_C,57.27,-4.92,18,57.27,-4.92,3.81834286546965,15.3492667629616,19.1676096284313
GA6_27_C_YA,YA_2019_C,57.27,-4.92,18,57.27,-4.92,3.81834286546965,15.3492667629616,19.1676096284313
GA7_23_C_YA,YA_2019_C,57.27,-4.92,7,57.27,-4.92,-1.68165713453033,9.84926676296161,8.16760962843128
GA9_12_C_YA,YA_2019_C,57.27,-4.92,7,57.27,-4.92,-1.68165713453033,9.84926676296161,8.16760962843128
GL2_1_C_YA,YA_2019_C,56.91,-5.13,7,56.91,-5.13,-1.21989849034821,10.3110254071437,9.09112691679553
GL3_12_C_YA,YA_2019_C,56.91,-5.13,18,56.91,-5.13,4.28010150965178,15.8110254071437,20.0911269167955
GL4_5_C_YA,YA_2019_C,56.91,-5.13,7,56.91,-5.13,-1.21989849034821,10.3110254071437,9.09112691679553
GL7_10_C_YA,YA_2019_C,56.91,-5.13,7,56.91,-5.13,-1.21989849034821,10.3110254071437,9.09112691679553
GL8_19_C_YA,YA_2019_C,56.91,-5.13,6,56.91,-5.13,-1.71989849034821,9.81102540714374,8.09112691679553
GT2_18_C_YA,YA_2019_C,57.05,-2.86,7,57.05,-2.86,-0.0325313964203087,11.4983925010716,11.4658611046513
GT6_30_C_YA,YA_2019_C,57.05,-2.86,7,57.05,-2.86,-0.0325313964203087,11.4983925010716,11.4658611046513
GT7_12_C_YA,YA_2019_C,57.05,-2.86,7,57.05,-2.86,-0.0325313964203087,11.4983925010716,11.4658611046513
GT8_19_C_YA,YA_2019_C,57.05,-2.86,7,57.05,-2.86,-0.0325313964203087,11.4983925010716,11.4658611046513
RD1_23_C_YA,YA_2019_C,57.89,-4.98,7,57.89,-4.98,-0.115055650984099,11.4158682465078,11.3008125955237
RD2_22_C_YA,YA_2019_C,57.89,-4.98,7,57.89,-4.98,-0.115055650984099,11.4158682465078,11.3008125955237
RD3_4_C_YA,YA_2019_C,57.89,-4.98,7,57.89,-4.98,-0.115055650984099,11.4158682465078,11.3008125955237
RD5_30_C_YA,YA_2019_C,57.89,-4.98,7,57.89,-4.98,-0.115055650984099,11.4158682465078,11.3008125955237
RD7_12_C_YA,YA_2019_C,57.89,-4.98,7,57.89,-4.98,-0.115055650984099,11.4158682465078,11.3008125955237
RD9_18_C_YA,YA_2019_C,57.89,-4.98,7,57.89,-4.98,-0.115055650984099,11.4158682465078,11.3008125955237
BE2_11_B_YA,YA_2015_B,57.63,-5.35,7,57.63,-5.35,0.00147692114345066,11.0958046264884,11.0972815476319
BE4_20_B_YA,YA_2015_B,57.63,-5.35,7,57.63,-5.35,0.00147692114345066,11.0958046264884,11.0972815476319
BE5_27_B_YA,YA_2015_B,57.63,-5.35,7,57.63,-5.35,0.00147692114345066,11.0958046264884,11.0972815476319
BE7_12_B_YA,YA_2015_B,57.63,-5.35,7,57.63,-5.35,0.00147692114345066,11.0958046264884,11.0972815476319
BE8_4_B_YA,YA_2015_B,57.63,-5.35,7,57.63,-5.35,0.00147692114345066,11.0958046264884,11.0972815476319
GA10_20_B_YA,YA_2015_B,57.27,-4.92,7,57.27,-4.92,-0.914898940538614,10.1794287648064,9.26452982426776
GA3_18_B_YA,YA_2015_B,57.27,-4.92,13,57.27,-4.92,2.08510105946137,13.1794287648064,15.2645298242678
GA5_30_B_YA,YA_2015_B,57.27,-4.92,13,57.27,-4.92,2.08510105946137,13.1794287648064,15.2645298242678
GA6_25_B_YA,YA_2015_B,57.27,-4.92,7,57.27,-4.92,-0.914898940538614,10.1794287648064,9.26452982426776
GA7_10_B_YA,YA_2015_B,57.27,-4.92,7,57.27,-4.92,-0.914898940538614,10.1794287648064,9.26452982426776
GL3_1_B_YA,YA_2015_B,56.91,-5.13,7,56.91,-5.13,-0.164113652742921,10.9302140526021,10.7661003998591
GL4_27_B_YA,YA_2015_B,56.91,-5.13,7,56.91,-5.13,-0.164113652742921,10.9302140526021,10.7661003998591
GL6_23_B_YA,YA_2015_B,56.91,-5.13,7,56.91,-5.13,-0.164113652742921,10.9302140526021,10.7661003998591
GL7_14_B_YA,YA_2015_B,56.91,-5.13,7,56.91,-5.13,-0.164113652742921,10.9302140526021,10.7661003998591
GL8_4_B_YA,YA_2015_B,56.91,-5.13,7,56.91,-5.13,-0.164113652742921,10.9302140526021,10.7661003998591
GT2_27_B_YA,YA_2015_B,57.05,-2.86,7,57.05,-2.86,-1.03237158070474,10.0619561246402,9.02958454393551
GT5_18_B_YA,YA_2015_B,57.05,-2.86,7,57.05,-2.86,-1.03237158070474,10.0619561246402,9.02958454393551
GT9_18_B_YA,YA_2015_B,57.05,-2.86,13,57.05,-2.86,1.96762841929525,13.0619561246403,15.0295845439355
RD10_11_B_YA,YA_2015_B,57.89,-4.98,7,57.89,-4.98,-0.703041379438815,10.3912863259062,9.68824494646736
RD2_11_B_YA,YA_2015_B,57.89,-4.98,7,57.89,-4.98,-0.703041379438815,10.3912863259062,9.68824494646736
RD7_7_B_YA,YA_2015_B,57.89,-4.98,7,57.89,-4.98,-0.703041379438815,10.3912863259062,9.68824494646736
RD8_11_B_YA,YA_2015_B,57.89,-4.98,7,57.89,-4.98,-0.703041379438815,10.3912863259062,9.68824494646736
RD9_4_B_YA,YA_2015_B,57.89,-4.98,13,57.89,-4.98,2.29695862056117,13.3912863259062,15.6882449464674
BE2_11_B_YA,YA_2016_B,57.63,-5.35,5,57.63,-5.35,-0.698017773666421,8.39276336356349,7.69474558989707
BE4_20_B_YA,YA_2016_B,57.63,-5.35,5,57.63,-5.35,-0.698017773666421,8.39276336356349,7.69474558989707
BE5_27_B_YA,YA_2016_B,57.63,-5.35,12,57.63,-5.35,2.80198222633357,11.8927633635635,14.6947455898971
BE7_12_B_YA,YA_2016_B,57.63,-5.35,5,57.63,-5.35,-0.698017773666421,8.39276336356349,7.69474558989707
BE8_4_B_YA,YA_2016_B,57.63,-5.35,5,57.63,-5.35,-0.698017773666421,8.39276336356349,7.69474558989707
GA10_20_B_YA,YA_2016_B,57.27,-4.92,12,57.27,-4.92,2.58264387393504,11.673425011165,14.2560688851
GA3_18_B_YA,YA_2016_B,57.27,-4.92,7,57.27,-4.92,0.082643873935047,9.17342501116497,9.25606888510002
GA5_30_B_YA,YA_2016_B,57.27,-4.92,7,57.27,-4.92,0.082643873935047,9.17342501116497,9.25606888510002
GA6_25_B_YA,YA_2016_B,57.27,-4.92,7,57.27,-4.92,0.082643873935047,9.17342501116497,9.25606888510002
GA7_10_B_YA,YA_2016_B,57.27,-4.92,5,57.27,-4.92,-0.917356126064948,8.17342501116496,7.25606888510002
GL3_1_B_YA,YA_2016_B,56.91,-5.13,5,56.91,-5.13,-0.420262541183871,8.67051859604603,8.25025605486216
GL4_27_B_YA,YA_2016_B,56.91,-5.13,5,56.91,-5.13,-0.420262541183871,8.67051859604603,8.25025605486216
GL6_23_B_YA,YA_2016_B,56.91,-5.13,7,56.91,-5.13,0.579737458816122,9.67051859604604,10.2502560548622
GL7_14_B_YA,YA_2016_B,56.91,-5.13,5,56.91,-5.13,-0.420262541183871,8.67051859604603,8.25025605486216
GL8_4_B_YA,YA_2016_B,56.91,-5.13,5,56.91,-5.13,-0.420262541183871,8.67051859604603,8.25025605486216
GT2_27_B_YA,YA_2016_B,57.05,-2.86,7,57.05,-2.86,0.289886328718104,9.38066746594802,9.67055379466612
GT5_18_B_YA,YA_2016_B,57.05,-2.86,5,57.05,-2.86,-0.710113671281889,8.38066746594801,7.67055379466612
GT9_18_B_YA,YA_2016_B,57.05,-2.86,7,57.05,-2.86,0.289886328718104,9.38066746594802,9.67055379466612
RD10_11_B_YA,YA_2016_B,57.89,-4.98,5,57.89,-4.98,-1.73829535631547,7.35248578091442,5.61419042459895
RD2_11_B_YA,YA_2016_B,57.89,-4.98,12,57.89,-4.98,1.7617046436845,10.8524857809144,12.6141904245989
RD7_7_B_YA,YA_2016_B,57.89,-4.98,5,57.89,-4.98,-1.73829535631547,7.35248578091442,5.61419042459895
RD8_11_B_YA,YA_2016_B,57.89,-4.98,12,57.89,-4.98,1.7617046436845,10.8524857809144,12.6141904245989
RD9_4_B_YA,YA_2016_B,57.89,-4.98,7,57.89,-4.98,-0.738295356315475,8.35248578091442,7.61419042459895
BE2_11_B_YA,YA_2017_B,57.63,-5.35,6,57.63,-5.35,0.00125492466993915,4.16287715398715,4.16413207865709
BE4_20_B_YA,YA_2017_B,57.63,-5.35,6,57.63,-5.35,0.00125492466993915,4.16287715398715,4.16413207865709
BE7_12_B_YA,YA_2017_B,57.63,-5.35,6,57.63,-5.35,0.00125492466993915,4.16287715398715,4.16413207865709
BE8_4_B_YA,YA_2017_B,57.63,-5.35,6,57.63,-5.35,0.00125492466993915,4.16287715398715,4.16413207865709
GA10_20_B_YA,YA_2017_B,57.27,-4.92,6,57.27,-4.92,0.193797944913396,4.35542017423061,4.54921811914401
GA3_18_B_YA,YA_2017_B,57.27,-4.92,6,57.27,-4.92,0.193797944913396,4.35542017423061,4.54921811914401
GA5_30_B_YA,YA_2017_B,57.27,-4.92,6,57.27,-4.92,0.193797944913396,4.35542017423061,4.54921811914401
GA6_25_B_YA,YA_2017_B,57.27,-4.92,6,57.27,-4.92,0.193797944913396,4.35542017423061,4.54921811914401
GA7_10_B_YA,YA_2017_B,57.27,-4.92,6,57.27,-4.92,0.193797944913396,4.35542017423061,4.54921811914401
GL3_1_B_YA,YA_2017_B,56.91,-5.13,6,56.91,-5.13,-0.11155654312141,4.0500656861958,3.93850914307439
GL4_27_B_YA,YA_2017_B,56.91,-5.13,6,56.91,-5.13,-0.11155654312141,4.0500656861958,3.93850914307439
GL6_23_B_YA,YA_2017_B,56.91,-5.13,6,56.91,-5.13,-0.11155654312141,4.0500656861958,3.93850914307439
GL7_14_B_YA,YA_2017_B,56.91,-5.13,6,56.91,-5.13,-0.11155654312141,4.0500656861958,3.93850914307439
GL8_4_B_YA,YA_2017_B,56.91,-5.13,6,56.91,-5.13,-0.11155654312141,4.0500656861958,3.93850914307439
GT2_27_B_YA,YA_2017_B,57.05,-2.86,6,57.05,-2.86,0.977995361272835,5.13961759059007,6.1176129518629
GT5_18_B_YA,YA_2017_B,57.05,-2.86,0,57.05,-2.86,-2.02200463872712,2.13961759059003,0.117612951862908
GT9_18_B_YA,YA_2017_B,57.05,-2.86,6,57.05,-2.86,0.977995361272835,5.13961759059007,6.1176129518629
RD10_11_B_YA,YA_2017_B,57.89,-4.98,6,57.89,-4.98,0.529957441708338,4.69157967102556,5.2215371127339
RD2_11_B_YA,YA_2017_B,57.89,-4.98,0,57.89,-4.98,-2.47004255829163,1.69157967102552,-0.778462887266108
RD7_7_B_YA,YA_2017_B,57.89,-4.98,6,57.89,-4.98,0.529957441708338,4.69157967102556,5.2215371127339
RD8_11_B_YA,YA_2017_B,57.89,-4.98,6,57.89,-4.98,0.529957441708338,4.69157967102556,5.2215371127339
RD9_4_B_YA,YA_2017_B,57.89,-4.98,6,57.89,-4.98,0.529957441708338,4.69157967102556,5.2215371127339
BE2_11_B_YA,YA_2018_B,57.63,-5.35,14,57.63,-5.35,1.40160756085754,13.2599129249712,14.6615204858287
BE4_20_B_YA,YA_2018_B,57.63,-5.35,7,57.63,-5.35,-2.09839243914242,9.75991292497116,7.66152048582874
BE5_27_B_YA,YA_2018_B,57.63,-5.35,7,57.63,-5.35,-2.09839243914242,9.75991292497116,7.66152048582874
BE7_12_B_YA,YA_2018_B,57.63,-5.35,14,57.63,-5.35,1.40160756085754,13.2599129249712,14.6615204858287
BE8_4_B_YA,YA_2018_B,57.63,-5.35,14,57.63,-5.35,1.40160756085754,13.2599129249712,14.6615204858287
GA10_20_B_YA,YA_2018_B,57.27,-4.92,7,57.27,-4.92,-2.18968058607917,9.66862477803442,7.47894419195525
GA3_18_B_YA,YA_2018_B,57.27,-4.92,11,57.27,-4.92,-0.18968058607919,11.6686247780344,11.4789441919553
GA5_30_B_YA,YA_2018_B,57.27,-4.92,14,57.27,-4.92,1.3103194139208,13.1686247780345,14.4789441919553
GA6_25_B_YA,YA_2018_B,57.27,-4.92,14,57.27,-4.92,1.3103194139208,13.1686247780345,14.4789441919553
GA7_10_B_YA,YA_2018_B,57.27,-4.92,14,57.27,-4.92,1.3103194139208,13.1686247780345,14.4789441919553
GL3_1_B_YA,YA_2018_B,56.91,-5.13,7,56.91,-5.13,-0.17863017637253,11.6796751877411,11.5010450113686
GL4_27_B_YA,YA_2018_B,56.91,-5.13,7,56.91,-5.13,-0.17863017637253,11.6796751877411,11.5010450113686
GL6_23_B_YA,YA_2018_B,56.91,-5.13,7,56.91,-5.13,-0.17863017637253,11.6796751877411,11.5010450113686
GL7_14_B_YA,YA_2018_B,56.91,-5.13,7,56.91,-5.13,-0.17863017637253,11.6796751877411,11.5010450113686
GL8_4_B_YA,YA_2018_B,56.91,-5.13,7,56.91,-5.13,-0.17863017637253,11.6796751877411,11.5010450113686
GT2_27_B_YA,YA_2018_B,57.05,-2.86,7,57.05,-2.86,-1.20190164604859,10.656403718065,9.45450207201642
GT5_18_B_YA,YA_2018_B,57.05,-2.86,7,57.05,-2.86,-1.20190164604859,10.656403718065,9.45450207201642
GT9_18_B_YA,YA_2018_B,57.05,-2.86,14,57.05,-2.86,2.29809835395137,14.156403718065,16.4545020720164
RD10_11_B_YA,YA_2018_B,57.89,-4.98,14,57.89,-4.98,1.28784418922375,13.1461495533374,14.4339937425612
RD2_11_B_YA,YA_2018_B,57.89,-4.98,14,57.89,-4.98,1.28784418922375,13.1461495533374,14.4339937425612
RD7_7_B_YA,YA_2018_B,57.89,-4.98,14,57.89,-4.98,1.28784418922375,13.1461495533374,14.4339937425612
RD8_11_B_YA,YA_2018_B,57.89,-4.98,7,57.89,-4.98,-2.21215581077622,9.64614955333737,7.43399374256115
RD9_4_B_YA,YA_2018_B,57.89,-4.98,7,57.89,-4.98,-2.21215581077622,9.64614955333737,7.43399374256115
BE2_11_B_YA,YA_2019_B,57.63,-5.35,6,57.63,-5.35,-1.39659504968025,8.6217992178102,7.22520416812995
BE4_20_B_YA,YA_2019_B,57.63,-5.35,7,57.63,-5.35,-0.896595049680245,9.1217992178102,8.22520416812996
BE5_27_B_YA,YA_2019_B,57.63,-5.35,18,57.63,-5.35,4.60340495031977,14.6217992178102,19.22520416813
BE7_12_B_YA,YA_2019_B,57.63,-5.35,6,57.63,-5.35,-1.39659504968025,8.6217992178102,7.22520416812995
BE8_4_B_YA,YA_2019_B,57.63,-5.35,7,57.63,-5.35,-0.896595049680245,9.1217992178102,8.22520416812996
GA10_20_B_YA,YA_2019_B,57.27,-4.92,7,57.27,-4.92,-0.842717146446993,9.17567712104347,8.33295997459647
GA3_18_B_YA,YA_2019_B,57.27,-4.92,9,57.27,-4.92,0.157282853553006,10.1756771210435,10.3329599745965
GA5_30_B_YA,YA_2019_B,57.27,-4.92,18,57.27,-4.92,4.65728285355302,14.6756771210434,19.3329599745965
GA6_25_B_YA,YA_2019_B,57.27,-4.92,7,57.27,-4.92,-0.842717146446993,9.17567712104347,8.33295997459647
GA7_10_B_YA,YA_2019_B,57.27,-4.92,9,57.27,-4.92,0.157282853553006,10.1756771210435,10.3329599745965
GL3_1_B_YA,YA_2019_B,56.91,-5.13,7,56.91,-5.13,-0.378353872783461,9.64004039470699,9.26168652192353
GL4_27_B_YA,YA_2019_B,56.91,-5.13,7,56.91,-5.13,-0.378353872783461,9.64004039470699,9.26168652192353
GL6_23_B_YA,YA_2019_B,56.91,-5.13,7,56.91,-5.13,-0.378353872783461,9.64004039470699,9.26168652192353
GL7_14_B_YA,YA_2019_B,56.91,-5.13,7,56.91,-5.13,-0.378353872783461,9.64004039470699,9.26168652192353
GL8_4_B_YA,YA_2019_B,56.91,-5.13,7,56.91,-5.13,-0.378353872783461,9.64004039470699,9.26168652192353
GT2_27_B_YA,YA_2019_B,57.05,-2.86,13,57.05,-2.86,2.09203599016272,12.1104302576531,14.2024662478159
GT5_18_B_YA,YA_2019_B,57.05,-2.86,7,57.05,-2.86,-0.907964009837295,9.11043025765315,8.20246624781586
GT9_18_B_YA,YA_2019_B,57.05,-2.86,6,57.05,-2.86,-1.4079640098373,8.61043025765315,7.20246624781586
RD10_11_B_YA,YA_2019_B,57.89,-4.98,18,57.89,-4.98,3.96244447481323,13.9808387423036,17.9432832171169
RD2_11_B_YA,YA_2019_B,57.89,-4.98,7,57.89,-4.98,-1.5375555251868,8.48083874230366,6.94328321711687
RD7_7_B_YA,YA_2019_B,57.89,-4.98,7,57.89,-4.98,-1.5375555251868,8.48083874230366,6.94328321711687
RD8_11_B_YA,YA_2019_B,57.89,-4.98,7,57.89,-4.98,-1.5375555251868,8.48083874230366,6.94328321711687
RD9_4_B_YA,YA_2019_B,57.89,-4.98,9,57.89,-4.98,-0.537555525186793,9.48083874230366,8.94328321711687
BE5_1_A_YA,YA_2015_A,57.63,-5.35,7,57.63,-5.35,-1.74771584027295,5.4383856275311,3.69066978725815
BE9_30_A_YA,YA_2015_A,57.63,-5.35,14,57.63,-5.35,1.752284159727,8.93838562753115,10.6906697872582
GA1_23_A_YA,YA_2015_A,57.27,-4.92,7,57.27,-4.92,-0.853023893419802,6.33307757438428,5.48005368096448
GA3_15_A_YA,YA_2015_A,57.27,-4.92,7,57.27,-4.92,-0.853023893419802,6.33307757438428,5.48005368096448
GA5_19_A_YA,YA_2015_A,57.27,-4.92,7,57.27,-4.92,-0.853023893419802,6.33307757438428,5.48005368096448
GA7_20_A_YA,YA_2015_A,57.27,-4.92,13,57.27,-4.92,2.14697610658015,9.33307757438432,11.4800536809645
GA8_20_A_YA,YA_2015_A,57.27,-4.92,13,57.27,-4.92,2.14697610658015,9.33307757438432,11.4800536809645
GA9_11_A_YA,YA_2015_A,57.27,-4.92,7,57.27,-4.92,-0.853023893419802,6.33307757438428,5.48005368096448
GL1_11_A_YA,YA_2015_A,56.91,-5.13,7,56.91,-5.13,-0.584604335607833,6.60149713219626,6.01689279658842
GL2_12_A_YA,YA_2015_A,56.91,-5.13,13,56.91,-5.13,2.41539566439213,9.6014971321963,12.0168927965884
GL3_18_A_YA,YA_2015_A,56.91,-5.13,7,56.91,-5.13,-0.584604335607833,6.60149713219626,6.01689279658842
GL4_30_A_YA,YA_2015_A,56.91,-5.13,7,56.91,-5.13,-0.584604335607833,6.60149713219626,6.01689279658842
GL6_27_A_YA,YA_2015_A,56.91,-5.13,7,56.91,-5.13,-0.584604335607833,6.60149713219626,6.01689279658842
GL7_12_A_YA,YA_2015_A,56.91,-5.13,7,56.91,-5.13,-0.584604335607833,6.60149713219626,6.01689279658842
GT1_11_A_YA,YA_2015_A,57.05,-2.86,7,57.05,-2.86,-1.01001297344459,6.1760884943595,5.16607552091491
GT5_20_A_YA,YA_2015_A,57.05,-2.86,7,57.05,-2.86,-1.01001297344459,6.1760884943595,5.16607552091491
GT6_27_A_YA,YA_2015_A,57.05,-2.86,13,57.05,-2.86,1.98998702655538,9.17608849435954,11.1660755209149
GT7_11_A_YA,YA_2015_A,57.05,-2.86,13,57.05,-2.86,1.98998702655538,9.17608849435954,11.1660755209149
GT8_1_A_YA,YA_2015_A,57.05,-2.86,7,57.05,-2.86,-1.01001297344459,6.1760884943595,5.16607552091491
GT9_4_A_YA,YA_2015_A,57.05,-2.86,7,57.05,-2.86,-1.01001297344459,6.1760884943595,5.16607552091491
RD1_2_A_YA,YA_2015_A,57.89,-4.98,7,57.89,-4.98,-1.26374422092371,5.92235724688036,4.65861302595665
RD10_30_A_YA,YA_2015_A,57.89,-4.98,13,57.89,-4.98,1.73625577907625,8.92235724688041,10.6586130259567
RD2_20_A_YA,YA_2015_A,57.89,-4.98,13,57.89,-4.98,1.73625577907625,8.92235724688041,10.6586130259567
RD3_23_A_YA,YA_2015_A,57.89,-4.98,7,57.89,-4.98,-1.26374422092371,5.92235724688036,4.65861302595665
RD5_18_A_YA,YA_2015_A,57.89,-4.98,7,57.89,-4.98,-1.26374422092371,5.92235724688036,4.65861302595665
BE5_1_A_YA,YA_2016_A,57.63,-5.35,5,57.63,-5.35,-0.499952375416884,8.54985714847122,8.04990477305434
BE9_30_A_YA,YA_2016_A,57.63,-5.35,7,57.63,-5.35,0.500047624583113,9.54985714847123,10.0499047730543
GA1_23_A_YA,YA_2016_A,57.27,-4.92,7,57.27,-4.92,0.25306444234399,9.3028739662321,9.55593840857609
GA3_15_A_YA,YA_2016_A,57.27,-4.92,12,57.27,-4.92,2.75306444234399,11.8028739662321,14.5559384085761
GA5_19_A_YA,YA_2016_A,57.27,-4.92,5,57.27,-4.92,-0.746935557656006,8.3028739662321,7.55593840857609
GA7_20_A_YA,YA_2016_A,57.27,-4.92,5,57.27,-4.92,-0.746935557656006,8.3028739662321,7.55593840857609
GA8_20_A_YA,YA_2016_A,57.27,-4.92,5,57.27,-4.92,-0.746935557656006,8.3028739662321,7.55593840857609
GA9_11_A_YA,YA_2016_A,57.27,-4.92,5,57.27,-4.92,-0.746935557656006,8.3028739662321,7.55593840857609
GL1_11_A_YA,YA_2016_A,56.91,-5.13,5,56.91,-5.13,-0.168430661608178,8.88137886227993,8.71294820067175
GL2_12_A_YA,YA_2016_A,56.91,-5.13,5,56.91,-5.13,-0.168430661608178,8.88137886227993,8.71294820067175
GL3_18_A_YA,YA_2016_A,56.91,-5.13,5,56.91,-5.13,-0.168430661608178,8.88137886227993,8.71294820067175
GL4_30_A_YA,YA_2016_A,56.91,-5.13,5,56.91,-5.13,-0.168430661608178,8.88137886227993,8.71294820067175
GL6_27_A_YA,YA_2016_A,56.91,-5.13,5,56.91,-5.13,-0.168430661608178,8.88137886227993,8.71294820067175
GL7_12_A_YA,YA_2016_A,56.91,-5.13,7,56.91,-5.13,0.831569338391819,9.88137886227994,10.7129482006718
GT1_11_A_YA,YA_2016_A,57.05,-2.86,12,57.05,-2.86,2.416457896816,11.4662674207041,13.8827253175201
GT5_20_A_YA,YA_2016_A,57.05,-2.86,5,57.05,-2.86,-1.08354210318399,7.96626742070411,6.88272531752012
GT6_27_A_YA,YA_2016_A,57.05,-2.86,7,57.05,-2.86,-0.0835421031839951,8.96626742070412,8.88272531752012
GT7_11_A_YA,YA_2016_A,57.05,-2.86,5,57.05,-2.86,-1.08354210318399,7.96626742070411,6.88272531752012
GT8_1_A_YA,YA_2016_A,57.05,-2.86,12,57.05,-2.86,2.416457896816,11.4662674207041,13.8827253175201
GT9_4_A_YA,YA_2016_A,57.05,-2.86,2,57.05,-2.86,-2.58354210318399,6.46626742070411,3.88272531752012
RD1_2_A_YA,YA_2016_A,57.89,-4.98,12,57.89,-4.98,1.89867093710448,10.9484804609926,12.8471513980971
RD10_30_A_YA,YA_2016_A,57.89,-4.98,7,57.89,-4.98,-0.601329062895514,8.44848046099259,7.84715139809708
RD2_20_A_YA,YA_2016_A,57.89,-4.98,12,57.89,-4.98,1.89867093710448,10.9484804609926,12.8471513980971
RD3_23_A_YA,YA_2016_A,57.89,-4.98,5,57.89,-4.98,-1.60132906289551,7.44848046099259,5.84715139809708
RD5_18_A_YA,YA_2016_A,57.89,-4.98,5,57.89,-4.98,-1.60132906289551,7.44848046099259,5.84715139809708
BE5_1_A_YA,YA_2017_A,57.63,-5.35,6,57.63,-5.35,0.00288955407661629,5.75412484344455,5.75701439752116
BE9_30_A_YA,YA_2017_A,57.63,-5.35,6,57.63,-5.35,0.00288955407661629,5.75412484344455,5.75701439752116
GA1_23_A_YA,YA_2017_A,57.27,-4.92,6,57.27,-4.92,0.185930696056665,5.93716598542462,6.12309668148128
GA3_15_A_YA,YA_2017_A,57.27,-4.92,6,57.27,-4.92,0.185930696056665,5.93716598542462,6.12309668148128
GA5_19_A_YA,YA_2017_A,57.27,-4.92,6,57.27,-4.92,0.185930696056665,5.93716598542462,6.12309668148128
GA7_20_A_YA,YA_2017_A,57.27,-4.92,6,57.27,-4.92,0.185930696056665,5.93716598542462,6.12309668148128
GA8_20_A_YA,YA_2017_A,57.27,-4.92,6,57.27,-4.92,0.185930696056665,5.93716598542462,6.12309668148128
GA9_11_A_YA,YA_2017_A,57.27,-4.92,6,57.27,-4.92,0.185930696056665,5.93716598542462,6.12309668148128
GL1_11_A_YA,YA_2017_A,56.91,-5.13,6,56.91,-5.13,0.392972106997726,6.14420739636571,6.53717950336344
GL2_12_A_YA,YA_2017_A,56.91,-5.13,6,56.91,-5.13,0.392972106997726,6.14420739636571,6.53717950336344
GL3_18_A_YA,YA_2017_A,56.91,-5.13,0,56.91,-5.13,-2.60702789300209,3.14420739636553,0.537179503363439
GL4_30_A_YA,YA_2017_A,56.91,-5.13,6,56.91,-5.13,0.392972106997726,6.14420739636571,6.53717950336344
GL6_27_A_YA,YA_2017_A,56.91,-5.13,6,56.91,-5.13,0.392972106997726,6.14420739636571,6.53717950336344
GL7_12_A_YA,YA_2017_A,56.91,-5.13,6,56.91,-5.13,0.392972106997726,6.14420739636571,6.53717950336344
GT1_11_A_YA,YA_2017_A,57.05,-2.86,6,57.05,-2.86,-0.0126668148007143,5.73856847456721,5.7259016597665
GT5_20_A_YA,YA_2017_A,57.05,-2.86,6,57.05,-2.86,-0.0126668148007143,5.73856847456721,5.7259016597665
GT6_27_A_YA,YA_2017_A,57.05,-2.86,6,57.05,-2.86,-0.0126668148007143,5.73856847456721,5.7259016597665
GT7_11_A_YA,YA_2017_A,57.05,-2.86,6,57.05,-2.86,-0.0126668148007143,5.73856847456721,5.7259016597665
GT8_1_A_YA,YA_2017_A,57.05,-2.86,6,57.05,-2.86,-0.0126668148007143,5.73856847456721,5.7259016597665
GT9_4_A_YA,YA_2017_A,57.05,-2.86,6,57.05,-2.86,-0.0126668148007143,5.73856847456721,5.7259016597665
RD1_2_A_YA,YA_2017_A,57.89,-4.98,6,57.89,-4.98,-0.0806390075347006,5.67059628183323,5.58995727429853
RD10_30_A_YA,YA_2017_A,57.89,-4.98,6,57.89,-4.98,-0.0806390075347006,5.67059628183323,5.58995727429853
RD2_20_A_YA,YA_2017_A,57.89,-4.98,6,57.89,-4.98,-0.0806390075347006,5.67059628183323,5.58995727429853
RD3_23_A_YA,YA_2017_A,57.89,-4.98,6,57.89,-4.98,-0.0806390075347006,5.67059628183323,5.58995727429853
RD5_18_A_YA,YA_2017_A,57.89,-4.98,6,57.89,-4.98,-0.0806390075347006,5.67059628183323,5.58995727429853
BE5_1_A_YA,YA_2018_A,57.63,-5.35,14,57.63,-5.35,0.00406138968097025,10.1263335559668,10.1303949456478
BE9_30_A_YA,YA_2018_A,57.63,-5.35,14,57.63,-5.35,0.00406138968097025,10.1263335559668,10.1303949456478
GA1_23_A_YA,YA_2018_A,57.27,-4.92,14,57.27,-4.92,0.511333406595412,10.6336055728813,11.1449389794767
GA3_15_A_YA,YA_2018_A,57.27,-4.92,14,57.27,-4.92,0.511333406595412,10.6336055728813,11.1449389794767
GA5_19_A_YA,YA_2018_A,57.27,-4.92,14,57.27,-4.92,0.511333406595412,10.6336055728813,11.1449389794767
GA7_20_A_YA,YA_2018_A,57.27,-4.92,14,57.27,-4.92,0.511333406595412,10.6336055728813,11.1449389794767
GA8_20_A_YA,YA_2018_A,57.27,-4.92,14,57.27,-4.92,0.511333406595412,10.6336055728813,11.1449389794767
GA9_11_A_YA,YA_2018_A,57.27,-4.92,11,57.27,-4.92,-0.98866659340456,9.13360557288125,8.1449389794767
GL1_11_A_YA,YA_2018_A,56.91,-5.13,11,56.91,-5.13,-0.567098867869497,9.55517329841633,8.98807443054684
GL2_12_A_YA,YA_2018_A,56.91,-5.13,14,56.91,-5.13,0.932901132130473,11.0551732984164,11.9880744305468
GL3_18_A_YA,YA_2018_A,56.91,-5.13,11,56.91,-5.13,-0.567098867869497,9.55517329841633,8.98807443054684
GL4_30_A_YA,YA_2018_A,56.91,-5.13,14,56.91,-5.13,0.932901132130473,11.0551732984164,11.9880744305468
GL6_27_A_YA,YA_2018_A,56.91,-5.13,7,56.91,-5.13,-2.56709886786946,7.55517329841629,4.98807443054683
GL7_12_A_YA,YA_2018_A,56.91,-5.13,14,56.91,-5.13,0.932901132130473,11.0551732984164,11.9880744305468
GT1_11_A_YA,YA_2018_A,57.05,-2.86,14,57.05,-2.86,0.732196259505681,10.8544684257916,11.5866646852973
GT5_20_A_YA,YA_2018_A,57.05,-2.86,14,57.05,-2.86,0.732196259505681,10.8544684257916,11.5866646852973
GT6_27_A_YA,YA_2018_A,57.05,-2.86,14,57.05,-2.86,0.732196259505681,10.8544684257916,11.5866646852973
GT7_11_A_YA,YA_2018_A,57.05,-2.86,11,57.05,-2.86,-0.767803740494291,9.35446842579154,8.58666468529725
GT8_1_A_YA,YA_2018_A,57.05,-2.86,11,57.05,-2.86,-0.767803740494291,9.35446842579154,8.58666468529725
GT9_4_A_YA,YA_2018_A,57.05,-2.86,11,57.05,-2.86,-0.767803740494291,9.35446842579154,8.58666468529725
RD1_2_A_YA,YA_2018_A,57.89,-4.98,7,57.89,-4.98,-2.21334151374943,7.90893065253634,5.69558913878691
RD10_30_A_YA,YA_2018_A,57.89,-4.98,14,57.89,-4.98,1.2866584862505,11.4089306525364,12.6955891387869
RD2_20_A_YA,YA_2018_A,57.89,-4.98,14,57.89,-4.98,1.2866584862505,11.4089306525364,12.6955891387869
RD3_23_A_YA,YA_2018_A,57.89,-4.98,14,57.89,-4.98,1.2866584862505,11.4089306525364,12.6955891387869
RD5_18_A_YA,YA_2018_A,57.89,-4.98,7,57.89,-4.98,-2.21334151374943,7.90893065253634,5.69558913878691
BE5_1_A_YA,YA_2019_A,57.63,-5.35,7,57.63,-5.35,0.242285732838558,11.3378700639458,11.5801557967844
BE9_30_A_YA,YA_2019_A,57.63,-5.35,6,57.63,-5.35,-0.257714267161412,10.8378700639458,10.5801557967844
GA1_23_A_YA,YA_2019_A,57.27,-4.92,6,57.27,-4.92,-0.82971409829955,10.2658702328076,9.43615613450802
GA3_15_A_YA,YA_2019_A,57.27,-4.92,7,57.27,-4.92,-0.32971409829958,10.7658702328076,10.436156134508
GA5_19_A_YA,YA_2019_A,57.27,-4.92,7,57.27,-4.92,-0.32971409829958,10.7658702328076,10.436156134508
GA7_20_A_YA,YA_2019_A,57.27,-4.92,7,57.27,-4.92,-0.32971409829958,10.7658702328076,10.436156134508
GA8_20_A_YA,YA_2019_A,57.27,-4.92,6,57.27,-4.92,-0.82971409829955,10.2658702328076,9.43615613450802
GA9_11_A_YA,YA_2019_A,57.27,-4.92,7,57.27,-4.92,-0.32971409829958,10.7658702328076,10.436156134508
GL1_11_A_YA,YA_2019_A,56.91,-5.13,7,56.91,-5.13,0.285733278732007,11.3813176098393,11.6670508885713
GL2_12_A_YA,YA_2019_A,56.91,-5.13,6,56.91,-5.13,-0.214266721267964,10.8813176098392,10.6670508885713
GL3_18_A_YA,YA_2019_A,56.91,-5.13,7,56.91,-5.13,0.285733278732007,11.3813176098393,11.6670508885713
GL4_30_A_YA,YA_2019_A,56.91,-5.13,7,56.91,-5.13,0.285733278732007,11.3813176098393,11.6670508885713
GL6_27_A_YA,YA_2019_A,56.91,-5.13,6,56.91,-5.13,-0.214266721267964,10.8813176098392,10.6670508885713
GL7_12_A_YA,YA_2019_A,56.91,-5.13,9,56.91,-5.13,1.28573327873195,12.3813176098393,13.6670508885713
GT1_11_A_YA,YA_2019_A,57.05,-2.86,18,57.05,-2.86,3.36715003683566,14.4627343679433,17.8298844047789
GT5_20_A_YA,YA_2019_A,57.05,-2.86,7,57.05,-2.86,-2.13284996316402,8.96273436794295,6.82988440477893
GT6_27_A_YA,YA_2019_A,57.05,-2.86,9,57.05,-2.86,-1.13284996316408,9.96273436794301,8.82988440477893
GT7_11_A_YA,YA_2019_A,57.05,-2.86,9,57.05,-2.86,-1.13284996316408,9.96273436794301,8.82988440477893
GT8_1_A_YA,YA_2019_A,57.05,-2.86,18,57.05,-2.86,3.36715003683566,14.4627343679433,17.8298844047789
GT9_4_A_YA,YA_2019_A,57.05,-2.86,7,57.05,-2.86,-2.13284996316402,8.96273436794295,6.82988440477893
RD1_2_A_YA,YA_2019_A,57.89,-4.98,7,57.89,-4.98,-0.98471735385721,10.1108669772499,9.12614962339269
RD10_30_A_YA,YA_2019_A,57.89,-4.98,9,57.89,-4.98,0.0152826461427189,11.11086697725,11.1261496233927
RD2_20_A_YA,YA_2019_A,57.89,-4.98,18,57.89,-4.98,4.51528264614246,15.6108669772502,20.1261496233927
RD3_23_A_YA,YA_2019_A,57.89,-4.98,6,57.89,-4.98,-1.48471735385718,9.61086697724987,8.12614962339269
RD5_18_A_YA,YA_2019_A,57.89,-4.98,7,57.89,-4.98,-0.98471735385721,10.1108669772499,9.12614962339269
BE2_30_D_YA,YA_2015_D,57.63,-5.35,14,57.63,-5.35,-0.197243793839657,5.98258428409113,5.78534049025147
BE3_27_D_YA,YA_2015_D,57.63,-5.35,7,57.63,-5.35,-3.69724379383969,2.48258428409117,-1.21465950974853
BE4_27_D_YA,YA_2015_D,57.63,-5.35,17,57.63,-5.35,1.30275620616036,7.48258428409111,8.78534049025147
BE7_20_D_YA,YA_2015_D,57.63,-5.35,17,57.63,-5.35,1.30275620616036,7.48258428409111,8.78534049025147
BE9_12_D_YA,YA_2015_D,57.63,-5.35,17,57.63,-5.35,1.30275620616036,7.48258428409111,8.78534049025147
GA1_12_D_YA,YA_2015_D,57.27,-4.92,17,57.27,-4.92,3.16506368669395,9.34489176462468,12.5099554513186
GA10_1_D_YA,YA_2015_D,57.27,-4.92,7,57.27,-4.92,-1.8349363133061,4.34489176462473,2.50995545131863
GA8_23_D_YA,YA_2015_D,57.27,-4.92,17,57.27,-4.92,3.16506368669395,9.34489176462468,12.5099554513186
GA9_1_D_YA,YA_2015_D,57.27,-4.92,7,57.27,-4.92,-1.8349363133061,4.34489176462473,2.50995545131863
GL1_20_D_YA,YA_2015_D,56.91,-5.13,7,56.91,-5.13,-1.63283277914267,4.54699529878812,2.91416251964545
GL2_27_D_YA,YA_2015_D,56.91,-5.13,7,56.91,-5.13,-1.63283277914267,4.54699529878812,2.91416251964545
GL6_18_D_YA,YA_2015_D,56.91,-5.13,7,56.91,-5.13,-1.63283277914267,4.54699529878812,2.91416251964545
GL8_30_D_YA,YA_2015_D,56.91,-5.13,17,56.91,-5.13,3.36716722085739,9.54699529878807,12.9141625196455
GT1_23_D_YA,YA_2015_D,57.05,-2.86,17,57.05,-2.86,1.63646100857731,7.81628908650805,9.45275009508536
GT2_23_D_YA,YA_2015_D,57.05,-2.86,17,57.05,-2.86,1.63646100857731,7.81628908650805,9.45275009508536
GT5_1_D_YA,YA_2015_D,57.05,-2.86,7,57.05,-2.86,-3.36353899142274,2.8162890865081,-0.547249904914644
GT6_4_D_YA,YA_2015_D,57.05,-2.86,17,57.05,-2.86,1.63646100857731,7.81628908650805,9.45275009508536
GT8_11_D_YA,YA_2015_D,57.05,-2.86,7,57.05,-2.86,-3.36353899142274,2.8162890865081,-0.547249904914644
GT9_30_D_YA,YA_2015_D,57.05,-2.86,17,57.05,-2.86,1.63646100857731,7.81628908650805,9.45275009508536
RD1_12_D_YA,YA_2015_D,57.89,-4.98,17,57.89,-4.98,3.10770585750557,9.28753393543628,12.3952397929418
RD3_19_D_YA,YA_2015_D,57.89,-4.98,7,57.89,-4.98,-1.89229414249448,4.28753393543633,2.39523979294185
RD5_17_D_YA,YA_2015_D,57.89,-4.98,7,57.89,-4.98,-1.89229414249448,4.28753393543633,2.39523979294185
RD7_14_D_YA,YA_2015_D,57.89,-4.98,7,57.89,-4.98,-1.89229414249448,4.28753393543633,2.39523979294185
RD9_30_D_YA,YA_2015_D,57.89,-4.98,14,57.89,-4.98,1.60770585750555,7.78753393543629,9.39523979294185
BE2_30_D_YA,YA_2016_D,57.63,-5.35,7,57.63,-5.35,0.400804247193721,7.03887194844647,7.43967619564019
BE3_27_D_YA,YA_2016_D,57.63,-5.35,5,57.63,-5.35,-0.599195752806276,6.03887194844647,5.43967619564019
BE4_27_D_YA,YA_2016_D,57.63,-5.35,5,57.63,-5.35,-0.599195752806276,6.03887194844647,5.43967619564019
BE7_20_D_YA,YA_2016_D,57.63,-5.35,7,57.63,-5.35,0.400804247193721,7.03887194844647,7.43967619564019
BE9_12_D_YA,YA_2016_D,57.63,-5.35,7,57.63,-5.35,0.400804247193721,7.03887194844647,7.43967619564019
GA1_12_D_YA,YA_2016_D,57.27,-4.92,7,57.27,-4.92,0.0690622626192443,6.707129963872,6.77619222649124
GA10_1_D_YA,YA_2016_D,57.27,-4.92,5,57.27,-4.92,-0.930937737380752,5.70712996387199,4.77619222649124
GA8_23_D_YA,YA_2016_D,57.27,-4.92,12,57.27,-4.92,2.56906226261925,9.207129963872,11.7761922264913
GA9_1_D_YA,YA_2016_D,57.27,-4.92,5,57.27,-4.92,-0.930937737380752,5.70712996387199,4.77619222649124
GL1_20_D_YA,YA_2016_D,56.91,-5.13,0,56.91,-5.13,-2.23670869318463,4.4013590080681,2.16465031488347
GL2_27_D_YA,YA_2016_D,56.91,-5.13,7,56.91,-5.13,1.26329130681536,7.90135900806811,9.16465031488347
GL6_18_D_YA,YA_2016_D,56.91,-5.13,5,56.91,-5.13,0.263291306815361,6.90135900806811,7.16465031488347
GL8_30_D_YA,YA_2016_D,56.91,-5.13,5,56.91,-5.13,0.263291306815361,6.90135900806811,7.16465031488347
GT1_23_D_YA,YA_2016_D,57.05,-2.86,7,57.05,-2.86,0.32451947314242,6.96258717439516,7.28710664753758
GT2_23_D_YA,YA_2016_D,57.05,-2.86,7,57.05,-2.86,0.32451947314242,6.96258717439516,7.28710664753758
GT5_1_D_YA,YA_2016_D,57.05,-2.86,5,57.05,-2.86,-0.675480526857577,5.96258717439516,5.28710664753758
GT6_4_D_YA,YA_2016_D,57.05,-2.86,7,57.05,-2.86,0.32451947314242,6.96258717439516,7.28710664753758
GT8_11_D_YA,YA_2016_D,57.05,-2.86,7,57.05,-2.86,0.32451947314242,6.96258717439516,7.28710664753758
GT9_30_D_YA,YA_2016_D,57.05,-2.86,5,57.05,-2.86,-0.675480526857577,5.96258717439516,5.28710664753758
RD1_12_D_YA,YA_2016_D,57.89,-4.98,5,57.89,-4.98,-0.256110470512285,6.38195723074047,6.12584676022818
RD3_19_D_YA,YA_2016_D,57.89,-4.98,5,57.89,-4.98,-0.256110470512285,6.38195723074047,6.12584676022818
RD5_17_D_YA,YA_2016_D,57.89,-4.98,5,57.89,-4.98,-0.256110470512285,6.38195723074047,6.12584676022818
RD7_14_D_YA,YA_2016_D,57.89,-4.98,5,57.89,-4.98,-0.256110470512285,6.38195723074047,6.12584676022818
RD9_30_D_YA,YA_2016_D,57.89,-4.98,7,57.89,-4.98,0.743889529487712,7.38195723074047,8.12584676022818
BE2_30_D_YA,YA_2017_D,57.63,-5.35,6,57.63,-5.35,0.00030033412870889,6.34493070489913,6.34523103902784
BE3_27_D_YA,YA_2017_D,57.63,-5.35,6,57.63,-5.35,0.00030033412870889,6.34493070489913,6.34523103902784
BE4_27_D_YA,YA_2017_D,57.63,-5.35,6,57.63,-5.35,0.00030033412870889,6.34493070489913,6.34523103902784
BE7_20_D_YA,YA_2017_D,57.63,-5.35,6,57.63,-5.35,0.00030033412870889,6.34493070489913,6.34523103902784
BE9_12_D_YA,YA_2017_D,57.63,-5.35,6,57.63,-5.35,0.00030033412870889,6.34493070489913,6.34523103902784
GA1_12_D_YA,YA_2017_D,57.27,-4.92,6,57.27,-4.92,0.0724696601469033,6.41710003091733,6.48956969106423
GA10_1_D_YA,YA_2017_D,57.27,-4.92,6,57.27,-4.92,0.0724696601469033,6.41710003091733,6.48956969106423
GA8_23_D_YA,YA_2017_D,57.27,-4.92,6,57.27,-4.92,0.0724696601469033,6.41710003091733,6.48956969106423
GA9_1_D_YA,YA_2017_D,57.27,-4.92,6,57.27,-4.92,0.0724696601469033,6.41710003091733,6.48956969106423
GL1_20_D_YA,YA_2017_D,56.91,-5.13,0,56.91,-5.13,-0.791715946838725,5.5529144239317,4.76119847709298
GL2_27_D_YA,YA_2017_D,56.91,-5.13,6,56.91,-5.13,2.20828405316128,8.55291442393169,10.761198477093
GL6_18_D_YA,YA_2017_D,56.91,-5.13,0,56.91,-5.13,-0.791715946838725,5.5529144239317,4.76119847709298
GL8_30_D_YA,YA_2017_D,56.91,-5.13,0,56.91,-5.13,-0.791715946838725,5.5529144239317,4.76119847709298
GT1_23_D_YA,YA_2017_D,57.05,-2.86,6,57.05,-2.86,-0.00329140474867273,6.34133896602175,6.33804756127308
GT2_23_D_YA,YA_2017_D,57.05,-2.86,6,57.05,-2.86,-0.00329140474867273,6.34133896602175,6.33804756127308
GT5_1_D_YA,YA_2017_D,57.05,-2.86,6,57.05,-2.86,-0.00329140474867273,6.34133896602175,6.33804756127308
GT6_4_D_YA,YA_2017_D,57.05,-2.86,6,57.05,-2.86,-0.00329140474867273,6.34133896602175,6.33804756127308
GT8_11_D_YA,YA_2017_D,57.05,-2.86,6,57.05,-2.86,-0.00329140474867273,6.34133896602175,6.33804756127308
GT9_30_D_YA,YA_2017_D,57.05,-2.86,6,57.05,-2.86,-0.00329140474867273,6.34133896602175,6.33804756127308
RD1_12_D_YA,YA_2017_D,57.89,-4.98,6,57.89,-4.98,-0.0261920238513689,6.31843834691905,6.29224632306768
RD3_19_D_YA,YA_2017_D,57.89,-4.98,6,57.89,-4.98,-0.0261920238513689,6.31843834691905,6.29224632306768
RD5_17_D_YA,YA_2017_D,57.89,-4.98,6,57.89,-4.98,-0.0261920238513689,6.31843834691905,6.29224632306768
RD7_14_D_YA,YA_2017_D,57.89,-4.98,6,57.89,-4.98,-0.0261920238513689,6.31843834691905,6.29224632306768
BE2_30_D_YA,YA_2018_D,57.63,-5.35,14,57.63,-5.35,0.00182835854940677,10.6565530518004,10.6583814103498
BE3_27_D_YA,YA_2018_D,57.63,-5.35,14,57.63,-5.35,0.00182835854940677,10.6565530518004,10.6583814103498
BE4_27_D_YA,YA_2018_D,57.63,-5.35,14,57.63,-5.35,0.00182835854940677,10.6565530518004,10.6583814103498
BE7_20_D_YA,YA_2018_D,57.63,-5.35,14,57.63,-5.35,0.00182835854940677,10.6565530518004,10.6583814103498
BE9_12_D_YA,YA_2018_D,57.63,-5.35,14,57.63,-5.35,0.00182835854940677,10.6565530518004,10.6583814103498
GA1_12_D_YA,YA_2018_D,57.27,-4.92,14,57.27,-4.92,0.441177040775008,11.095901734026,11.537078774801
GA10_1_D_YA,YA_2018_D,57.27,-4.92,14,57.27,-4.92,0.441177040775008,11.095901734026,11.537078774801
GA8_23_D_YA,YA_2018_D,57.27,-4.92,14,57.27,-4.92,0.441177040775008,11.095901734026,11.537078774801
GA9_1_D_YA,YA_2018_D,57.27,-4.92,14,57.27,-4.92,0.441177040775008,11.095901734026,11.537078774801
GL1_20_D_YA,YA_2018_D,56.91,-5.13,7,56.91,-5.13,-2.00395617892397,8.65076851432702,6.64681233540305
GL2_27_D_YA,YA_2018_D,56.91,-5.13,14,56.91,-5.13,1.49604382107607,12.150768514327,13.6468123354031
GL6_18_D_YA,YA_2018_D,56.91,-5.13,7,56.91,-5.13,-2.00395617892397,8.65076851432702,6.64681233540305
GL8_30_D_YA,YA_2018_D,56.91,-5.13,14,56.91,-5.13,1.49604382107607,12.150768514327,13.6468123354031
GT1_23_D_YA,YA_2018_D,57.05,-2.86,14,57.05,-2.86,-0.0200372432251079,10.6346874500259,10.6146502068007
GT2_23_D_YA,YA_2018_D,57.05,-2.86,14,57.05,-2.86,-0.0200372432251079,10.6346874500259,10.6146502068007
GT5_1_D_YA,YA_2018_D,57.05,-2.86,14,57.05,-2.86,-0.0200372432251079,10.6346874500259,10.6146502068007
GT6_4_D_YA,YA_2018_D,57.05,-2.86,14,57.05,-2.86,-0.0200372432251079,10.6346874500259,10.6146502068007
GT8_11_D_YA,YA_2018_D,57.05,-2.86,14,57.05,-2.86,-0.0200372432251079,10.6346874500259,10.6146502068007
GT9_30_D_YA,YA_2018_D,57.05,-2.86,14,57.05,-2.86,-0.0200372432251079,10.6346874500259,10.6146502068007
RD1_12_D_YA,YA_2018_D,57.89,-4.98,7,57.89,-4.98,-2.22756035616074,8.42716433709028,6.19960398092953
RD3_19_D_YA,YA_2018_D,57.89,-4.98,14,57.89,-4.98,1.27243964383929,11.9271643370902,13.1996039809295
RD5_17_D_YA,YA_2018_D,57.89,-4.98,7,57.89,-4.98,-2.22756035616074,8.42716433709028,6.19960398092953
RD7_14_D_YA,YA_2018_D,57.89,-4.98,7,57.89,-4.98,-2.22756035616074,8.42716433709028,6.19960398092953
RD9_30_D_YA,YA_2018_D,57.89,-4.98,21,57.89,-4.98,4.77243964383932,15.4271643370902,20.1996039809295
BE2_30_D_YA,YA_2019_D,57.63,-5.35,9,57.63,-5.35,-0.297755464424418,10.8909639382791,10.5932084738547
BE3_27_D_YA,YA_2019_D,57.63,-5.35,7,57.63,-5.35,-1.29775546442442,9.89096393827909,8.59320847385467
BE4_27_D_YA,YA_2019_D,57.63,-5.35,7,57.63,-5.35,-1.29775546442442,9.89096393827909,8.59320847385467
BE7_20_D_YA,YA_2019_D,57.63,-5.35,7,57.63,-5.35,-1.29775546442442,9.89096393827909,8.59320847385467
BE9_12_D_YA,YA_2019_D,57.63,-5.35,18,57.63,-5.35,4.20224453557558,15.3909639382791,19.5932084738547
GA1_12_D_YA,YA_2019_D,57.27,-4.92,9,57.27,-4.92,-0.083400780642771,11.1053186220607,11.021917841418
GA10_1_D_YA,YA_2019_D,57.27,-4.92,7,57.27,-4.92,-1.08340078064277,10.1053186220607,9.02191784141798
GA8_23_D_YA,YA_2019_D,57.27,-4.92,18,57.27,-4.92,4.41659921935723,15.6053186220607,20.021917841418
GA9_1_D_YA,YA_2019_D,57.27,-4.92,7,57.27,-4.92,-1.08340078064277,10.1053186220607,9.02191784141798
GL1_20_D_YA,YA_2019_D,56.91,-5.13,7,56.91,-5.13,-0.311762525117963,10.8769568775856,10.5651943524676
GL2_27_D_YA,YA_2019_D,56.91,-5.13,7,56.91,-5.13,-0.311762525117963,10.8769568775856,10.5651943524676
GL6_18_D_YA,YA_2019_D,56.91,-5.13,7,56.91,-5.13,-0.311762525117963,10.8769568775856,10.5651943524676
GL8_30_D_YA,YA_2019_D,56.91,-5.13,7,56.91,-5.13,-0.311762525117963,10.8769568775856,10.5651943524676
GT1_23_D_YA,YA_2019_D,57.05,-2.86,7,57.05,-2.86,-0.857931520196708,10.3307878825068,9.4728563623101
GT2_23_D_YA,YA_2019_D,57.05,-2.86,7,57.05,-2.86,-0.857931520196708,10.3307878825068,9.4728563623101
GT5_1_D_YA,YA_2019_D,57.05,-2.86,9,57.05,-2.86,0.142068479803299,11.3307878825068,11.4728563623101
GT6_4_D_YA,YA_2019_D,57.05,-2.86,13,57.05,-2.86,2.1420684798033,13.3307878825068,15.4728563623101
GT8_11_D_YA,YA_2019_D,57.05,-2.86,9,57.05,-2.86,0.142068479803299,11.3307878825068,11.4728563623101
GT9_30_D_YA,YA_2019_D,57.05,-2.86,7,57.05,-2.86,-0.857931520196708,10.3307878825068,9.4728563623101
RD1_12_D_YA,YA_2019_D,57.89,-4.98,18,57.89,-4.98,3.14340393326891,14.3321233359724,17.4755272692413
RD3_19_D_YA,YA_2019_D,57.89,-4.98,7,57.89,-4.98,-2.35659606673109,8.83212333597242,6.47552726924132
RD5_17_D_YA,YA_2019_D,57.89,-4.98,7,57.89,-4.98,-2.35659606673109,8.83212333597242,6.47552726924132
RD7_14_D_YA,YA_2019_D,57.89,-4.98,7,57.89,-4.98,-2.35659606673109,8.83212333597242,6.47552726924132
RD9_30_D_YA,YA_2019_D,57.89,-4.98,18,57.89,-4.98,3.14340393326891,14.3321233359724,17.4755272692413
